din_instante,pld_horario
2021-10-17 00:00:00,172.99
2021-10-17 01:00:00,172.09
2021-10-17 02:00:00,172.11
2021-10-17 03:00:00,171.9
2021-10-17 04:00:00,171.8
2021-10-17 05:00:00,171.75
2021-10-17 06:00:00,170.71
2021-10-17 07:00:00,170.29
2021-10-17 08:00:00,170.71
2021-10-17 09:00:00,171.16
2021-10-17 10:00:00,171.92
2021-10-17 11:00:00,172.11
2021-10-17 12:00:00,172.1
2021-10-17 13:00:00,172.08
2021-10-17 14:00:00,172.07
2021-10-17 15:00:00,172.07
2021-10-17 16:00:00,172.59
2021-10-17 17:00:00,174.75
2021-10-17 18:00:00,179.13
2021-10-17 19:00:00,179.33
2021-10-17 20:00:00,178.24
2021-10-17 21:00:00,176.59
2021-10-17 22:00:00,175.46
2021-10-17 23:00:00,174.22
2021-10-18 00:00:00,171.74
2021-10-18 01:00:00,171.53
2021-10-18 02:00:00,170.51
2021-10-18 03:00:00,171.47
2021-10-18 04:00:00,171.91
2021-10-18 05:00:00,171.93
2021-10-18 06:00:00,171.91
2021-10-18 07:00:00,173.04
2021-10-18 08:00:00,177.49
2021-10-18 09:00:00,180.06
2021-10-18 10:00:00,180.98
2021-10-18 11:00:00,179.73
2021-10-18 12:00:00,178.8
2021-10-18 13:00:00,179.53
2021-10-18 14:00:00,181.1
2021-10-18 15:00:00,181.24
2021-10-18 16:00:00,180.98
2021-10-18 17:00:00,181.17
2021-10-18 18:00:00,182.22
2021-10-18 19:00:00,182.24
2021-10-18 20:00:00,182.03
2021-10-18 21:00:00,181.33
2021-10-18 22:00:00,180.03
2021-10-18 23:00:00,178.01
2021-10-19 00:00:00,174.55
2021-10-19 01:00:00,172.98
2021-10-19 02:00:00,173.07
2021-10-19 03:00:00,173.47
2021-10-19 04:00:00,171.87
2021-10-19 05:00:00,172.56
2021-10-19 06:00:00,173.47
2021-10-19 07:00:00,176.33
2021-10-19 08:00:00,179.7
2021-10-19 09:00:00,182.94
2021-10-19 10:00:00,182.11
2021-10-19 11:00:00,181.26
2021-10-19 12:00:00,180.19
2021-10-19 13:00:00,180.51
2021-10-19 14:00:00,182.25
2021-10-19 15:00:00,184.02
2021-10-19 16:00:00,184.06
2021-10-19 17:00:00,184.0
2021-10-19 18:00:00,184.94
2021-10-19 19:00:00,185.08
2021-10-19 20:00:00,184.07
2021-10-19 21:00:00,184.13
2021-10-19 22:00:00,182.22
2021-10-19 23:00:00,178.78
2021-10-20 00:00:00,175.62
2021-10-20 01:00:00,174.22
2021-10-20 02:00:00,172.92
2021-10-20 03:00:00,172.84
2021-10-20 04:00:00,172.64
2021-10-20 05:00:00,173.89
2021-10-20 06:00:00,174.14
2021-10-20 07:00:00,176.54
2021-10-20 08:00:00,179.74
2021-10-20 09:00:00,181.5
2021-10-20 10:00:00,181.31
2021-10-20 11:00:00,180.17
2021-10-20 12:00:00,179.58
2021-10-20 13:00:00,180.2
2021-10-20 14:00:00,181.22
2021-10-20 15:00:00,181.99
2021-10-20 16:00:00,183.79
2021-10-20 17:00:00,183.89
2021-10-20 18:00:00,185.05
2021-10-20 19:00:00,185.23
2021-10-20 20:00:00,184.31
2021-10-20 21:00:00,184.06
2021-10-20 22:00:00,180.65
2021-10-20 23:00:00,178.28
2021-10-21 00:00:00,175.57
2021-10-21 01:00:00,173.48
2021-10-21 02:00:00,172.57
2021-10-21 03:00:00,173.29
2021-10-21 04:00:00,173.37
2021-10-21 05:00:00,173.59
2021-10-21 06:00:00,174.66
2021-10-21 07:00:00,176.28
2021-10-21 08:00:00,180.68
2021-10-21 09:00:00,181.13
2021-10-21 10:00:00,181.4
2021-10-21 11:00:00,181.04
2021-10-21 12:00:00,180.97
2021-10-21 13:00:00,181.02
2021-10-21 14:00:00,181.66
2021-10-21 15:00:00,181.64
2021-10-21 16:00:00,181.54
2021-10-21 17:00:00,181.31
2021-10-21 18:00:00,185.1
2021-10-21 19:00:00,186.38
2021-10-21 20:00:00,184.36
2021-10-21 21:00:00,182.01
2021-10-21 22:00:00,180.93
2021-10-21 23:00:00,180.39
2021-10-22 00:00:00,177.27
2021-10-22 01:00:00,173.71
2021-10-22 02:00:00,171.32
2021-10-22 03:00:00,171.85
2021-10-22 04:00:00,171.44
2021-10-22 05:00:00,171.89
2021-10-22 06:00:00,172.77
2021-10-22 07:00:00,174.4
2021-10-22 08:00:00,177.28
2021-10-22 09:00:00,179.07
2021-10-22 10:00:00,178.77
2021-10-22 11:00:00,179.27
2021-10-22 12:00:00,177.04
2021-10-22 13:00:00,177.14
2021-10-22 14:00:00,178.89
2021-10-22 15:00:00,180.89
2021-10-22 16:00:00,180.51
2021-10-22 17:00:00,178.76
2021-10-22 18:00:00,181.26
2021-10-22 19:00:00,181.29
2021-10-22 20:00:00,180.61
2021-10-22 21:00:00,180.3
2021-10-22 22:00:00,175.37
2021-10-22 23:00:00,172.6
2021-10-23 00:00:00,163.58
2021-10-23 01:00:00,162.15
2021-10-23 02:00:00,161.15
2021-10-23 03:00:00,160.44
2021-10-23 04:00:00,160.4
2021-10-23 05:00:00,160.29
2021-10-23 06:00:00,160.35
2021-10-23 07:00:00,160.74
2021-10-23 08:00:00,161.34
2021-10-23 09:00:00,161.49
2021-10-23 10:00:00,161.42
2021-10-23 11:00:00,161.55
2021-10-23 12:00:00,161.41
2021-10-23 13:00:00,161.43
2021-10-23 14:00:00,161.37
2021-10-23 15:00:00,161.59
2021-10-23 16:00:00,161.88
2021-10-23 17:00:00,163.64
2021-10-23 18:00:00,167.3
2021-10-23 19:00:00,166.99
2021-10-23 20:00:00,165.59
2021-10-23 21:00:00,164.61
2021-10-23 22:00:00,162.33
2021-10-23 23:00:00,161.56
2021-10-24 00:00:00,162.38
2021-10-24 01:00:00,160.32
2021-10-24 02:00:00,160.46
2021-10-24 03:00:00,159.22
2021-10-24 04:00:00,159.2
2021-10-24 05:00:00,159.04
2021-10-24 06:00:00,156.49
2021-10-24 07:00:00,155.49
2021-10-24 08:00:00,156.59
2021-10-24 09:00:00,157.35
2021-10-24 10:00:00,158.83
2021-10-24 11:00:00,159.41
2021-10-24 12:00:00,159.47
2021-10-24 13:00:00,159.53
2021-10-24 14:00:00,159.59
2021-10-24 15:00:00,159.64
2021-10-24 16:00:00,160.12
2021-10-24 17:00:00,161.82
2021-10-24 18:00:00,164.18
2021-10-24 19:00:00,164.96
2021-10-24 20:00:00,163.93
2021-10-24 21:00:00,163.52
2021-10-24 22:00:00,162.31
2021-10-24 23:00:00,162.0
2021-10-25 00:00:00,160.22
2021-10-25 01:00:00,158.56
2021-10-25 02:00:00,157.72
2021-10-25 03:00:00,158.32
2021-10-25 04:00:00,157.08
2021-10-25 05:00:00,157.33
2021-10-25 06:00:00,158.92
2021-10-25 07:00:00,160.35
2021-10-25 08:00:00,162.68
2021-10-25 09:00:00,164.46
2021-10-25 10:00:00,164.88
2021-10-25 11:00:00,164.78
2021-10-25 12:00:00,164.11
2021-10-25 13:00:00,164.52
2021-10-25 14:00:00,165.13
2021-10-25 15:00:00,165.09
2021-10-25 16:00:00,165.27
2021-10-25 17:00:00,165.03
2021-10-25 18:00:00,166.85
2021-10-25 19:00:00,167.28
2021-10-25 20:00:00,165.7
2021-10-25 21:00:00,164.9
2021-10-25 22:00:00,163.99
2021-10-25 23:00:00,162.86
2021-10-26 00:00:00,156.2
2021-10-26 01:00:00,155.62
2021-10-26 02:00:00,155.53
2021-10-26 03:00:00,155.52
2021-10-26 04:00:00,155.5
2021-10-26 05:00:00,155.54
2021-10-26 06:00:00,155.6
2021-10-26 07:00:00,157.6
2021-10-26 08:00:00,158.03
2021-10-26 09:00:00,159.53
2021-10-26 10:00:00,160.52
2021-10-26 11:00:00,160.51
2021-10-26 12:00:00,160.12
2021-10-26 13:00:00,161.99
2021-10-26 14:00:00,162.49
2021-10-26 15:00:00,163.67
2021-10-26 16:00:00,164.25
2021-10-26 17:00:00,164.11
2021-10-26 18:00:00,164.8
2021-10-26 19:00:00,164.98
2021-10-26 20:00:00,164.12
2021-10-26 21:00:00,163.66
2021-10-26 22:00:00,161.33
2021-10-26 23:00:00,159.78
2021-10-27 00:00:00,156.33
2021-10-27 01:00:00,155.27
2021-10-27 02:00:00,155.22
2021-10-27 03:00:00,155.28
2021-10-27 04:00:00,155.5
2021-10-27 05:00:00,155.67
2021-10-27 06:00:00,155.85
2021-10-27 07:00:00,156.23
2021-10-27 08:00:00,156.99
2021-10-27 09:00:00,158.77
2021-10-27 10:00:00,159.81
2021-10-27 11:00:00,159.72
2021-10-27 12:00:00,159.01
2021-10-27 13:00:00,160.44
2021-10-27 14:00:00,162.33
2021-10-27 15:00:00,163.57
2021-10-27 16:00:00,163.78
2021-10-27 17:00:00,162.87
2021-10-27 18:00:00,163.36
2021-10-27 19:00:00,163.43
2021-10-27 20:00:00,161.5
2021-10-27 21:00:00,161.11
2021-10-27 22:00:00,159.69
2021-10-27 23:00:00,158.24
2021-10-28 00:00:00,161.37
2021-10-28 01:00:00,158.72
2021-10-28 02:00:00,155.83
2021-10-28 03:00:00,155.96
2021-10-28 04:00:00,155.62
2021-10-28 05:00:00,155.49
2021-10-28 06:00:00,157.69
2021-10-28 07:00:00,159.25
2021-10-28 08:00:00,161.17
2021-10-28 09:00:00,163.89
2021-10-28 10:00:00,164.22
2021-10-28 11:00:00,164.18
2021-10-28 12:00:00,163.55
2021-10-28 13:00:00,163.51
2021-10-28 14:00:00,164.18
2021-10-28 15:00:00,167.22
2021-10-28 16:00:00,167.1
2021-10-28 17:00:00,166.34
2021-10-28 18:00:00,166.25
2021-10-28 19:00:00,166.22
2021-10-28 20:00:00,165.92
2021-10-28 21:00:00,164.75
2021-10-28 22:00:00,163.59
2021-10-28 23:00:00,162.28
2021-10-29 00:00:00,161.23
2021-10-29 01:00:00,158.08
2021-10-29 02:00:00,156.96
2021-10-29 03:00:00,156.76
2021-10-29 04:00:00,156.45
2021-10-29 05:00:00,156.43
2021-10-29 06:00:00,157.86
2021-10-29 07:00:00,159.29
2021-10-29 08:00:00,161.34
2021-10-29 09:00:00,162.81
2021-10-29 10:00:00,163.48
2021-10-29 11:00:00,164.03
2021-10-29 12:00:00,163.15
2021-10-29 13:00:00,162.88
2021-10-29 14:00:00,163.64
2021-10-29 15:00:00,166.76
2021-10-29 16:00:00,166.45
2021-10-29 17:00:00,166.36
2021-10-29 18:00:00,166.44
2021-10-29 19:00:00,166.51
2021-10-29 20:00:00,164.63
2021-10-29 21:00:00,163.36
2021-10-29 22:00:00,160.18
2021-10-29 23:00:00,158.43
2021-10-30 00:00:00,98.09
2021-10-30 01:00:00,97.51
2021-10-30 02:00:00,97.14
2021-10-30 03:00:00,96.41
2021-10-30 04:00:00,96.02
2021-10-30 05:00:00,95.86
2021-10-30 06:00:00,96.01
2021-10-30 07:00:00,96.26
2021-10-30 08:00:00,96.63
2021-10-30 09:00:00,96.76
2021-10-30 10:00:00,96.84
2021-10-30 11:00:00,96.91
2021-10-30 12:00:00,96.84
2021-10-30 13:00:00,96.82
2021-10-30 14:00:00,96.87
2021-10-30 15:00:00,96.88
2021-10-30 16:00:00,97.08
2021-10-30 17:00:00,97.38
2021-10-30 18:00:00,100.32
2021-10-30 19:00:00,100.34
2021-10-30 20:00:00,98.78
2021-10-30 21:00:00,97.63
2021-10-30 22:00:00,96.68
2021-10-30 23:00:00,96.45
2021-10-31 00:00:00,97.73
2021-10-31 01:00:00,96.52
2021-10-31 02:00:00,95.8
2021-10-31 03:00:00,95.04
2021-10-31 04:00:00,94.88
2021-10-31 05:00:00,94.72
2021-10-31 06:00:00,94.55
2021-10-31 07:00:00,94.58
2021-10-31 08:00:00,94.69
2021-10-31 09:00:00,94.82
2021-10-31 10:00:00,94.95
2021-10-31 11:00:00,95.03
2021-10-31 12:00:00,95.04
2021-10-31 13:00:00,95.06
2021-10-31 14:00:00,95.09
2021-10-31 15:00:00,95.13
2021-10-31 16:00:00,95.38
2021-10-31 17:00:00,96.88
2021-10-31 18:00:00,98.08
2021-10-31 19:00:00,98.42
2021-10-31 20:00:00,97.8
2021-10-31 21:00:00,97.59
2021-10-31 22:00:00,96.89
2021-10-31 23:00:00,96.3
2021-11-01 00:00:00,96.9
2021-11-01 01:00:00,96.03
2021-11-01 02:00:00,95.78
2021-11-01 03:00:00,94.88
2021-11-01 04:00:00,94.85
2021-11-01 05:00:00,94.9
2021-11-01 06:00:00,94.82
2021-11-01 07:00:00,95.54
2021-11-01 08:00:00,96.45
2021-11-01 09:00:00,96.96
2021-11-01 10:00:00,97.55
2021-11-01 11:00:00,97.71
2021-11-01 12:00:00,97.61
2021-11-01 13:00:00,97.83
2021-11-01 14:00:00,98.29
2021-11-01 15:00:00,98.56
2021-11-01 16:00:00,99.5
2021-11-01 17:00:00,99.77
2021-11-01 18:00:00,101.07
2021-11-01 19:00:00,101.3
2021-11-01 20:00:00,100.05
2021-11-01 21:00:00,99.15
2021-11-01 22:00:00,98.28
2021-11-01 23:00:00,97.69
2021-11-02 00:00:00,98.19
2021-11-02 01:00:00,97.4
2021-11-02 02:00:00,96.74
2021-11-02 03:00:00,96.25
2021-11-02 04:00:00,96.13
2021-11-02 05:00:00,95.26
2021-11-02 06:00:00,94.85
2021-11-02 07:00:00,94.71
2021-11-02 08:00:00,94.79
2021-11-02 09:00:00,95.06
2021-11-02 10:00:00,95.83
2021-11-02 11:00:00,96.22
2021-11-02 12:00:00,96.14
2021-11-02 13:00:00,96.05
2021-11-02 14:00:00,95.68
2021-11-02 15:00:00,96.28
2021-11-02 16:00:00,96.89
2021-11-02 17:00:00,97.84
2021-11-02 18:00:00,100.96
2021-11-02 19:00:00,102.1
2021-11-02 20:00:00,101.41
2021-11-02 21:00:00,100.55
2021-11-02 22:00:00,99.84
2021-11-02 23:00:00,98.34
2021-11-03 00:00:00,99.68
2021-11-03 01:00:00,97.79
2021-11-03 02:00:00,97.14
2021-11-03 03:00:00,96.42
2021-11-03 04:00:00,96.42
2021-11-03 05:00:00,96.41
2021-11-03 06:00:00,96.41
2021-11-03 07:00:00,97.39
2021-11-03 08:00:00,98.51
2021-11-03 09:00:00,99.5
2021-11-03 10:00:00,100.07
2021-11-03 11:00:00,100.05
2021-11-03 12:00:00,99.91
2021-11-03 13:00:00,100.23
2021-11-03 14:00:00,102.13
2021-11-03 15:00:00,103.24
2021-11-03 16:00:00,103.71
2021-11-03 17:00:00,102.94
2021-11-03 18:00:00,103.66
2021-11-03 19:00:00,104.16
2021-11-03 20:00:00,104.01
2021-11-03 21:00:00,103.68
2021-11-03 22:00:00,102.83
2021-11-03 23:00:00,100.28
2021-11-04 00:00:00,100.25
2021-11-04 01:00:00,99.15
2021-11-04 02:00:00,98.08
2021-11-04 03:00:00,96.77
2021-11-04 04:00:00,96.66
2021-11-04 05:00:00,96.54
2021-11-04 06:00:00,96.85
2021-11-04 07:00:00,98.48
2021-11-04 08:00:00,99.74
2021-11-04 09:00:00,100.2
2021-11-04 10:00:00,101.18
2021-11-04 11:00:00,100.99
2021-11-04 12:00:00,100.17
2021-11-04 13:00:00,101.85
2021-11-04 14:00:00,103.44
2021-11-04 15:00:00,104.08
2021-11-04 16:00:00,104.26
2021-11-04 17:00:00,103.7
2021-11-04 18:00:00,105.27
2021-11-04 19:00:00,106.13
2021-11-04 20:00:00,104.22
2021-11-04 21:00:00,104.07
2021-11-04 22:00:00,102.76
2021-11-04 23:00:00,101.17
2021-11-05 00:00:00,115.94
2021-11-05 01:00:00,107.79
2021-11-05 02:00:00,105.47
2021-11-05 03:00:00,106.01
2021-11-05 04:00:00,104.6
2021-11-05 05:00:00,104.49
2021-11-05 06:00:00,106.08
2021-11-05 07:00:00,108.38
2021-11-05 08:00:00,118.23
2021-11-05 09:00:00,125.13
2021-11-05 10:00:00,125.75
2021-11-05 11:00:00,125.57
2021-11-05 12:00:00,121.14
2021-11-05 13:00:00,124.36
2021-11-05 14:00:00,124.79
2021-11-05 15:00:00,128.29
2021-11-05 16:00:00,128.25
2021-11-05 17:00:00,126.96
2021-11-05 18:00:00,127.45
2021-11-05 19:00:00,128.09
2021-11-05 20:00:00,128.05
2021-11-05 21:00:00,126.74
2021-11-05 22:00:00,114.22
2021-11-05 23:00:00,107.44
2021-11-06 00:00:00,109.31
2021-11-06 01:00:00,107.78
2021-11-06 02:00:00,107.15
2021-11-06 03:00:00,105.98
2021-11-06 04:00:00,105.83
2021-11-06 05:00:00,105.65
2021-11-06 06:00:00,105.3
2021-11-06 07:00:00,105.5
2021-11-06 08:00:00,105.75
2021-11-06 09:00:00,105.97
2021-11-06 10:00:00,106.31
2021-11-06 11:00:00,105.95
2021-11-06 12:00:00,105.67
2021-11-06 13:00:00,105.68
2021-11-06 14:00:00,105.83
2021-11-06 15:00:00,106.53
2021-11-06 16:00:00,107.18
2021-11-06 17:00:00,108.04
2021-11-06 18:00:00,110.61
2021-11-06 19:00:00,111.65
2021-11-06 20:00:00,110.35
2021-11-06 21:00:00,108.78
2021-11-06 22:00:00,107.83
2021-11-06 23:00:00,107.06
2021-11-07 00:00:00,107.71
2021-11-07 01:00:00,107.18
2021-11-07 02:00:00,106.4
2021-11-07 03:00:00,105.57
2021-11-07 04:00:00,105.41
2021-11-07 05:00:00,105.36
2021-11-07 06:00:00,104.81
2021-11-07 07:00:00,104.41
2021-11-07 08:00:00,104.67
2021-11-07 09:00:00,104.97
2021-11-07 10:00:00,104.96
2021-11-07 11:00:00,104.98
2021-11-07 12:00:00,104.95
2021-11-07 13:00:00,104.95
2021-11-07 14:00:00,104.43
2021-11-07 15:00:00,105.16
2021-11-07 16:00:00,105.52
2021-11-07 17:00:00,106.64
2021-11-07 18:00:00,108.33
2021-11-07 19:00:00,108.87
2021-11-07 20:00:00,108.4
2021-11-07 21:00:00,108.15
2021-11-07 22:00:00,107.39
2021-11-07 23:00:00,107.03
2021-11-08 00:00:00,106.99
2021-11-08 01:00:00,105.85
2021-11-08 02:00:00,105.29
2021-11-08 03:00:00,104.43
2021-11-08 04:00:00,104.34
2021-11-08 05:00:00,104.28
2021-11-08 06:00:00,104.68
2021-11-08 07:00:00,106.08
2021-11-08 08:00:00,107.36
2021-11-08 09:00:00,107.78
2021-11-08 10:00:00,108.43
2021-11-08 11:00:00,108.61
2021-11-08 12:00:00,107.57
2021-11-08 13:00:00,108.43
2021-11-08 14:00:00,110.19
2021-11-08 15:00:00,110.38
2021-11-08 16:00:00,110.89
2021-11-08 17:00:00,110.13
2021-11-08 18:00:00,110.54
2021-11-08 19:00:00,111.92
2021-11-08 20:00:00,110.9
2021-11-08 21:00:00,110.65
2021-11-08 22:00:00,109.22
2021-11-08 23:00:00,107.22
2021-11-09 00:00:00,107.78
2021-11-09 01:00:00,106.51
2021-11-09 02:00:00,106.25
2021-11-09 03:00:00,105.09
2021-11-09 04:00:00,104.95
2021-11-09 05:00:00,104.51
2021-11-09 06:00:00,104.52
2021-11-09 07:00:00,105.94
2021-11-09 08:00:00,106.68
2021-11-09 09:00:00,107.5
2021-11-09 10:00:00,108.44
2021-11-09 11:00:00,108.59
2021-11-09 12:00:00,107.56
2021-11-09 13:00:00,109.56
2021-11-09 14:00:00,111.05
2021-11-09 15:00:00,112.08
2021-11-09 16:00:00,112.72
2021-11-09 17:00:00,111.24
2021-11-09 18:00:00,112.99
2021-11-09 19:00:00,115.46
2021-11-09 20:00:00,113.99
2021-11-09 21:00:00,112.32
2021-11-09 22:00:00,110.18
2021-11-09 23:00:00,107.75
2021-11-10 00:00:00,106.62
2021-11-10 01:00:00,105.66
2021-11-10 02:00:00,105.02
2021-11-10 03:00:00,103.84
2021-11-10 04:00:00,103.54
2021-11-10 05:00:00,103.52
2021-11-10 06:00:00,103.98
2021-11-10 07:00:00,105.12
2021-11-10 08:00:00,105.73
2021-11-10 09:00:00,106.35
2021-11-10 10:00:00,107.05
2021-11-10 11:00:00,107.07
2021-11-10 12:00:00,106.36
2021-11-10 13:00:00,107.69
2021-11-10 14:00:00,109.7
2021-11-10 15:00:00,109.82
2021-11-10 16:00:00,109.81
2021-11-10 17:00:00,108.86
2021-11-10 18:00:00,109.9
2021-11-10 19:00:00,110.01
2021-11-10 20:00:00,109.73
2021-11-10 21:00:00,108.59
2021-11-10 22:00:00,106.93
2021-11-10 23:00:00,106.09
2021-11-11 00:00:00,106.66
2021-11-11 01:00:00,105.11
2021-11-11 02:00:00,104.64
2021-11-11 03:00:00,103.54
2021-11-11 04:00:00,103.53
2021-11-11 05:00:00,103.81
2021-11-11 06:00:00,104.38
2021-11-11 07:00:00,105.23
2021-11-11 08:00:00,106.18
2021-11-11 09:00:00,106.87
2021-11-11 10:00:00,107.22
2021-11-11 11:00:00,107.14
2021-11-11 12:00:00,106.0
2021-11-11 13:00:00,106.97
2021-11-11 14:00:00,108.48
2021-11-11 15:00:00,109.52
2021-11-11 16:00:00,109.66
2021-11-11 17:00:00,108.41
2021-11-11 18:00:00,108.78
2021-11-11 19:00:00,109.78
2021-11-11 20:00:00,109.79
2021-11-11 21:00:00,108.52
2021-11-11 22:00:00,107.02
2021-11-11 23:00:00,105.84
2021-11-12 00:00:00,105.86
2021-11-12 01:00:00,103.95
2021-11-12 02:00:00,103.27
2021-11-12 03:00:00,102.64
2021-11-12 04:00:00,102.65
2021-11-12 05:00:00,103.03
2021-11-12 06:00:00,103.38
2021-11-12 07:00:00,104.68
2021-11-12 08:00:00,106.16
2021-11-12 09:00:00,106.81
2021-11-12 10:00:00,106.84
2021-11-12 11:00:00,106.66
2021-11-12 12:00:00,105.91
2021-11-12 13:00:00,106.53
2021-11-12 14:00:00,107.28
2021-11-12 15:00:00,107.59
2021-11-12 16:00:00,107.33
2021-11-12 17:00:00,106.86
2021-11-12 18:00:00,107.47
2021-11-12 19:00:00,107.97
2021-11-12 20:00:00,107.68
2021-11-12 21:00:00,106.47
2021-11-12 22:00:00,105.32
2021-11-12 23:00:00,104.71
2021-11-13 00:00:00,74.4
2021-11-13 01:00:00,73.68
2021-11-13 02:00:00,73.33
2021-11-13 03:00:00,73.15
2021-11-13 04:00:00,73.16
2021-11-13 05:00:00,73.05
2021-11-13 06:00:00,72.83
2021-11-13 07:00:00,73.07
2021-11-13 08:00:00,73.16
2021-11-13 09:00:00,73.16
2021-11-13 10:00:00,73.29
2021-11-13 11:00:00,73.38
2021-11-13 12:00:00,73.18
2021-11-13 13:00:00,73.18
2021-11-13 14:00:00,73.18
2021-11-13 15:00:00,73.18
2021-11-13 16:00:00,73.28
2021-11-13 17:00:00,73.95
2021-11-13 18:00:00,74.58
2021-11-13 19:00:00,74.68
2021-11-13 20:00:00,74.23
2021-11-13 21:00:00,73.77
2021-11-13 22:00:00,73.17
2021-11-13 23:00:00,72.93
2021-11-14 00:00:00,72.93
2021-11-14 01:00:00,72.53
2021-11-14 02:00:00,72.5
2021-11-14 03:00:00,72.09
2021-11-14 04:00:00,71.83
2021-11-14 05:00:00,71.54
2021-11-14 06:00:00,70.0
2021-11-14 07:00:00,68.46
2021-11-14 08:00:00,69.64
2021-11-14 09:00:00,71.33
2021-11-14 10:00:00,72.34
2021-11-14 11:00:00,72.47
2021-11-14 12:00:00,72.27
2021-11-14 13:00:00,71.96
2021-11-14 14:00:00,71.96
2021-11-14 15:00:00,72.09
2021-11-14 16:00:00,72.46
2021-11-14 17:00:00,72.87
2021-11-14 18:00:00,74.46
2021-11-14 19:00:00,74.54
2021-11-14 20:00:00,74.41
2021-11-14 21:00:00,74.08
2021-11-14 22:00:00,73.45
2021-11-14 23:00:00,73.18
2021-11-15 00:00:00,73.72
2021-11-15 01:00:00,72.79
2021-11-15 02:00:00,72.61
2021-11-15 03:00:00,72.47
2021-11-15 04:00:00,72.13
2021-11-15 05:00:00,71.54
2021-11-15 06:00:00,71.52
2021-11-15 07:00:00,71.16
2021-11-15 08:00:00,71.12
2021-11-15 09:00:00,71.86
2021-11-15 10:00:00,72.29
2021-11-15 11:00:00,72.34
2021-11-15 12:00:00,72.5
2021-11-15 13:00:00,72.5
2021-11-15 14:00:00,72.39
2021-11-15 15:00:00,72.5
2021-11-15 16:00:00,72.5
2021-11-15 17:00:00,72.77
2021-11-15 18:00:00,74.73
2021-11-15 19:00:00,74.71
2021-11-15 20:00:00,74.66
2021-11-15 21:00:00,74.09
2021-11-15 22:00:00,73.54
2021-11-15 23:00:00,72.94
2021-11-16 00:00:00,74.04
2021-11-16 01:00:00,73.02
2021-11-16 02:00:00,72.84
2021-11-16 03:00:00,72.55
2021-11-16 04:00:00,72.6
2021-11-16 05:00:00,72.49
2021-11-16 06:00:00,72.66
2021-11-16 07:00:00,71.75
2021-11-16 08:00:00,72.32
2021-11-16 09:00:00,74.3
2021-11-16 10:00:00,74.99
2021-11-16 11:00:00,75.26
2021-11-16 12:00:00,75.54
2021-11-16 13:00:00,75.58
2021-11-16 14:00:00,75.8
2021-11-16 15:00:00,76.93
2021-11-16 16:00:00,76.98
2021-11-16 17:00:00,75.78
2021-11-16 18:00:00,76.04
2021-11-16 19:00:00,74.91
2021-11-16 20:00:00,73.97
2021-11-16 21:00:00,75.7
2021-11-16 22:00:00,75.28
2021-11-16 23:00:00,74.96
2021-11-17 00:00:00,74.36
2021-11-17 01:00:00,73.52
2021-11-17 02:00:00,72.66
2021-11-17 03:00:00,72.47
2021-11-17 04:00:00,72.01
2021-11-17 05:00:00,71.73
2021-11-17 06:00:00,72.59
2021-11-17 07:00:00,72.87
2021-11-17 08:00:00,74.51
2021-11-17 09:00:00,75.2
2021-11-17 10:00:00,75.51
2021-11-17 11:00:00,75.49
2021-11-17 12:00:00,74.98
2021-11-17 13:00:00,75.47
2021-11-17 14:00:00,76.0
2021-11-17 15:00:00,76.56
2021-11-17 16:00:00,76.53
2021-11-17 17:00:00,75.49
2021-11-17 18:00:00,76.0
2021-11-17 19:00:00,75.72
2021-11-17 20:00:00,73.34
2021-11-17 21:00:00,73.93
2021-11-17 22:00:00,73.91
2021-11-17 23:00:00,74.64
2021-11-18 00:00:00,75.19
2021-11-18 01:00:00,74.24
2021-11-18 02:00:00,73.66
2021-11-18 03:00:00,73.0
2021-11-18 04:00:00,73.07
2021-11-18 05:00:00,72.86
2021-11-18 06:00:00,73.61
2021-11-18 07:00:00,74.05
2021-11-18 08:00:00,74.89
2021-11-18 09:00:00,76.33
2021-11-18 10:00:00,77.1
2021-11-18 11:00:00,77.11
2021-11-18 12:00:00,76.47
2021-11-18 13:00:00,77.03
2021-11-18 14:00:00,77.42
2021-11-18 15:00:00,77.42
2021-11-18 16:00:00,77.43
2021-11-18 17:00:00,77.0
2021-11-18 18:00:00,77.45
2021-11-18 19:00:00,78.06
2021-11-18 20:00:00,77.08
2021-11-18 21:00:00,77.01
2021-11-18 22:00:00,76.05
2021-11-18 23:00:00,74.85
2021-11-19 00:00:00,75.05
2021-11-19 01:00:00,74.25
2021-11-19 02:00:00,73.88
2021-11-19 03:00:00,73.45
2021-11-19 04:00:00,73.49
2021-11-19 05:00:00,73.51
2021-11-19 06:00:00,73.53
2021-11-19 07:00:00,74.03
2021-11-19 08:00:00,74.4
2021-11-19 09:00:00,74.9
2021-11-19 10:00:00,75.3
2021-11-19 11:00:00,75.39
2021-11-19 12:00:00,74.8
2021-11-19 13:00:00,75.22
2021-11-19 14:00:00,76.06
2021-11-19 15:00:00,76.13
2021-11-19 16:00:00,76.04
2021-11-19 17:00:00,75.35
2021-11-19 18:00:00,76.46
2021-11-19 19:00:00,77.31
2021-11-19 20:00:00,76.19
2021-11-19 21:00:00,75.81
2021-11-19 22:00:00,74.71
2021-11-19 23:00:00,74.35
2021-11-20 00:00:00,93.97
2021-11-20 01:00:00,92.58
2021-11-20 02:00:00,92.01
2021-11-20 03:00:00,91.22
2021-11-20 04:00:00,91.11
2021-11-20 05:00:00,90.82
2021-11-20 06:00:00,90.82
2021-11-20 07:00:00,90.84
2021-11-20 08:00:00,91.16
2021-11-20 09:00:00,91.37
2021-11-20 10:00:00,91.34
2021-11-20 11:00:00,91.3
2021-11-20 12:00:00,91.3
2021-11-20 13:00:00,91.7
2021-11-20 14:00:00,91.53
2021-11-20 15:00:00,91.66
2021-11-20 16:00:00,92.06
2021-11-20 17:00:00,93.46
2021-11-20 18:00:00,94.06
2021-11-20 19:00:00,94.38
2021-11-20 20:00:00,94.08
2021-11-20 21:00:00,93.64
2021-11-20 22:00:00,92.37
2021-11-20 23:00:00,91.87
2021-11-21 00:00:00,93.37
2021-11-21 01:00:00,90.92
2021-11-21 02:00:00,91.62
2021-11-21 03:00:00,90.54
2021-11-21 04:00:00,90.5
2021-11-21 05:00:00,90.46
2021-11-21 06:00:00,90.39
2021-11-21 07:00:00,90.38
2021-11-21 08:00:00,90.36
2021-11-21 09:00:00,90.36
2021-11-21 10:00:00,90.41
2021-11-21 11:00:00,90.38
2021-11-21 12:00:00,90.36
2021-11-21 13:00:00,90.31
2021-11-21 14:00:00,90.3
2021-11-21 15:00:00,90.27
2021-11-21 16:00:00,90.91
2021-11-21 17:00:00,92.45
2021-11-21 18:00:00,93.23
2021-11-21 19:00:00,93.44
2021-11-21 20:00:00,93.33
2021-11-21 21:00:00,93.4
2021-11-21 22:00:00,92.76
2021-11-21 23:00:00,92.09
2021-11-22 00:00:00,92.57
2021-11-22 01:00:00,90.7
2021-11-22 02:00:00,90.4
2021-11-22 03:00:00,90.02
2021-11-22 04:00:00,90.02
2021-11-22 05:00:00,90.03
2021-11-22 06:00:00,90.53
2021-11-22 07:00:00,92.21
2021-11-22 08:00:00,94.11
2021-11-22 09:00:00,94.24
2021-11-22 10:00:00,94.7
2021-11-22 11:00:00,94.94
2021-11-22 12:00:00,94.57
2021-11-22 13:00:00,94.64
2021-11-22 14:00:00,96.19
2021-11-22 15:00:00,96.3
2021-11-22 16:00:00,96.64
2021-11-22 17:00:00,94.83
2021-11-22 18:00:00,94.82
2021-11-22 19:00:00,95.48
2021-11-22 20:00:00,95.02
2021-11-22 21:00:00,94.79
2021-11-22 22:00:00,94.73
2021-11-22 23:00:00,94.0
2021-11-23 00:00:00,94.43
2021-11-23 01:00:00,92.88
2021-11-23 02:00:00,92.88
2021-11-23 03:00:00,91.84
2021-11-23 04:00:00,91.73
2021-11-23 05:00:00,91.76
2021-11-23 06:00:00,91.96
2021-11-23 07:00:00,93.12
2021-11-23 08:00:00,95.53
2021-11-23 09:00:00,96.07
2021-11-23 10:00:00,96.11
2021-11-23 11:00:00,96.09
2021-11-23 12:00:00,95.97
2021-11-23 13:00:00,96.07
2021-11-23 14:00:00,96.84
2021-11-23 15:00:00,96.54
2021-11-23 16:00:00,97.45
2021-11-23 17:00:00,96.01
2021-11-23 18:00:00,95.94
2021-11-23 19:00:00,96.17
2021-11-23 20:00:00,95.87
2021-11-23 21:00:00,95.85
2021-11-23 22:00:00,95.47
2021-11-23 23:00:00,94.32
2021-11-24 00:00:00,98.06
2021-11-24 01:00:00,95.01
2021-11-24 02:00:00,94.25
2021-11-24 03:00:00,93.61
2021-11-24 04:00:00,93.08
2021-11-24 05:00:00,92.88
2021-11-24 06:00:00,93.15
2021-11-24 07:00:00,94.5
2021-11-24 08:00:00,95.3
2021-11-24 09:00:00,96.09
2021-11-24 10:00:00,96.16
2021-11-24 11:00:00,96.09
2021-11-24 12:00:00,96.06
2021-11-24 13:00:00,96.14
2021-11-24 14:00:00,96.98
2021-11-24 15:00:00,97.06
2021-11-24 16:00:00,97.6
2021-11-24 17:00:00,96.12
2021-11-24 18:00:00,96.06
2021-11-24 19:00:00,96.2
2021-11-24 20:00:00,96.19
2021-11-24 21:00:00,96.09
2021-11-24 22:00:00,95.55
2021-11-24 23:00:00,94.15
2021-11-25 00:00:00,97.56
2021-11-25 01:00:00,94.86
2021-11-25 02:00:00,93.97
2021-11-25 03:00:00,92.64
2021-11-25 04:00:00,92.32
2021-11-25 05:00:00,92.19
2021-11-25 06:00:00,92.47
2021-11-25 07:00:00,93.13
2021-11-25 08:00:00,94.97
2021-11-25 09:00:00,95.33
2021-11-25 10:00:00,96.74
2021-11-25 11:00:00,96.73
2021-11-25 12:00:00,95.34
2021-11-25 13:00:00,96.97
2021-11-25 14:00:00,98.75
2021-11-25 15:00:00,98.77
2021-11-25 16:00:00,98.12
2021-11-25 17:00:00,96.25
2021-11-25 18:00:00,95.98
2021-11-25 19:00:00,97.56
2021-11-25 20:00:00,96.71
2021-11-25 21:00:00,96.57
2021-11-25 22:00:00,95.15
2021-11-25 23:00:00,94.33
2021-11-26 00:00:00,96.36
2021-11-26 01:00:00,94.49
2021-11-26 02:00:00,93.97
2021-11-26 03:00:00,92.46
2021-11-26 04:00:00,91.84
2021-11-26 05:00:00,91.91
2021-11-26 06:00:00,91.93
2021-11-26 07:00:00,93.42
2021-11-26 08:00:00,94.82
2021-11-26 09:00:00,96.38
2021-11-26 10:00:00,97.33
2021-11-26 11:00:00,97.05
2021-11-26 12:00:00,96.24
2021-11-26 13:00:00,96.76
2021-11-26 14:00:00,97.89
2021-11-26 15:00:00,97.62
2021-11-26 16:00:00,98.46
2021-11-26 17:00:00,96.19
2021-11-26 18:00:00,96.39
2021-11-26 19:00:00,98.45
2021-11-26 20:00:00,97.5
2021-11-26 21:00:00,97.4
2021-11-26 22:00:00,96.0
2021-11-26 23:00:00,94.48
2021-11-27 00:00:00,49.85
2021-11-27 01:00:00,49.77
2021-11-27 02:00:00,49.77
2021-11-27 03:00:00,49.77
2021-11-27 04:00:00,49.77
2021-11-27 05:00:00,49.77
2021-11-27 06:00:00,49.77
2021-11-27 07:00:00,49.77
2021-11-27 08:00:00,49.77
2021-11-27 09:00:00,49.77
2021-11-27 10:00:00,49.77
2021-11-27 11:00:00,49.77
2021-11-27 12:00:00,49.77
2021-11-27 13:00:00,49.77
2021-11-27 14:00:00,49.77
2021-11-27 15:00:00,49.77
2021-11-27 16:00:00,49.77
2021-11-27 17:00:00,49.77
2021-11-27 18:00:00,49.77
2021-11-27 19:00:00,49.84
2021-11-27 20:00:00,49.77
2021-11-27 21:00:00,49.77
2021-11-27 22:00:00,49.77
2021-11-27 23:00:00,49.77
2021-11-28 00:00:00,49.77
2021-11-28 01:00:00,49.77
2021-11-28 02:00:00,49.77
2021-11-28 03:00:00,49.77
2021-11-28 04:00:00,49.77
2021-11-28 05:00:00,49.77
2021-11-28 06:00:00,49.77
2021-11-28 07:00:00,49.77
2021-11-28 08:00:00,49.77
2021-11-28 09:00:00,49.77
2021-11-28 10:00:00,49.77
2021-11-28 11:00:00,49.77
2021-11-28 12:00:00,49.77
2021-11-28 13:00:00,49.77
2021-11-28 14:00:00,49.77
2021-11-28 15:00:00,49.77
2021-11-28 16:00:00,49.77
2021-11-28 17:00:00,49.77
2021-11-28 18:00:00,49.77
2021-11-28 19:00:00,49.95
2021-11-28 20:00:00,49.77
2021-11-28 21:00:00,49.77
2021-11-28 22:00:00,49.77
2021-11-28 23:00:00,49.77
2021-11-29 00:00:00,50.73
2021-11-29 01:00:00,49.77
2021-11-29 02:00:00,49.77
2021-11-29 03:00:00,49.77
2021-11-29 04:00:00,49.77
2021-11-29 05:00:00,49.77
2021-11-29 06:00:00,49.77
2021-11-29 07:00:00,49.77
2021-11-29 08:00:00,49.97
2021-11-29 09:00:00,50.34
2021-11-29 10:00:00,50.97
2021-11-29 11:00:00,50.69
2021-11-29 12:00:00,50.13
2021-11-29 13:00:00,50.31
2021-11-29 14:00:00,51.27
2021-11-29 15:00:00,51.58
2021-11-29 16:00:00,51.53
2021-11-29 17:00:00,50.76
2021-11-29 18:00:00,50.74
2021-11-29 19:00:00,51.13
2021-11-29 20:00:00,51.39
2021-11-29 21:00:00,51.35
2021-11-29 22:00:00,50.7
2021-11-29 23:00:00,50.09
2021-11-30 00:00:00,52.42
2021-11-30 01:00:00,51.33
2021-11-30 02:00:00,50.45
2021-11-30 03:00:00,50.01
2021-11-30 04:00:00,49.92
2021-11-30 05:00:00,49.77
2021-11-30 06:00:00,49.81
2021-11-30 07:00:00,50.47
2021-11-30 08:00:00,51.44
2021-11-30 09:00:00,52.0
2021-11-30 10:00:00,52.14
2021-11-30 11:00:00,51.53
2021-11-30 12:00:00,50.81
2021-11-30 13:00:00,51.55
2021-11-30 14:00:00,52.11
2021-11-30 15:00:00,52.47
2021-11-30 16:00:00,53.33
2021-11-30 17:00:00,52.08
2021-11-30 18:00:00,51.98
2021-11-30 19:00:00,52.15
2021-11-30 20:00:00,52.32
2021-11-30 21:00:00,52.13
2021-11-30 22:00:00,51.71
2021-11-30 23:00:00,50.9
2021-12-01 00:00:00,53.5
2021-12-01 01:00:00,51.74
2021-12-01 02:00:00,51.25
2021-12-01 03:00:00,51.29
2021-12-01 04:00:00,51.22
2021-12-01 05:00:00,51.14
2021-12-01 06:00:00,51.18
2021-12-01 07:00:00,51.84
2021-12-01 08:00:00,52.9
2021-12-01 09:00:00,53.58
2021-12-01 10:00:00,53.44
2021-12-01 11:00:00,53.12
2021-12-01 12:00:00,52.76
2021-12-01 13:00:00,52.84
2021-12-01 14:00:00,53.4
2021-12-01 15:00:00,53.81
2021-12-01 16:00:00,54.05
2021-12-01 17:00:00,52.91
2021-12-01 18:00:00,52.83
2021-12-01 19:00:00,53.52
2021-12-01 20:00:00,53.61
2021-12-01 21:00:00,53.55
2021-12-01 22:00:00,52.78
2021-12-01 23:00:00,51.77
2021-12-02 00:00:00,52.23
2021-12-02 01:00:00,50.87
2021-12-02 02:00:00,50.04
2021-12-02 03:00:00,49.77
2021-12-02 04:00:00,49.77
2021-12-02 05:00:00,49.77
2021-12-02 06:00:00,49.77
2021-12-02 07:00:00,50.5
2021-12-02 08:00:00,51.5
2021-12-02 09:00:00,51.43
2021-12-02 10:00:00,52.55
2021-12-02 11:00:00,51.73
2021-12-02 12:00:00,50.51
2021-12-02 13:00:00,50.93
2021-12-02 14:00:00,51.68
2021-12-02 15:00:00,52.23
2021-12-02 16:00:00,52.63
2021-12-02 17:00:00,51.55
2021-12-02 18:00:00,50.78
2021-12-02 19:00:00,51.36
2021-12-02 20:00:00,51.2
2021-12-02 21:00:00,51.72
2021-12-02 22:00:00,51.28
2021-12-02 23:00:00,50.36
2021-12-03 00:00:00,50.92
2021-12-03 01:00:00,50.02
2021-12-03 02:00:00,49.77
2021-12-03 03:00:00,49.77
2021-12-03 04:00:00,49.77
2021-12-03 05:00:00,49.77
2021-12-03 06:00:00,49.77
2021-12-03 07:00:00,49.92
2021-12-03 08:00:00,50.25
2021-12-03 09:00:00,50.48
2021-12-03 10:00:00,50.56
2021-12-03 11:00:00,50.32
2021-12-03 12:00:00,49.8
2021-12-03 13:00:00,49.83
2021-12-03 14:00:00,50.19
2021-12-03 15:00:00,50.93
2021-12-03 16:00:00,51.23
2021-12-03 17:00:00,50.4
2021-12-03 18:00:00,50.36
2021-12-03 19:00:00,50.86
2021-12-03 20:00:00,50.81
2021-12-03 21:00:00,50.88
2021-12-03 22:00:00,49.82
2021-12-03 23:00:00,49.77
2021-12-04 00:00:00,59.56
2021-12-04 01:00:00,58.26
2021-12-04 02:00:00,57.92
2021-12-04 03:00:00,57.59
2021-12-04 04:00:00,57.57
2021-12-04 05:00:00,57.38
2021-12-04 06:00:00,57.29
2021-12-04 07:00:00,57.17
2021-12-04 08:00:00,57.22
2021-12-04 09:00:00,57.46
2021-12-04 10:00:00,57.66
2021-12-04 11:00:00,57.66
2021-12-04 12:00:00,57.58
2021-12-04 13:00:00,57.34
2021-12-04 14:00:00,57.32
2021-12-04 15:00:00,57.58
2021-12-04 16:00:00,57.71
2021-12-04 17:00:00,57.8
2021-12-04 18:00:00,58.72
2021-12-04 19:00:00,58.99
2021-12-04 20:00:00,58.96
2021-12-04 21:00:00,58.15
2021-12-04 22:00:00,57.86
2021-12-04 23:00:00,57.7
2021-12-05 00:00:00,58.79
2021-12-05 01:00:00,58.18
2021-12-05 02:00:00,57.93
2021-12-05 03:00:00,57.44
2021-12-05 04:00:00,57.39
2021-12-05 05:00:00,57.28
2021-12-05 06:00:00,56.67
2021-12-05 07:00:00,54.77
2021-12-05 08:00:00,55.38
2021-12-05 09:00:00,56.08
2021-12-05 10:00:00,56.96
2021-12-05 11:00:00,57.19
2021-12-05 12:00:00,57.16
2021-12-05 13:00:00,57.16
2021-12-05 14:00:00,57.16
2021-12-05 15:00:00,57.16
2021-12-05 16:00:00,57.2
2021-12-05 17:00:00,57.39
2021-12-05 18:00:00,58.03
2021-12-05 19:00:00,58.46
2021-12-05 20:00:00,58.14
2021-12-05 21:00:00,58.01
2021-12-05 22:00:00,57.99
2021-12-05 23:00:00,57.76
2021-12-06 00:00:00,59.58
2021-12-06 01:00:00,58.56
2021-12-06 02:00:00,58.44
2021-12-06 03:00:00,58.42
2021-12-06 04:00:00,58.42
2021-12-06 05:00:00,58.38
2021-12-06 06:00:00,58.85
2021-12-06 07:00:00,59.13
2021-12-06 08:00:00,59.75
2021-12-06 09:00:00,60.78
2021-12-06 10:00:00,60.99
2021-12-06 11:00:00,61.0
2021-12-06 12:00:00,59.95
2021-12-06 13:00:00,60.69
2021-12-06 14:00:00,60.95
2021-12-06 15:00:00,60.95
2021-12-06 16:00:00,60.91
2021-12-06 17:00:00,60.76
2021-12-06 18:00:00,60.72
2021-12-06 19:00:00,60.89
2021-12-06 20:00:00,60.9
2021-12-06 21:00:00,60.89
2021-12-06 22:00:00,60.7
2021-12-06 23:00:00,59.61
2021-12-07 00:00:00,60.22
2021-12-07 01:00:00,58.86
2021-12-07 02:00:00,58.64
2021-12-07 03:00:00,58.66
2021-12-07 04:00:00,58.65
2021-12-07 05:00:00,58.55
2021-12-07 06:00:00,58.65
2021-12-07 07:00:00,59.29
2021-12-07 08:00:00,60.4
2021-12-07 09:00:00,60.99
2021-12-07 10:00:00,61.25
2021-12-07 11:00:00,60.93
2021-12-07 12:00:00,60.03
2021-12-07 13:00:00,60.66
2021-12-07 14:00:00,60.98
2021-12-07 15:00:00,61.28
2021-12-07 16:00:00,61.08
2021-12-07 17:00:00,60.4
2021-12-07 18:00:00,60.34
2021-12-07 19:00:00,60.94
2021-12-07 20:00:00,60.95
2021-12-07 21:00:00,60.76
2021-12-07 22:00:00,59.98
2021-12-07 23:00:00,59.22
2021-12-08 00:00:00,60.12
2021-12-08 01:00:00,58.86
2021-12-08 02:00:00,58.29
2021-12-08 03:00:00,58.13
2021-12-08 04:00:00,58.33
2021-12-08 05:00:00,58.07
2021-12-08 06:00:00,58.65
2021-12-08 07:00:00,58.75
2021-12-08 08:00:00,59.41
2021-12-08 09:00:00,60.01
2021-12-08 10:00:00,60.4
2021-12-08 11:00:00,60.41
2021-12-08 12:00:00,59.46
2021-12-08 13:00:00,60.12
2021-12-08 14:00:00,60.4
2021-12-08 15:00:00,60.42
2021-12-08 16:00:00,60.41
2021-12-08 17:00:00,60.29
2021-12-08 18:00:00,60.08
2021-12-08 19:00:00,60.38
2021-12-08 20:00:00,60.38
2021-12-08 21:00:00,60.27
2021-12-08 22:00:00,59.87
2021-12-08 23:00:00,59.02
2021-12-09 00:00:00,60.05
2021-12-09 01:00:00,58.43
2021-12-09 02:00:00,57.7
2021-12-09 03:00:00,57.73
2021-12-09 04:00:00,57.81
2021-12-09 05:00:00,57.86
2021-12-09 06:00:00,58.4
2021-12-09 07:00:00,58.52
2021-12-09 08:00:00,59.9
2021-12-09 09:00:00,60.74
2021-12-09 10:00:00,61.02
2021-12-09 11:00:00,60.98
2021-12-09 12:00:00,59.31
2021-12-09 13:00:00,60.75
2021-12-09 14:00:00,61.11
2021-12-09 15:00:00,61.1
2021-12-09 16:00:00,61.09
2021-12-09 17:00:00,60.78
2021-12-09 18:00:00,61.04
2021-12-09 19:00:00,63.7
2021-12-09 20:00:00,62.37
2021-12-09 21:00:00,64.68
2021-12-09 22:00:00,62.02
2021-12-09 23:00:00,58.75
2021-12-10 00:00:00,59.46
2021-12-10 01:00:00,57.27
2021-12-10 02:00:00,56.72
2021-12-10 03:00:00,56.44
2021-12-10 04:00:00,56.88
2021-12-10 05:00:00,56.83
2021-12-10 06:00:00,57.21
2021-12-10 07:00:00,57.57
2021-12-10 08:00:00,58.95
2021-12-10 09:00:00,59.98
2021-12-10 10:00:00,59.97
2021-12-10 11:00:00,59.95
2021-12-10 12:00:00,59.42
2021-12-10 13:00:00,59.92
2021-12-10 14:00:00,59.99
2021-12-10 15:00:00,59.98
2021-12-10 16:00:00,60.03
2021-12-10 17:00:00,59.71
2021-12-10 18:00:00,59.89
2021-12-10 19:00:00,60.6
2021-12-10 20:00:00,60.26
2021-12-10 21:00:00,60.09
2021-12-10 22:00:00,58.95
2021-12-10 23:00:00,58.18
2021-12-11 00:00:00,85.05
2021-12-11 01:00:00,81.61
2021-12-11 02:00:00,80.99
2021-12-11 03:00:00,80.74
2021-12-11 04:00:00,80.7
2021-12-11 05:00:00,80.28
2021-12-11 06:00:00,80.34
2021-12-11 07:00:00,80.28
2021-12-11 08:00:00,80.6
2021-12-11 09:00:00,80.63
2021-12-11 10:00:00,80.72
2021-12-11 11:00:00,80.74
2021-12-11 12:00:00,80.72
2021-12-11 13:00:00,80.67
2021-12-11 14:00:00,80.69
2021-12-11 15:00:00,80.72
2021-12-11 16:00:00,80.77
2021-12-11 17:00:00,81.07
2021-12-11 18:00:00,82.89
2021-12-11 19:00:00,83.77
2021-12-11 20:00:00,83.44
2021-12-11 21:00:00,81.79
2021-12-11 22:00:00,81.13
2021-12-11 23:00:00,80.29
2021-12-12 00:00:00,81.07
2021-12-12 01:00:00,80.43
2021-12-12 02:00:00,80.35
2021-12-12 03:00:00,80.33
2021-12-12 04:00:00,80.17
2021-12-12 05:00:00,79.91
2021-12-12 06:00:00,79.67
2021-12-12 07:00:00,78.96
2021-12-12 08:00:00,79.6
2021-12-12 09:00:00,80.09
2021-12-12 10:00:00,80.21
2021-12-12 11:00:00,80.21
2021-12-12 12:00:00,80.21
2021-12-12 13:00:00,80.21
2021-12-12 14:00:00,80.21
2021-12-12 15:00:00,80.22
2021-12-12 16:00:00,80.37
2021-12-12 17:00:00,80.55
2021-12-12 18:00:00,81.0
2021-12-12 19:00:00,82.34
2021-12-12 20:00:00,82.13
2021-12-12 21:00:00,81.83
2021-12-12 22:00:00,81.47
2021-12-12 23:00:00,80.81
2021-12-13 00:00:00,84.07
2021-12-13 01:00:00,81.91
2021-12-13 02:00:00,81.49
2021-12-13 03:00:00,82.18
2021-12-13 04:00:00,81.99
2021-12-13 05:00:00,81.72
2021-12-13 06:00:00,82.21
2021-12-13 07:00:00,82.96
2021-12-13 08:00:00,86.71
2021-12-13 09:00:00,86.98
2021-12-13 10:00:00,87.15
2021-12-13 11:00:00,86.99
2021-12-13 12:00:00,86.9
2021-12-13 13:00:00,87.04
2021-12-13 14:00:00,87.74
2021-12-13 15:00:00,87.81
2021-12-13 16:00:00,87.65
2021-12-13 17:00:00,86.73
2021-12-13 18:00:00,86.44
2021-12-13 19:00:00,86.83
2021-12-13 20:00:00,86.82
2021-12-13 21:00:00,86.9
2021-12-13 22:00:00,86.12
2021-12-13 23:00:00,84.19
2021-12-14 00:00:00,82.39
2021-12-14 01:00:00,81.07
2021-12-14 02:00:00,80.64
2021-12-14 03:00:00,80.71
2021-12-14 04:00:00,80.6
2021-12-14 05:00:00,80.56
2021-12-14 06:00:00,80.64
2021-12-14 07:00:00,81.55
2021-12-14 08:00:00,83.34
2021-12-14 09:00:00,83.89
2021-12-14 10:00:00,83.57
2021-12-14 11:00:00,83.56
2021-12-14 12:00:00,82.62
2021-12-14 13:00:00,83.57
2021-12-14 14:00:00,83.81
2021-12-14 15:00:00,83.87
2021-12-14 16:00:00,84.05
2021-12-14 17:00:00,83.3
2021-12-14 18:00:00,83.26
2021-12-14 19:00:00,83.67
2021-12-14 20:00:00,83.69
2021-12-14 21:00:00,83.71
2021-12-14 22:00:00,83.41
2021-12-14 23:00:00,81.87
2021-12-15 00:00:00,81.41
2021-12-15 01:00:00,79.44
2021-12-15 02:00:00,79.23
2021-12-15 03:00:00,79.37
2021-12-15 04:00:00,79.35
2021-12-15 05:00:00,79.3
2021-12-15 06:00:00,79.46
2021-12-15 07:00:00,80.78
2021-12-15 08:00:00,83.28
2021-12-15 09:00:00,83.57
2021-12-15 10:00:00,83.78
2021-12-15 11:00:00,83.76
2021-12-15 12:00:00,82.6
2021-12-15 13:00:00,83.69
2021-12-15 14:00:00,83.72
2021-12-15 15:00:00,83.78
2021-12-15 16:00:00,83.78
2021-12-15 17:00:00,83.46
2021-12-15 18:00:00,83.66
2021-12-15 19:00:00,83.65
2021-12-15 20:00:00,83.63
2021-12-15 21:00:00,83.66
2021-12-15 22:00:00,83.5
2021-12-15 23:00:00,82.15
2021-12-16 00:00:00,81.08
2021-12-16 01:00:00,79.1
2021-12-16 02:00:00,78.3
2021-12-16 03:00:00,78.99
2021-12-16 04:00:00,78.6
2021-12-16 05:00:00,78.58
2021-12-16 06:00:00,78.78
2021-12-16 07:00:00,80.05
2021-12-16 08:00:00,81.39
2021-12-16 09:00:00,83.07
2021-12-16 10:00:00,83.06
2021-12-16 11:00:00,82.46
2021-12-16 12:00:00,82.12
2021-12-16 13:00:00,82.33
2021-12-16 14:00:00,83.02
2021-12-16 15:00:00,84.01
2021-12-16 16:00:00,84.06
2021-12-16 17:00:00,82.82
2021-12-16 18:00:00,82.87
2021-12-16 19:00:00,82.97
2021-12-16 20:00:00,82.98
2021-12-16 21:00:00,82.97
2021-12-16 22:00:00,82.82
2021-12-16 23:00:00,81.83
2021-12-17 00:00:00,81.38
2021-12-17 01:00:00,79.38
2021-12-17 02:00:00,79.0
2021-12-17 03:00:00,79.04
2021-12-17 04:00:00,79.18
2021-12-17 05:00:00,79.25
2021-12-17 06:00:00,79.98
2021-12-17 07:00:00,80.4
2021-12-17 08:00:00,81.98
2021-12-17 09:00:00,84.18
2021-12-17 10:00:00,84.07
2021-12-17 11:00:00,83.79
2021-12-17 12:00:00,82.77
2021-12-17 13:00:00,82.91
2021-12-17 14:00:00,84.38
2021-12-17 15:00:00,85.33
2021-12-17 16:00:00,84.96
2021-12-17 17:00:00,83.92
2021-12-17 18:00:00,83.22
2021-12-17 19:00:00,83.95
2021-12-17 20:00:00,84.23
2021-12-17 21:00:00,83.73
2021-12-17 22:00:00,81.85
2021-12-17 23:00:00,80.66
2021-12-18 00:00:00,67.38
2021-12-18 01:00:00,66.1
2021-12-18 02:00:00,65.74
2021-12-18 03:00:00,65.72
2021-12-18 04:00:00,65.58
2021-12-18 05:00:00,65.24
2021-12-18 06:00:00,65.18
2021-12-18 07:00:00,65.25
2021-12-18 08:00:00,65.51
2021-12-18 09:00:00,65.86
2021-12-18 10:00:00,65.93
2021-12-18 11:00:00,65.69
2021-12-18 12:00:00,65.33
2021-12-18 13:00:00,65.32
2021-12-18 14:00:00,65.45
2021-12-18 15:00:00,65.62
2021-12-18 16:00:00,65.65
2021-12-18 17:00:00,66.23
2021-12-18 18:00:00,67.23
2021-12-18 19:00:00,67.47
2021-12-18 20:00:00,66.95
2021-12-18 21:00:00,66.15
2021-12-18 22:00:00,66.14
2021-12-18 23:00:00,65.99
2021-12-19 00:00:00,66.79
2021-12-19 01:00:00,65.13
2021-12-19 02:00:00,65.13
2021-12-19 03:00:00,64.55
2021-12-19 04:00:00,64.87
2021-12-19 05:00:00,64.57
2021-12-19 06:00:00,64.55
2021-12-19 07:00:00,64.31
2021-12-19 08:00:00,64.29
2021-12-19 09:00:00,65.08
2021-12-19 10:00:00,65.48
2021-12-19 11:00:00,65.31
2021-12-19 12:00:00,65.29
2021-12-19 13:00:00,64.84
2021-12-19 14:00:00,64.82
2021-12-19 15:00:00,65.34
2021-12-19 16:00:00,65.64
2021-12-19 17:00:00,66.3
2021-12-19 18:00:00,67.5
2021-12-19 19:00:00,67.89
2021-12-19 20:00:00,67.7
2021-12-19 21:00:00,67.63
2021-12-19 22:00:00,67.56
2021-12-19 23:00:00,66.7
2021-12-20 00:00:00,67.02
2021-12-20 01:00:00,65.87
2021-12-20 02:00:00,65.51
2021-12-20 03:00:00,64.85
2021-12-20 04:00:00,65.25
2021-12-20 05:00:00,65.45
2021-12-20 06:00:00,65.9
2021-12-20 07:00:00,67.11
2021-12-20 08:00:00,68.07
2021-12-20 09:00:00,68.43
2021-12-20 10:00:00,69.01
2021-12-20 11:00:00,68.8
2021-12-20 12:00:00,68.09
2021-12-20 13:00:00,68.68
2021-12-20 14:00:00,69.34
2021-12-20 15:00:00,69.51
2021-12-20 16:00:00,69.29
2021-12-20 17:00:00,68.63
2021-12-20 18:00:00,68.64
2021-12-20 19:00:00,69.09
2021-12-20 20:00:00,69.16
2021-12-20 21:00:00,69.46
2021-12-20 22:00:00,69.15
2021-12-20 23:00:00,68.42
2021-12-21 00:00:00,67.97
2021-12-21 01:00:00,66.55
2021-12-21 02:00:00,65.85
2021-12-21 03:00:00,65.82
2021-12-21 04:00:00,65.82
2021-12-21 05:00:00,65.82
2021-12-21 06:00:00,66.27
2021-12-21 07:00:00,66.67
2021-12-21 08:00:00,67.72
2021-12-21 09:00:00,67.74
2021-12-21 10:00:00,67.71
2021-12-21 11:00:00,67.65
2021-12-21 12:00:00,67.31
2021-12-21 13:00:00,67.63
2021-12-21 14:00:00,68.11
2021-12-21 15:00:00,68.28
2021-12-21 16:00:00,68.24
2021-12-21 17:00:00,67.83
2021-12-21 18:00:00,67.76
2021-12-21 19:00:00,68.23
2021-12-21 20:00:00,68.13
2021-12-21 21:00:00,68.7
2021-12-21 22:00:00,68.05
2021-12-21 23:00:00,67.6
2021-12-22 00:00:00,68.74
2021-12-22 01:00:00,66.53
2021-12-22 02:00:00,66.16
2021-12-22 03:00:00,65.64
2021-12-22 04:00:00,65.67
2021-12-22 05:00:00,65.41
2021-12-22 06:00:00,65.78
2021-12-22 07:00:00,66.38
2021-12-22 08:00:00,67.07
2021-12-22 09:00:00,67.57
2021-12-22 10:00:00,67.48
2021-12-22 11:00:00,67.22
2021-12-22 12:00:00,67.04
2021-12-22 13:00:00,67.28
2021-12-22 14:00:00,67.91
2021-12-22 15:00:00,68.77
2021-12-22 16:00:00,68.68
2021-12-22 17:00:00,67.78
2021-12-22 18:00:00,67.77
2021-12-22 19:00:00,68.19
2021-12-22 20:00:00,68.29
2021-12-22 21:00:00,68.42
2021-12-22 22:00:00,68.46
2021-12-22 23:00:00,67.76
2021-12-23 00:00:00,68.1
2021-12-23 01:00:00,66.56
2021-12-23 02:00:00,66.0
2021-12-23 03:00:00,65.58
2021-12-23 04:00:00,65.69
2021-12-23 05:00:00,65.45
2021-12-23 06:00:00,65.4
2021-12-23 07:00:00,65.58
2021-12-23 08:00:00,66.38
2021-12-23 09:00:00,66.86
2021-12-23 10:00:00,66.84
2021-12-23 11:00:00,66.57
2021-12-23 12:00:00,66.26
2021-12-23 13:00:00,66.49
2021-12-23 14:00:00,66.61
2021-12-23 15:00:00,66.88
2021-12-23 16:00:00,66.85
2021-12-23 17:00:00,66.81
2021-12-23 18:00:00,66.73
2021-12-23 19:00:00,66.77
2021-12-23 20:00:00,66.86
2021-12-23 21:00:00,67.04
2021-12-23 22:00:00,66.96
2021-12-23 23:00:00,66.9
2021-12-24 00:00:00,66.01
2021-12-24 01:00:00,63.91
2021-12-24 02:00:00,63.45
2021-12-24 03:00:00,63.38
2021-12-24 04:00:00,63.22
2021-12-24 05:00:00,63.16
2021-12-24 06:00:00,63.16
2021-12-24 07:00:00,63.17
2021-12-24 08:00:00,63.35
2021-12-24 09:00:00,63.37
2021-12-24 10:00:00,63.38
2021-12-24 11:00:00,63.34
2021-12-24 12:00:00,63.28
2021-12-24 13:00:00,63.36
2021-12-24 14:00:00,63.4
2021-12-24 15:00:00,63.42
2021-12-24 16:00:00,63.44
2021-12-24 17:00:00,63.44
2021-12-24 18:00:00,64.02
2021-12-24 19:00:00,65.04
2021-12-24 20:00:00,64.57
2021-12-24 21:00:00,62.29
2021-12-24 22:00:00,62.98
2021-12-24 23:00:00,62.04
2021-12-25 00:00:00,66.32
2021-12-25 01:00:00,65.92
2021-12-25 02:00:00,65.73
2021-12-25 03:00:00,64.79
2021-12-25 04:00:00,63.71
2021-12-25 05:00:00,55.81
2021-12-25 06:00:00,49.77
2021-12-25 07:00:00,49.77
2021-12-25 08:00:00,49.77
2021-12-25 09:00:00,49.77
2021-12-25 10:00:00,53.96
2021-12-25 11:00:00,57.33
2021-12-25 12:00:00,51.32
2021-12-25 13:00:00,49.77
2021-12-25 14:00:00,49.77
2021-12-25 15:00:00,49.77
2021-12-25 16:00:00,49.77
2021-12-25 17:00:00,64.12
2021-12-25 18:00:00,66.93
2021-12-25 19:00:00,67.72
2021-12-25 20:00:00,67.77
2021-12-25 21:00:00,67.86
2021-12-25 22:00:00,67.73
2021-12-25 23:00:00,67.49
2021-12-26 00:00:00,68.6
2021-12-26 01:00:00,67.64
2021-12-26 02:00:00,67.4
2021-12-26 03:00:00,67.32
2021-12-26 04:00:00,66.94
2021-12-26 05:00:00,65.75
2021-12-26 06:00:00,64.81
2021-12-26 07:00:00,64.04
2021-12-26 08:00:00,63.0
2021-12-26 09:00:00,63.27
2021-12-26 10:00:00,63.88
2021-12-26 11:00:00,63.99
2021-12-26 12:00:00,63.49
2021-12-26 13:00:00,63.6
2021-12-26 14:00:00,64.28
2021-12-26 15:00:00,64.63
2021-12-26 16:00:00,65.4
2021-12-26 17:00:00,67.16
2021-12-26 18:00:00,68.4
2021-12-26 19:00:00,69.44
2021-12-26 20:00:00,69.1
2021-12-26 21:00:00,69.55
2021-12-26 22:00:00,68.39
2021-12-26 23:00:00,67.24
2021-12-27 00:00:00,67.56
2021-12-27 01:00:00,66.77
2021-12-27 02:00:00,66.06
2021-12-27 03:00:00,65.99
2021-12-27 04:00:00,66.15
2021-12-27 05:00:00,66.29
2021-12-27 06:00:00,67.22
2021-12-27 07:00:00,67.65
2021-12-27 08:00:00,68.1
2021-12-27 09:00:00,68.29
2021-12-27 10:00:00,68.68
2021-12-27 11:00:00,68.5
2021-12-27 12:00:00,68.09
2021-12-27 13:00:00,68.68
2021-12-27 14:00:00,69.0
2021-12-27 15:00:00,69.21
2021-12-27 16:00:00,69.37
2021-12-27 17:00:00,68.71
2021-12-27 18:00:00,68.7
2021-12-27 19:00:00,69.58
2021-12-27 20:00:00,68.91
2021-12-27 21:00:00,69.86
2021-12-27 22:00:00,68.9
2021-12-27 23:00:00,66.64
2021-12-28 00:00:00,69.55
2021-12-28 01:00:00,67.58
2021-12-28 02:00:00,67.45
2021-12-28 03:00:00,67.15
2021-12-28 04:00:00,67.43
2021-12-28 05:00:00,67.07
2021-12-28 06:00:00,67.44
2021-12-28 07:00:00,67.56
2021-12-28 08:00:00,67.88
2021-12-28 09:00:00,68.61
2021-12-28 10:00:00,68.47
2021-12-28 11:00:00,68.09
2021-12-28 12:00:00,68.09
2021-12-28 13:00:00,68.29
2021-12-28 14:00:00,68.59
2021-12-28 15:00:00,69.32
2021-12-28 16:00:00,69.17
2021-12-28 17:00:00,68.48
2021-12-28 18:00:00,68.57
2021-12-28 19:00:00,69.59
2021-12-28 20:00:00,68.84
2021-12-28 21:00:00,70.43
2021-12-28 22:00:00,69.17
2021-12-28 23:00:00,67.66
2021-12-29 00:00:00,67.45
2021-12-29 01:00:00,64.71
2021-12-29 02:00:00,64.83
2021-12-29 03:00:00,64.97
2021-12-29 04:00:00,64.97
2021-12-29 05:00:00,64.37
2021-12-29 06:00:00,64.63
2021-12-29 07:00:00,65.36
2021-12-29 08:00:00,66.7
2021-12-29 09:00:00,67.35
2021-12-29 10:00:00,67.36
2021-12-29 11:00:00,66.77
2021-12-29 12:00:00,66.72
2021-12-29 13:00:00,67.11
2021-12-29 14:00:00,66.92
2021-12-29 15:00:00,66.92
2021-12-29 16:00:00,66.28
2021-12-29 17:00:00,65.58
2021-12-29 18:00:00,67.08
2021-12-29 19:00:00,66.16
2021-12-29 20:00:00,64.57
2021-12-29 21:00:00,68.55
2021-12-29 22:00:00,67.08
2021-12-29 23:00:00,63.18
2021-12-30 00:00:00,67.3
2021-12-30 01:00:00,66.27
2021-12-30 02:00:00,65.15
2021-12-30 03:00:00,64.94
2021-12-30 04:00:00,64.93
2021-12-30 05:00:00,64.4
2021-12-30 06:00:00,64.72
2021-12-30 07:00:00,65.78
2021-12-30 08:00:00,66.64
2021-12-30 09:00:00,66.65
2021-12-30 10:00:00,67.14
2021-12-30 11:00:00,67.06
2021-12-30 12:00:00,66.54
2021-12-30 13:00:00,65.98
2021-12-30 14:00:00,67.41
2021-12-30 15:00:00,67.4
2021-12-30 16:00:00,66.66
2021-12-30 17:00:00,66.55
2021-12-30 18:00:00,67.26
2021-12-30 19:00:00,66.58
2021-12-30 20:00:00,64.9
2021-12-30 21:00:00,69.15
2021-12-30 22:00:00,67.39
2021-12-30 23:00:00,63.55
2021-12-31 00:00:00,67.39
2021-12-31 01:00:00,65.8
2021-12-31 02:00:00,63.48
2021-12-31 03:00:00,62.89
2021-12-31 04:00:00,61.62
2021-12-31 05:00:00,56.28
2021-12-31 06:00:00,57.08
2021-12-31 07:00:00,57.62
2021-12-31 08:00:00,58.69
2021-12-31 09:00:00,58.84
2021-12-31 10:00:00,54.87
2021-12-31 11:00:00,50.12
2021-12-31 12:00:00,50.18
2021-12-31 13:00:00,50.13
2021-12-31 14:00:00,50.09
2021-12-31 15:00:00,49.77
2021-12-31 16:00:00,49.77
2021-12-31 17:00:00,54.66
2021-12-31 18:00:00,62.72
2021-12-31 19:00:00,67.81
2021-12-31 20:00:00,63.85
2021-12-31 21:00:00,67.56
2021-12-31 22:00:00,61.86
2021-12-31 23:00:00,58.09
2022-01-01 00:00:00,55.7
2022-01-01 01:00:00,55.7
2022-01-01 02:00:00,55.7
2022-01-01 03:00:00,55.7
2022-01-01 04:00:00,55.7
2022-01-01 05:00:00,55.7
2022-01-01 06:00:00,55.7
2022-01-01 07:00:00,55.7
2022-01-01 08:00:00,55.7
2022-01-01 09:00:00,55.7
2022-01-01 10:00:00,55.7
2022-01-01 11:00:00,55.7
2022-01-01 12:00:00,55.7
2022-01-01 13:00:00,55.7
2022-01-01 14:00:00,55.7
2022-01-01 15:00:00,55.7
2022-01-01 16:00:00,55.7
2022-01-01 17:00:00,55.7
2022-01-01 18:00:00,55.7
2022-01-01 19:00:00,55.7
2022-01-01 20:00:00,55.7
2022-01-01 21:00:00,55.7
2022-01-01 22:00:00,55.7
2022-01-01 23:00:00,55.7
2022-01-02 00:00:00,55.7
2022-01-02 01:00:00,55.7
2022-01-02 02:00:00,55.7
2022-01-02 03:00:00,55.7
2022-01-02 04:00:00,55.7
2022-01-02 05:00:00,55.7
2022-01-02 06:00:00,55.7
2022-01-02 07:00:00,55.7
2022-01-02 08:00:00,55.7
2022-01-02 09:00:00,55.7
2022-01-02 10:00:00,55.7
2022-01-02 11:00:00,55.7
2022-01-02 12:00:00,55.7
2022-01-02 13:00:00,55.7
2022-01-02 14:00:00,55.7
2022-01-02 15:00:00,55.7
2022-01-02 16:00:00,55.7
2022-01-02 17:00:00,55.7
2022-01-02 18:00:00,55.7
2022-01-02 19:00:00,55.7
2022-01-02 20:00:00,55.7
2022-01-02 21:00:00,55.7
2022-01-02 22:00:00,55.7
2022-01-02 23:00:00,55.7
2022-01-03 00:00:00,62.34
2022-01-03 01:00:00,55.7
2022-01-03 02:00:00,55.7
2022-01-03 03:00:00,55.7
2022-01-03 04:00:00,55.7
2022-01-03 05:00:00,55.7
2022-01-03 06:00:00,55.7
2022-01-03 07:00:00,55.7
2022-01-03 08:00:00,55.7
2022-01-03 09:00:00,55.7
2022-01-03 10:00:00,57.75
2022-01-03 11:00:00,69.03
2022-01-03 12:00:00,69.13
2022-01-03 13:00:00,63.99
2022-01-03 14:00:00,59.26
2022-01-03 15:00:00,59.27
2022-01-03 16:00:00,61.51
2022-01-03 17:00:00,63.57
2022-01-03 18:00:00,63.62
2022-01-03 19:00:00,62.92
2022-01-03 20:00:00,62.12
2022-01-03 21:00:00,64.61
2022-01-03 22:00:00,64.62
2022-01-03 23:00:00,64.68
2022-01-04 00:00:00,55.7
2022-01-04 01:00:00,55.7
2022-01-04 02:00:00,55.7
2022-01-04 03:00:00,68.39
2022-01-04 04:00:00,70.28
2022-01-04 05:00:00,69.3
2022-01-04 06:00:00,55.7
2022-01-04 07:00:00,55.7
2022-01-04 08:00:00,55.7
2022-01-04 09:00:00,73.43
2022-01-04 10:00:00,75.03
2022-01-04 11:00:00,74.59
2022-01-04 12:00:00,62.98
2022-01-04 13:00:00,62.35
2022-01-04 14:00:00,62.6
2022-01-04 15:00:00,67.59
2022-01-04 16:00:00,67.91
2022-01-04 17:00:00,67.86
2022-01-04 18:00:00,65.81
2022-01-04 19:00:00,65.73
2022-01-04 20:00:00,65.78
2022-01-04 21:00:00,69.0
2022-01-04 22:00:00,69.04
2022-01-04 23:00:00,69.02
2022-01-05 00:00:00,76.93
2022-01-05 01:00:00,72.9
2022-01-05 02:00:00,72.47
2022-01-05 03:00:00,70.36
2022-01-05 04:00:00,72.07
2022-01-05 05:00:00,68.75
2022-01-05 06:00:00,55.7
2022-01-05 07:00:00,55.7
2022-01-05 08:00:00,69.68
2022-01-05 09:00:00,76.25
2022-01-05 10:00:00,76.56
2022-01-05 11:00:00,73.82
2022-01-05 12:00:00,71.08
2022-01-05 13:00:00,71.01
2022-01-05 14:00:00,72.25
2022-01-05 15:00:00,73.48
2022-01-05 16:00:00,73.57
2022-01-05 17:00:00,73.1
2022-01-05 18:00:00,72.64
2022-01-05 19:00:00,72.67
2022-01-05 20:00:00,72.93
2022-01-05 21:00:00,75.7
2022-01-05 22:00:00,75.67
2022-01-05 23:00:00,75.65
2022-01-06 00:00:00,73.92
2022-01-06 01:00:00,72.55
2022-01-06 02:00:00,72.4
2022-01-06 03:00:00,71.91
2022-01-06 04:00:00,71.56
2022-01-06 05:00:00,55.7
2022-01-06 06:00:00,55.7
2022-01-06 07:00:00,55.7
2022-01-06 08:00:00,55.7
2022-01-06 09:00:00,55.7
2022-01-06 10:00:00,55.7
2022-01-06 11:00:00,55.7
2022-01-06 12:00:00,55.7
2022-01-06 13:00:00,55.7
2022-01-06 14:00:00,55.7
2022-01-06 15:00:00,55.7
2022-01-06 16:00:00,55.7
2022-01-06 17:00:00,72.17
2022-01-06 18:00:00,75.55
2022-01-06 19:00:00,76.49
2022-01-06 20:00:00,76.79
2022-01-06 21:00:00,76.73
2022-01-06 22:00:00,76.01
2022-01-06 23:00:00,74.64
2022-01-07 00:00:00,66.29
2022-01-07 01:00:00,65.21
2022-01-07 02:00:00,64.51
2022-01-07 03:00:00,55.7
2022-01-07 04:00:00,55.7
2022-01-07 05:00:00,55.7
2022-01-07 06:00:00,55.7
2022-01-07 07:00:00,55.7
2022-01-07 08:00:00,55.7
2022-01-07 09:00:00,55.7
2022-01-07 10:00:00,55.7
2022-01-07 11:00:00,55.7
2022-01-07 12:00:00,55.7
2022-01-07 13:00:00,55.7
2022-01-07 14:00:00,55.7
2022-01-07 15:00:00,55.7
2022-01-07 16:00:00,55.7
2022-01-07 17:00:00,55.7
2022-01-07 18:00:00,66.7
2022-01-07 19:00:00,68.24
2022-01-07 20:00:00,68.59
2022-01-07 21:00:00,68.59
2022-01-07 22:00:00,67.62
2022-01-07 23:00:00,67.25
2022-01-08 00:00:00,55.7
2022-01-08 01:00:00,55.7
2022-01-08 02:00:00,55.7
2022-01-08 03:00:00,55.7
2022-01-08 04:00:00,55.7
2022-01-08 05:00:00,55.7
2022-01-08 06:00:00,55.7
2022-01-08 07:00:00,55.7
2022-01-08 08:00:00,55.7
2022-01-08 09:00:00,55.7
2022-01-08 10:00:00,55.7
2022-01-08 11:00:00,55.7
2022-01-08 12:00:00,55.7
2022-01-08 13:00:00,55.7
2022-01-08 14:00:00,55.7
2022-01-08 15:00:00,55.7
2022-01-08 16:00:00,55.7
2022-01-08 17:00:00,55.7
2022-01-08 18:00:00,55.7
2022-01-08 19:00:00,55.7
2022-01-08 20:00:00,55.7
2022-01-08 21:00:00,55.7
2022-01-08 22:00:00,55.7
2022-01-08 23:00:00,55.7
2022-01-09 00:00:00,55.7
2022-01-09 01:00:00,55.7
2022-01-09 02:00:00,55.7
2022-01-09 03:00:00,55.7
2022-01-09 04:00:00,55.7
2022-01-09 05:00:00,55.7
2022-01-09 06:00:00,55.7
2022-01-09 07:00:00,55.7
2022-01-09 08:00:00,55.7
2022-01-09 09:00:00,55.7
2022-01-09 10:00:00,55.7
2022-01-09 11:00:00,55.7
2022-01-09 12:00:00,55.7
2022-01-09 13:00:00,55.7
2022-01-09 14:00:00,55.7
2022-01-09 15:00:00,55.7
2022-01-09 16:00:00,55.7
2022-01-09 17:00:00,55.7
2022-01-09 18:00:00,55.7
2022-01-09 19:00:00,55.7
2022-01-09 20:00:00,55.7
2022-01-09 21:00:00,55.7
2022-01-09 22:00:00,55.7
2022-01-09 23:00:00,55.7
2022-01-10 00:00:00,55.7
2022-01-10 01:00:00,55.7
2022-01-10 02:00:00,55.7
2022-01-10 03:00:00,55.7
2022-01-10 04:00:00,55.7
2022-01-10 05:00:00,55.7
2022-01-10 06:00:00,55.7
2022-01-10 07:00:00,55.7
2022-01-10 08:00:00,55.7
2022-01-10 09:00:00,55.7
2022-01-10 10:00:00,55.7
2022-01-10 11:00:00,55.7
2022-01-10 12:00:00,55.7
2022-01-10 13:00:00,55.7
2022-01-10 14:00:00,55.7
2022-01-10 15:00:00,55.7
2022-01-10 16:00:00,55.7
2022-01-10 17:00:00,55.7
2022-01-10 18:00:00,55.7
2022-01-10 19:00:00,61.64
2022-01-10 20:00:00,55.7
2022-01-10 21:00:00,62.47
2022-01-10 22:00:00,61.7
2022-01-10 23:00:00,55.7
2022-01-11 00:00:00,61.7
2022-01-11 01:00:00,56.66
2022-01-11 02:00:00,55.7
2022-01-11 03:00:00,55.7
2022-01-11 04:00:00,55.7
2022-01-11 05:00:00,55.7
2022-01-11 06:00:00,55.7
2022-01-11 07:00:00,55.7
2022-01-11 08:00:00,55.7
2022-01-11 09:00:00,55.7
2022-01-11 10:00:00,55.7
2022-01-11 11:00:00,55.7
2022-01-11 12:00:00,55.7
2022-01-11 13:00:00,55.7
2022-01-11 14:00:00,55.7
2022-01-11 15:00:00,55.7
2022-01-11 16:00:00,63.68
2022-01-11 17:00:00,63.67
2022-01-11 18:00:00,63.75
2022-01-11 19:00:00,64.54
2022-01-11 20:00:00,64.51
2022-01-11 21:00:00,67.5
2022-01-11 22:00:00,64.71
2022-01-11 23:00:00,55.7
2022-01-12 00:00:00,55.7
2022-01-12 01:00:00,55.7
2022-01-12 02:00:00,55.7
2022-01-12 03:00:00,55.7
2022-01-12 04:00:00,55.7
2022-01-12 05:00:00,55.7
2022-01-12 06:00:00,55.7
2022-01-12 07:00:00,55.7
2022-01-12 08:00:00,55.7
2022-01-12 09:00:00,55.7
2022-01-12 10:00:00,55.7
2022-01-12 11:00:00,55.7
2022-01-12 12:00:00,55.7
2022-01-12 13:00:00,55.7
2022-01-12 14:00:00,55.7
2022-01-12 15:00:00,55.7
2022-01-12 16:00:00,55.7
2022-01-12 17:00:00,55.7
2022-01-12 18:00:00,55.7
2022-01-12 19:00:00,55.7
2022-01-12 20:00:00,55.7
2022-01-12 21:00:00,55.7
2022-01-12 22:00:00,55.7
2022-01-12 23:00:00,55.7
2022-01-13 00:00:00,55.7
2022-01-13 01:00:00,55.7
2022-01-13 02:00:00,55.7
2022-01-13 03:00:00,55.7
2022-01-13 04:00:00,55.7
2022-01-13 05:00:00,55.7
2022-01-13 06:00:00,55.7
2022-01-13 07:00:00,55.7
2022-01-13 08:00:00,55.7
2022-01-13 09:00:00,55.7
2022-01-13 10:00:00,55.7
2022-01-13 11:00:00,55.7
2022-01-13 12:00:00,55.7
2022-01-13 13:00:00,55.7
2022-01-13 14:00:00,55.7
2022-01-13 15:00:00,55.7
2022-01-13 16:00:00,55.7
2022-01-13 17:00:00,55.7
2022-01-13 18:00:00,55.7
2022-01-13 19:00:00,55.7
2022-01-13 20:00:00,55.7
2022-01-13 21:00:00,55.7
2022-01-13 22:00:00,55.7
2022-01-13 23:00:00,55.7
2022-01-14 00:00:00,55.7
2022-01-14 01:00:00,55.7
2022-01-14 02:00:00,55.7
2022-01-14 03:00:00,55.7
2022-01-14 04:00:00,55.7
2022-01-14 05:00:00,55.7
2022-01-14 06:00:00,55.7
2022-01-14 07:00:00,55.7
2022-01-14 08:00:00,55.7
2022-01-14 09:00:00,55.7
2022-01-14 10:00:00,55.7
2022-01-14 11:00:00,55.7
2022-01-14 12:00:00,55.7
2022-01-14 13:00:00,55.7
2022-01-14 14:00:00,55.7
2022-01-14 15:00:00,55.7
2022-01-14 16:00:00,55.7
2022-01-14 17:00:00,55.7
2022-01-14 18:00:00,55.7
2022-01-14 19:00:00,55.7
2022-01-14 20:00:00,55.7
2022-01-14 21:00:00,55.7
2022-01-14 22:00:00,55.7
2022-01-14 23:00:00,55.7
2022-01-15 00:00:00,55.7
2022-01-15 01:00:00,55.7
2022-01-15 02:00:00,55.7
2022-01-15 03:00:00,55.7
2022-01-15 04:00:00,55.7
2022-01-15 05:00:00,55.7
2022-01-15 06:00:00,55.7
2022-01-15 07:00:00,55.7
2022-01-15 08:00:00,55.7
2022-01-15 09:00:00,55.7
2022-01-15 10:00:00,55.7
2022-01-15 11:00:00,55.7
2022-01-15 12:00:00,55.7
2022-01-15 13:00:00,55.7
2022-01-15 14:00:00,55.7
2022-01-15 15:00:00,55.7
2022-01-15 16:00:00,55.7
2022-01-15 17:00:00,55.7
2022-01-15 18:00:00,55.7
2022-01-15 19:00:00,55.7
2022-01-15 20:00:00,55.7
2022-01-15 21:00:00,55.7
2022-01-15 22:00:00,55.7
2022-01-15 23:00:00,55.7
2022-01-16 00:00:00,55.7
2022-01-16 01:00:00,55.7
2022-01-16 02:00:00,55.7
2022-01-16 03:00:00,55.7
2022-01-16 04:00:00,55.7
2022-01-16 05:00:00,55.7
2022-01-16 06:00:00,55.7
2022-01-16 07:00:00,55.7
2022-01-16 08:00:00,55.7
2022-01-16 09:00:00,55.7
2022-01-16 10:00:00,55.7
2022-01-16 11:00:00,55.7
2022-01-16 12:00:00,55.7
2022-01-16 13:00:00,55.7
2022-01-16 14:00:00,55.7
2022-01-16 15:00:00,55.7
2022-01-16 16:00:00,55.7
2022-01-16 17:00:00,55.7
2022-01-16 18:00:00,55.7
2022-01-16 19:00:00,55.7
2022-01-16 20:00:00,55.7
2022-01-16 21:00:00,55.7
2022-01-16 22:00:00,55.7
2022-01-16 23:00:00,55.7
2022-01-17 00:00:00,55.7
2022-01-17 01:00:00,55.7
2022-01-17 02:00:00,55.7
2022-01-17 03:00:00,55.7
2022-01-17 04:00:00,55.7
2022-01-17 05:00:00,55.7
2022-01-17 06:00:00,55.7
2022-01-17 07:00:00,55.7
2022-01-17 08:00:00,55.7
2022-01-17 09:00:00,55.7
2022-01-17 10:00:00,55.7
2022-01-17 11:00:00,55.7
2022-01-17 12:00:00,55.7
2022-01-17 13:00:00,55.7
2022-01-17 14:00:00,55.7
2022-01-17 15:00:00,55.7
2022-01-17 16:00:00,55.7
2022-01-17 17:00:00,55.7
2022-01-17 18:00:00,55.7
2022-01-17 19:00:00,55.7
2022-01-17 20:00:00,55.7
2022-01-17 21:00:00,55.7
2022-01-17 22:00:00,55.7
2022-01-17 23:00:00,55.7
2022-01-18 00:00:00,55.7
2022-01-18 01:00:00,55.7
2022-01-18 02:00:00,55.7
2022-01-18 03:00:00,55.7
2022-01-18 04:00:00,55.7
2022-01-18 05:00:00,55.7
2022-01-18 06:00:00,55.7
2022-01-18 07:00:00,55.7
2022-01-18 08:00:00,55.7
2022-01-18 09:00:00,55.7
2022-01-18 10:00:00,55.7
2022-01-18 11:00:00,55.7
2022-01-18 12:00:00,55.7
2022-01-18 13:00:00,55.7
2022-01-18 14:00:00,55.7
2022-01-18 15:00:00,55.7
2022-01-18 16:00:00,55.7
2022-01-18 17:00:00,55.7
2022-01-18 18:00:00,55.7
2022-01-18 19:00:00,55.7
2022-01-18 20:00:00,55.7
2022-01-18 21:00:00,55.7
2022-01-18 22:00:00,55.7
2022-01-18 23:00:00,55.7
2022-01-19 00:00:00,55.7
2022-01-19 01:00:00,55.7
2022-01-19 02:00:00,55.7
2022-01-19 03:00:00,55.7
2022-01-19 04:00:00,55.7
2022-01-19 05:00:00,55.7
2022-01-19 06:00:00,55.7
2022-01-19 07:00:00,55.7
2022-01-19 08:00:00,55.7
2022-01-19 09:00:00,55.7
2022-01-19 10:00:00,55.7
2022-01-19 11:00:00,55.7
2022-01-19 12:00:00,55.7
2022-01-19 13:00:00,55.7
2022-01-19 14:00:00,55.7
2022-01-19 15:00:00,55.7
2022-01-19 16:00:00,55.7
2022-01-19 17:00:00,55.7
2022-01-19 18:00:00,55.7
2022-01-19 19:00:00,55.7
2022-01-19 20:00:00,55.7
2022-01-19 21:00:00,55.7
2022-01-19 22:00:00,55.7
2022-01-19 23:00:00,55.7
2022-01-20 00:00:00,55.7
2022-01-20 01:00:00,55.7
2022-01-20 02:00:00,55.7
2022-01-20 03:00:00,55.7
2022-01-20 04:00:00,55.7
2022-01-20 05:00:00,55.7
2022-01-20 06:00:00,55.7
2022-01-20 07:00:00,55.7
2022-01-20 08:00:00,55.7
2022-01-20 09:00:00,55.7
2022-01-20 10:00:00,55.7
2022-01-20 11:00:00,55.7
2022-01-20 12:00:00,55.7
2022-01-20 13:00:00,55.7
2022-01-20 14:00:00,55.7
2022-01-20 15:00:00,55.7
2022-01-20 16:00:00,55.7
2022-01-20 17:00:00,55.7
2022-01-20 18:00:00,55.7
2022-01-20 19:00:00,55.7
2022-01-20 20:00:00,55.7
2022-01-20 21:00:00,55.7
2022-01-20 22:00:00,55.7
2022-01-20 23:00:00,55.7
2022-01-21 00:00:00,55.7
2022-01-21 01:00:00,55.7
2022-01-21 02:00:00,55.7
2022-01-21 03:00:00,55.7
2022-01-21 04:00:00,55.7
2022-01-21 05:00:00,55.7
2022-01-21 06:00:00,55.7
2022-01-21 07:00:00,55.7
2022-01-21 08:00:00,55.7
2022-01-21 09:00:00,55.7
2022-01-21 10:00:00,55.7
2022-01-21 11:00:00,55.7
2022-01-21 12:00:00,55.7
2022-01-21 13:00:00,55.7
2022-01-21 14:00:00,55.7
2022-01-21 15:00:00,55.7
2022-01-21 16:00:00,55.7
2022-01-21 17:00:00,55.7
2022-01-21 18:00:00,55.7
2022-01-21 19:00:00,55.7
2022-01-21 20:00:00,55.7
2022-01-21 21:00:00,55.7
2022-01-21 22:00:00,55.7
2022-01-21 23:00:00,55.7
2022-01-22 00:00:00,55.7
2022-01-22 01:00:00,55.7
2022-01-22 02:00:00,55.7
2022-01-22 03:00:00,55.7
2022-01-22 04:00:00,55.7
2022-01-22 05:00:00,55.7
2022-01-22 06:00:00,55.7
2022-01-22 07:00:00,55.7
2022-01-22 08:00:00,55.7
2022-01-22 09:00:00,55.7
2022-01-22 10:00:00,55.7
2022-01-22 11:00:00,55.7
2022-01-22 12:00:00,55.7
2022-01-22 13:00:00,55.7
2022-01-22 14:00:00,55.7
2022-01-22 15:00:00,55.7
2022-01-22 16:00:00,55.7
2022-01-22 17:00:00,55.7
2022-01-22 18:00:00,55.7
2022-01-22 19:00:00,55.7
2022-01-22 20:00:00,55.7
2022-01-22 21:00:00,55.7
2022-01-22 22:00:00,55.7
2022-01-22 23:00:00,55.7
2022-01-23 00:00:00,55.7
2022-01-23 01:00:00,55.7
2022-01-23 02:00:00,55.7
2022-01-23 03:00:00,55.7
2022-01-23 04:00:00,55.7
2022-01-23 05:00:00,55.7
2022-01-23 06:00:00,55.7
2022-01-23 07:00:00,55.7
2022-01-23 08:00:00,55.7
2022-01-23 09:00:00,55.7
2022-01-23 10:00:00,55.7
2022-01-23 11:00:00,55.7
2022-01-23 12:00:00,55.7
2022-01-23 13:00:00,55.7
2022-01-23 14:00:00,55.7
2022-01-23 15:00:00,55.7
2022-01-23 16:00:00,55.7
2022-01-23 17:00:00,55.7
2022-01-23 18:00:00,55.7
2022-01-23 19:00:00,55.7
2022-01-23 20:00:00,55.7
2022-01-23 21:00:00,55.7
2022-01-23 22:00:00,55.7
2022-01-23 23:00:00,55.7
2022-01-24 00:00:00,55.7
2022-01-24 01:00:00,55.7
2022-01-24 02:00:00,55.7
2022-01-24 03:00:00,55.7
2022-01-24 04:00:00,55.7
2022-01-24 05:00:00,55.7
2022-01-24 06:00:00,55.7
2022-01-24 07:00:00,55.7
2022-01-24 08:00:00,55.7
2022-01-24 09:00:00,55.7
2022-01-24 10:00:00,55.7
2022-01-24 11:00:00,55.7
2022-01-24 12:00:00,55.7
2022-01-24 13:00:00,55.7
2022-01-24 14:00:00,55.7
2022-01-24 15:00:00,55.7
2022-01-24 16:00:00,55.7
2022-01-24 17:00:00,55.7
2022-01-24 18:00:00,55.7
2022-01-24 19:00:00,55.7
2022-01-24 20:00:00,55.7
2022-01-24 21:00:00,55.7
2022-01-24 22:00:00,55.7
2022-01-24 23:00:00,55.7
2022-01-25 00:00:00,55.7
2022-01-25 01:00:00,55.7
2022-01-25 02:00:00,55.7
2022-01-25 03:00:00,55.7
2022-01-25 04:00:00,55.7
2022-01-25 05:00:00,55.7
2022-01-25 06:00:00,55.7
2022-01-25 07:00:00,55.7
2022-01-25 08:00:00,55.7
2022-01-25 09:00:00,55.7
2022-01-25 10:00:00,55.7
2022-01-25 11:00:00,55.7
2022-01-25 12:00:00,55.7
2022-01-25 13:00:00,55.7
2022-01-25 14:00:00,55.7
2022-01-25 15:00:00,55.7
2022-01-25 16:00:00,55.7
2022-01-25 17:00:00,55.7
2022-01-25 18:00:00,55.7
2022-01-25 19:00:00,55.7
2022-01-25 20:00:00,55.7
2022-01-25 21:00:00,55.7
2022-01-25 22:00:00,55.7
2022-01-25 23:00:00,55.7
2022-01-26 00:00:00,55.7
2022-01-26 01:00:00,55.7
2022-01-26 02:00:00,55.7
2022-01-26 03:00:00,55.7
2022-01-26 04:00:00,55.7
2022-01-26 05:00:00,55.7
2022-01-26 06:00:00,55.7
2022-01-26 07:00:00,55.7
2022-01-26 08:00:00,55.7
2022-01-26 09:00:00,55.7
2022-01-26 10:00:00,55.7
2022-01-26 11:00:00,55.7
2022-01-26 12:00:00,55.7
2022-01-26 13:00:00,55.7
2022-01-26 14:00:00,55.7
2022-01-26 15:00:00,55.7
2022-01-26 16:00:00,55.7
2022-01-26 17:00:00,55.7
2022-01-26 18:00:00,55.7
2022-01-26 19:00:00,55.7
2022-01-26 20:00:00,55.7
2022-01-26 21:00:00,55.7
2022-01-26 22:00:00,55.7
2022-01-26 23:00:00,55.7
2022-01-27 00:00:00,55.7
2022-01-27 01:00:00,55.7
2022-01-27 02:00:00,55.7
2022-01-27 03:00:00,55.7
2022-01-27 04:00:00,55.7
2022-01-27 05:00:00,55.7
2022-01-27 06:00:00,55.7
2022-01-27 07:00:00,55.7
2022-01-27 08:00:00,55.7
2022-01-27 09:00:00,55.7
2022-01-27 10:00:00,55.7
2022-01-27 11:00:00,55.7
2022-01-27 12:00:00,55.7
2022-01-27 13:00:00,55.7
2022-01-27 14:00:00,55.7
2022-01-27 15:00:00,55.7
2022-01-27 16:00:00,55.7
2022-01-27 17:00:00,55.7
2022-01-27 18:00:00,55.7
2022-01-27 19:00:00,55.7
2022-01-27 20:00:00,55.7
2022-01-27 21:00:00,55.7
2022-01-27 22:00:00,55.7
2022-01-27 23:00:00,55.7
2022-01-28 00:00:00,55.7
2022-01-28 01:00:00,55.7
2022-01-28 02:00:00,55.7
2022-01-28 03:00:00,55.7
2022-01-28 04:00:00,55.7
2022-01-28 05:00:00,55.7
2022-01-28 06:00:00,55.7
2022-01-28 07:00:00,55.7
2022-01-28 08:00:00,55.7
2022-01-28 09:00:00,55.7
2022-01-28 10:00:00,55.7
2022-01-28 11:00:00,55.7
2022-01-28 12:00:00,55.7
2022-01-28 13:00:00,55.7
2022-01-28 14:00:00,55.7
2022-01-28 15:00:00,55.7
2022-01-28 16:00:00,55.7
2022-01-28 17:00:00,55.7
2022-01-28 18:00:00,55.7
2022-01-28 19:00:00,55.7
2022-01-28 20:00:00,55.7
2022-01-28 21:00:00,55.7
2022-01-28 22:00:00,55.7
2022-01-28 23:00:00,55.7
2022-01-29 00:00:00,55.7
2022-01-29 01:00:00,55.7
2022-01-29 02:00:00,55.7
2022-01-29 03:00:00,55.7
2022-01-29 04:00:00,55.7
2022-01-29 05:00:00,55.7
2022-01-29 06:00:00,55.7
2022-01-29 07:00:00,55.7
2022-01-29 08:00:00,55.7
2022-01-29 09:00:00,55.7
2022-01-29 10:00:00,55.7
2022-01-29 11:00:00,55.7
2022-01-29 12:00:00,55.7
2022-01-29 13:00:00,55.7
2022-01-29 14:00:00,55.7
2022-01-29 15:00:00,55.7
2022-01-29 16:00:00,55.7
2022-01-29 17:00:00,55.7
2022-01-29 18:00:00,55.7
2022-01-29 19:00:00,55.7
2022-01-29 20:00:00,55.7
2022-01-29 21:00:00,55.7
2022-01-29 22:00:00,55.7
2022-01-29 23:00:00,55.7
2022-01-30 00:00:00,55.7
2022-01-30 01:00:00,55.7
2022-01-30 02:00:00,55.7
2022-01-30 03:00:00,55.7
2022-01-30 04:00:00,55.7
2022-01-30 05:00:00,55.7
2022-01-30 06:00:00,55.7
2022-01-30 07:00:00,55.7
2022-01-30 08:00:00,55.7
2022-01-30 09:00:00,55.7
2022-01-30 10:00:00,55.7
2022-01-30 11:00:00,55.7
2022-01-30 12:00:00,55.7
2022-01-30 13:00:00,55.7
2022-01-30 14:00:00,55.7
2022-01-30 15:00:00,55.7
2022-01-30 16:00:00,55.7
2022-01-30 17:00:00,55.7
2022-01-30 18:00:00,55.7
2022-01-30 19:00:00,55.7
2022-01-30 20:00:00,55.7
2022-01-30 21:00:00,55.7
2022-01-30 22:00:00,55.7
2022-01-30 23:00:00,55.7
2022-01-31 00:00:00,55.7
2022-01-31 01:00:00,55.7
2022-01-31 02:00:00,55.7
2022-01-31 03:00:00,55.7
2022-01-31 04:00:00,55.7
2022-01-31 05:00:00,55.7
2022-01-31 06:00:00,55.7
2022-01-31 07:00:00,55.7
2022-01-31 08:00:00,55.7
2022-01-31 09:00:00,55.7
2022-01-31 10:00:00,55.7
2022-01-31 11:00:00,55.7
2022-01-31 12:00:00,55.7
2022-01-31 13:00:00,55.7
2022-01-31 14:00:00,55.7
2022-01-31 15:00:00,55.7
2022-01-31 16:00:00,55.7
2022-01-31 17:00:00,55.7
2022-01-31 18:00:00,55.7
2022-01-31 19:00:00,55.7
2022-01-31 20:00:00,55.7
2022-01-31 21:00:00,55.7
2022-01-31 22:00:00,55.7
2022-01-31 23:00:00,55.7
2022-02-01 00:00:00,55.7
2022-02-01 01:00:00,55.7
2022-02-01 02:00:00,55.7
2022-02-01 03:00:00,55.7
2022-02-01 04:00:00,55.7
2022-02-01 05:00:00,55.7
2022-02-01 06:00:00,55.7
2022-02-01 07:00:00,55.7
2022-02-01 08:00:00,55.7
2022-02-01 09:00:00,55.7
2022-02-01 10:00:00,55.7
2022-02-01 11:00:00,55.7
2022-02-01 12:00:00,55.7
2022-02-01 13:00:00,55.7
2022-02-01 14:00:00,55.7
2022-02-01 15:00:00,55.7
2022-02-01 16:00:00,55.7
2022-02-01 17:00:00,55.7
2022-02-01 18:00:00,55.7
2022-02-01 19:00:00,55.7
2022-02-01 20:00:00,55.7
2022-02-01 21:00:00,55.7
2022-02-01 22:00:00,55.7
2022-02-01 23:00:00,55.7
2022-02-02 00:00:00,55.7
2022-02-02 01:00:00,55.7
2022-02-02 02:00:00,55.7
2022-02-02 03:00:00,55.7
2022-02-02 04:00:00,55.7
2022-02-02 05:00:00,55.7
2022-02-02 06:00:00,55.7
2022-02-02 07:00:00,55.7
2022-02-02 08:00:00,55.7
2022-02-02 09:00:00,55.7
2022-02-02 10:00:00,55.7
2022-02-02 11:00:00,55.7
2022-02-02 12:00:00,55.7
2022-02-02 13:00:00,55.7
2022-02-02 14:00:00,55.7
2022-02-02 15:00:00,55.7
2022-02-02 16:00:00,55.7
2022-02-02 17:00:00,55.7
2022-02-02 18:00:00,55.7
2022-02-02 19:00:00,55.7
2022-02-02 20:00:00,55.7
2022-02-02 21:00:00,55.7
2022-02-02 22:00:00,55.7
2022-02-02 23:00:00,55.7
2022-02-03 00:00:00,55.7
2022-02-03 01:00:00,55.7
2022-02-03 02:00:00,55.7
2022-02-03 03:00:00,55.7
2022-02-03 04:00:00,55.7
2022-02-03 05:00:00,55.7
2022-02-03 06:00:00,55.7
2022-02-03 07:00:00,55.7
2022-02-03 08:00:00,55.7
2022-02-03 09:00:00,55.7
2022-02-03 10:00:00,55.7
2022-02-03 11:00:00,55.7
2022-02-03 12:00:00,55.7
2022-02-03 13:00:00,55.7
2022-02-03 14:00:00,55.7
2022-02-03 15:00:00,55.7
2022-02-03 16:00:00,55.7
2022-02-03 17:00:00,55.7
2022-02-03 18:00:00,55.7
2022-02-03 19:00:00,55.7
2022-02-03 20:00:00,55.7
2022-02-03 21:00:00,55.7
2022-02-03 22:00:00,55.7
2022-02-03 23:00:00,55.7
2022-02-04 00:00:00,55.7
2022-02-04 01:00:00,55.7
2022-02-04 02:00:00,55.7
2022-02-04 03:00:00,55.7
2022-02-04 04:00:00,55.7
2022-02-04 05:00:00,55.7
2022-02-04 06:00:00,55.7
2022-02-04 07:00:00,55.7
2022-02-04 08:00:00,55.7
2022-02-04 09:00:00,55.7
2022-02-04 10:00:00,55.7
2022-02-04 11:00:00,55.7
2022-02-04 12:00:00,55.7
2022-02-04 13:00:00,55.7
2022-02-04 14:00:00,55.7
2022-02-04 15:00:00,55.7
2022-02-04 16:00:00,55.7
2022-02-04 17:00:00,55.7
2022-02-04 18:00:00,55.7
2022-02-04 19:00:00,55.7
2022-02-04 20:00:00,55.7
2022-02-04 21:00:00,55.7
2022-02-04 22:00:00,55.7
2022-02-04 23:00:00,55.7
2022-02-05 00:00:00,55.7
2022-02-05 01:00:00,55.7
2022-02-05 02:00:00,55.7
2022-02-05 03:00:00,55.7
2022-02-05 04:00:00,55.7
2022-02-05 05:00:00,55.7
2022-02-05 06:00:00,55.7
2022-02-05 07:00:00,55.7
2022-02-05 08:00:00,55.7
2022-02-05 09:00:00,55.7
2022-02-05 10:00:00,55.7
2022-02-05 11:00:00,55.7
2022-02-05 12:00:00,55.7
2022-02-05 13:00:00,55.7
2022-02-05 14:00:00,55.7
2022-02-05 15:00:00,55.7
2022-02-05 16:00:00,55.7
2022-02-05 17:00:00,55.7
2022-02-05 18:00:00,55.7
2022-02-05 19:00:00,55.7
2022-02-05 20:00:00,55.7
2022-02-05 21:00:00,55.7
2022-02-05 22:00:00,55.7
2022-02-05 23:00:00,55.7
2022-02-06 00:00:00,55.7
2022-02-06 01:00:00,55.7
2022-02-06 02:00:00,55.7
2022-02-06 03:00:00,55.7
2022-02-06 04:00:00,55.7
2022-02-06 05:00:00,55.7
2022-02-06 06:00:00,55.7
2022-02-06 07:00:00,55.7
2022-02-06 08:00:00,55.7
2022-02-06 09:00:00,55.7
2022-02-06 10:00:00,55.7
2022-02-06 11:00:00,55.7
2022-02-06 12:00:00,55.7
2022-02-06 13:00:00,55.7
2022-02-06 14:00:00,55.7
2022-02-06 15:00:00,55.7
2022-02-06 16:00:00,55.7
2022-02-06 17:00:00,55.7
2022-02-06 18:00:00,55.7
2022-02-06 19:00:00,55.7
2022-02-06 20:00:00,55.7
2022-02-06 21:00:00,55.7
2022-02-06 22:00:00,55.7
2022-02-06 23:00:00,55.7
2022-02-07 00:00:00,55.7
2022-02-07 01:00:00,55.7
2022-02-07 02:00:00,55.7
2022-02-07 03:00:00,55.7
2022-02-07 04:00:00,55.7
2022-02-07 05:00:00,55.7
2022-02-07 06:00:00,55.7
2022-02-07 07:00:00,55.7
2022-02-07 08:00:00,55.7
2022-02-07 09:00:00,55.7
2022-02-07 10:00:00,55.7
2022-02-07 11:00:00,55.7
2022-02-07 12:00:00,55.7
2022-02-07 13:00:00,55.7
2022-02-07 14:00:00,55.7
2022-02-07 15:00:00,55.7
2022-02-07 16:00:00,55.7
2022-02-07 17:00:00,55.7
2022-02-07 18:00:00,55.7
2022-02-07 19:00:00,55.7
2022-02-07 20:00:00,55.7
2022-02-07 21:00:00,55.7
2022-02-07 22:00:00,55.7
2022-02-07 23:00:00,55.7
2022-02-08 00:00:00,55.7
2022-02-08 01:00:00,55.7
2022-02-08 02:00:00,55.7
2022-02-08 03:00:00,55.7
2022-02-08 04:00:00,55.7
2022-02-08 05:00:00,55.7
2022-02-08 06:00:00,55.7
2022-02-08 07:00:00,55.7
2022-02-08 08:00:00,55.7
2022-02-08 09:00:00,55.7
2022-02-08 10:00:00,55.7
2022-02-08 11:00:00,55.7
2022-02-08 12:00:00,55.7
2022-02-08 13:00:00,55.7
2022-02-08 14:00:00,55.7
2022-02-08 15:00:00,55.7
2022-02-08 16:00:00,55.7
2022-02-08 17:00:00,55.7
2022-02-08 18:00:00,55.7
2022-02-08 19:00:00,55.7
2022-02-08 20:00:00,55.7
2022-02-08 21:00:00,55.7
2022-02-08 22:00:00,55.7
2022-02-08 23:00:00,55.7
2022-02-09 00:00:00,55.7
2022-02-09 01:00:00,55.7
2022-02-09 02:00:00,55.7
2022-02-09 03:00:00,55.7
2022-02-09 04:00:00,55.7
2022-02-09 05:00:00,55.7
2022-02-09 06:00:00,55.7
2022-02-09 07:00:00,55.7
2022-02-09 08:00:00,55.7
2022-02-09 09:00:00,55.7
2022-02-09 10:00:00,55.7
2022-02-09 11:00:00,55.7
2022-02-09 12:00:00,55.7
2022-02-09 13:00:00,55.7
2022-02-09 14:00:00,55.7
2022-02-09 15:00:00,55.7
2022-02-09 16:00:00,55.7
2022-02-09 17:00:00,55.7
2022-02-09 18:00:00,55.7
2022-02-09 19:00:00,55.7
2022-02-09 20:00:00,55.7
2022-02-09 21:00:00,55.7
2022-02-09 22:00:00,55.7
2022-02-09 23:00:00,55.7
2022-02-10 00:00:00,55.7
2022-02-10 01:00:00,55.7
2022-02-10 02:00:00,55.7
2022-02-10 03:00:00,55.7
2022-02-10 04:00:00,55.7
2022-02-10 05:00:00,55.7
2022-02-10 06:00:00,55.7
2022-02-10 07:00:00,55.7
2022-02-10 08:00:00,55.7
2022-02-10 09:00:00,55.7
2022-02-10 10:00:00,55.7
2022-02-10 11:00:00,55.7
2022-02-10 12:00:00,55.7
2022-02-10 13:00:00,55.7
2022-02-10 14:00:00,55.7
2022-02-10 15:00:00,55.7
2022-02-10 16:00:00,55.7
2022-02-10 17:00:00,55.7
2022-02-10 18:00:00,55.7
2022-02-10 19:00:00,55.7
2022-02-10 20:00:00,55.7
2022-02-10 21:00:00,55.7
2022-02-10 22:00:00,55.7
2022-02-10 23:00:00,55.7
2022-02-11 00:00:00,55.7
2022-02-11 01:00:00,55.7
2022-02-11 02:00:00,55.7
2022-02-11 03:00:00,55.7
2022-02-11 04:00:00,55.7
2022-02-11 05:00:00,55.7
2022-02-11 06:00:00,55.7
2022-02-11 07:00:00,55.7
2022-02-11 08:00:00,55.7
2022-02-11 09:00:00,55.7
2022-02-11 10:00:00,55.7
2022-02-11 11:00:00,55.7
2022-02-11 12:00:00,55.7
2022-02-11 13:00:00,55.7
2022-02-11 14:00:00,55.7
2022-02-11 15:00:00,55.7
2022-02-11 16:00:00,55.7
2022-02-11 17:00:00,55.7
2022-02-11 18:00:00,55.7
2022-02-11 19:00:00,55.7
2022-02-11 20:00:00,55.7
2022-02-11 21:00:00,55.7
2022-02-11 22:00:00,55.7
2022-02-11 23:00:00,55.7
2022-02-12 00:00:00,55.7
2022-02-12 01:00:00,55.7
2022-02-12 02:00:00,55.7
2022-02-12 03:00:00,55.7
2022-02-12 04:00:00,55.7
2022-02-12 05:00:00,55.7
2022-02-12 06:00:00,55.7
2022-02-12 07:00:00,55.7
2022-02-12 08:00:00,55.7
2022-02-12 09:00:00,55.7
2022-02-12 10:00:00,55.7
2022-02-12 11:00:00,55.7
2022-02-12 12:00:00,55.7
2022-02-12 13:00:00,55.7
2022-02-12 14:00:00,55.7
2022-02-12 15:00:00,55.7
2022-02-12 16:00:00,55.7
2022-02-12 17:00:00,55.7
2022-02-12 18:00:00,55.7
2022-02-12 19:00:00,55.7
2022-02-12 20:00:00,55.7
2022-02-12 21:00:00,55.7
2022-02-12 22:00:00,55.7
2022-02-12 23:00:00,55.7
2022-02-13 00:00:00,55.7
2022-02-13 01:00:00,55.7
2022-02-13 02:00:00,55.7
2022-02-13 03:00:00,55.7
2022-02-13 04:00:00,55.7
2022-02-13 05:00:00,55.7
2022-02-13 06:00:00,55.7
2022-02-13 07:00:00,55.7
2022-02-13 08:00:00,55.7
2022-02-13 09:00:00,55.7
2022-02-13 10:00:00,55.7
2022-02-13 11:00:00,55.7
2022-02-13 12:00:00,55.7
2022-02-13 13:00:00,55.7
2022-02-13 14:00:00,55.7
2022-02-13 15:00:00,55.7
2022-02-13 16:00:00,55.7
2022-02-13 17:00:00,55.7
2022-02-13 18:00:00,55.7
2022-02-13 19:00:00,55.7
2022-02-13 20:00:00,55.7
2022-02-13 21:00:00,55.7
2022-02-13 22:00:00,55.7
2022-02-13 23:00:00,55.7
2022-02-14 00:00:00,55.7
2022-02-14 01:00:00,55.7
2022-02-14 02:00:00,55.7
2022-02-14 03:00:00,55.7
2022-02-14 04:00:00,55.7
2022-02-14 05:00:00,55.7
2022-02-14 06:00:00,55.7
2022-02-14 07:00:00,55.7
2022-02-14 08:00:00,55.7
2022-02-14 09:00:00,55.7
2022-02-14 10:00:00,55.7
2022-02-14 11:00:00,55.7
2022-02-14 12:00:00,55.7
2022-02-14 13:00:00,55.7
2022-02-14 14:00:00,55.7
2022-02-14 15:00:00,55.7
2022-02-14 16:00:00,55.7
2022-02-14 17:00:00,55.7
2022-02-14 18:00:00,55.7
2022-02-14 19:00:00,55.7
2022-02-14 20:00:00,55.7
2022-02-14 21:00:00,55.7
2022-02-14 22:00:00,55.7
2022-02-14 23:00:00,55.7
2022-02-15 00:00:00,55.7
2022-02-15 01:00:00,55.7
2022-02-15 02:00:00,55.7
2022-02-15 03:00:00,55.7
2022-02-15 04:00:00,55.7
2022-02-15 05:00:00,55.7
2022-02-15 06:00:00,55.7
2022-02-15 07:00:00,55.7
2022-02-15 08:00:00,55.7
2022-02-15 09:00:00,55.7
2022-02-15 10:00:00,55.7
2022-02-15 11:00:00,55.7
2022-02-15 12:00:00,55.7
2022-02-15 13:00:00,55.7
2022-02-15 14:00:00,55.7
2022-02-15 15:00:00,55.7
2022-02-15 16:00:00,55.7
2022-02-15 17:00:00,55.7
2022-02-15 18:00:00,55.7
2022-02-15 19:00:00,55.7
2022-02-15 20:00:00,55.7
2022-02-15 21:00:00,55.7
2022-02-15 22:00:00,55.7
2022-02-15 23:00:00,55.7
2022-02-16 00:00:00,55.7
2022-02-16 01:00:00,55.7
2022-02-16 02:00:00,55.7
2022-02-16 03:00:00,55.7
2022-02-16 04:00:00,55.7
2022-02-16 05:00:00,55.7
2022-02-16 06:00:00,55.7
2022-02-16 07:00:00,55.7
2022-02-16 08:00:00,55.7
2022-02-16 09:00:00,55.7
2022-02-16 10:00:00,55.7
2022-02-16 11:00:00,55.7
2022-02-16 12:00:00,55.7
2022-02-16 13:00:00,55.7
2022-02-16 14:00:00,55.7
2022-02-16 15:00:00,55.7
2022-02-16 16:00:00,55.7
2022-02-16 17:00:00,55.7
2022-02-16 18:00:00,55.7
2022-02-16 19:00:00,55.7
2022-02-16 20:00:00,55.7
2022-02-16 21:00:00,55.7
2022-02-16 22:00:00,55.7
2022-02-16 23:00:00,55.7
2022-02-17 00:00:00,55.7
2022-02-17 01:00:00,55.7
2022-02-17 02:00:00,55.7
2022-02-17 03:00:00,55.7
2022-02-17 04:00:00,55.7
2022-02-17 05:00:00,55.7
2022-02-17 06:00:00,55.7
2022-02-17 07:00:00,55.7
2022-02-17 08:00:00,55.7
2022-02-17 09:00:00,55.7
2022-02-17 10:00:00,55.7
2022-02-17 11:00:00,55.7
2022-02-17 12:00:00,55.7
2022-02-17 13:00:00,55.7
2022-02-17 14:00:00,55.7
2022-02-17 15:00:00,55.7
2022-02-17 16:00:00,55.7
2022-02-17 17:00:00,55.7
2022-02-17 18:00:00,55.7
2022-02-17 19:00:00,55.7
2022-02-17 20:00:00,55.7
2022-02-17 21:00:00,55.7
2022-02-17 22:00:00,55.7
2022-02-17 23:00:00,55.7
2022-02-18 00:00:00,55.7
2022-02-18 01:00:00,55.7
2022-02-18 02:00:00,55.7
2022-02-18 03:00:00,55.7
2022-02-18 04:00:00,55.7
2022-02-18 05:00:00,55.7
2022-02-18 06:00:00,55.7
2022-02-18 07:00:00,55.7
2022-02-18 08:00:00,55.7
2022-02-18 09:00:00,55.7
2022-02-18 10:00:00,55.7
2022-02-18 11:00:00,55.7
2022-02-18 12:00:00,55.7
2022-02-18 13:00:00,55.7
2022-02-18 14:00:00,55.7
2022-02-18 15:00:00,55.7
2022-02-18 16:00:00,55.7
2022-02-18 17:00:00,55.7
2022-02-18 18:00:00,55.7
2022-02-18 19:00:00,55.7
2022-02-18 20:00:00,55.7
2022-02-18 21:00:00,55.7
2022-02-18 22:00:00,55.7
2022-02-18 23:00:00,55.7
2022-02-19 00:00:00,55.7
2022-02-19 01:00:00,55.7
2022-02-19 02:00:00,55.7
2022-02-19 03:00:00,55.7
2022-02-19 04:00:00,55.7
2022-02-19 05:00:00,55.7
2022-02-19 06:00:00,55.7
2022-02-19 07:00:00,55.7
2022-02-19 08:00:00,55.7
2022-02-19 09:00:00,55.7
2022-02-19 10:00:00,55.7
2022-02-19 11:00:00,55.7
2022-02-19 12:00:00,55.7
2022-02-19 13:00:00,55.7
2022-02-19 14:00:00,55.7
2022-02-19 15:00:00,55.7
2022-02-19 16:00:00,55.7
2022-02-19 17:00:00,55.7
2022-02-19 18:00:00,55.7
2022-02-19 19:00:00,55.7
2022-02-19 20:00:00,55.7
2022-02-19 21:00:00,55.7
2022-02-19 22:00:00,55.7
2022-02-19 23:00:00,55.7
2022-02-20 00:00:00,55.7
2022-02-20 01:00:00,55.7
2022-02-20 02:00:00,55.7
2022-02-20 03:00:00,55.7
2022-02-20 04:00:00,55.7
2022-02-20 05:00:00,55.7
2022-02-20 06:00:00,55.7
2022-02-20 07:00:00,55.7
2022-02-20 08:00:00,55.7
2022-02-20 09:00:00,55.7
2022-02-20 10:00:00,55.7
2022-02-20 11:00:00,55.7
2022-02-20 12:00:00,55.7
2022-02-20 13:00:00,55.7
2022-02-20 14:00:00,55.7
2022-02-20 15:00:00,55.7
2022-02-20 16:00:00,55.7
2022-02-20 17:00:00,55.7
2022-02-20 18:00:00,55.7
2022-02-20 19:00:00,55.7
2022-02-20 20:00:00,55.7
2022-02-20 21:00:00,55.7
2022-02-20 22:00:00,55.7
2022-02-20 23:00:00,55.7
2022-02-21 00:00:00,55.7
2022-02-21 01:00:00,55.7
2022-02-21 02:00:00,55.7
2022-02-21 03:00:00,55.7
2022-02-21 04:00:00,55.7
2022-02-21 05:00:00,55.7
2022-02-21 06:00:00,55.7
2022-02-21 07:00:00,55.7
2022-02-21 08:00:00,55.7
2022-02-21 09:00:00,55.7
2022-02-21 10:00:00,55.7
2022-02-21 11:00:00,55.7
2022-02-21 12:00:00,55.7
2022-02-21 13:00:00,55.7
2022-02-21 14:00:00,55.7
2022-02-21 15:00:00,55.7
2022-02-21 16:00:00,55.7
2022-02-21 17:00:00,55.7
2022-02-21 18:00:00,55.7
2022-02-21 19:00:00,55.7
2022-02-21 20:00:00,55.7
2022-02-21 21:00:00,55.7
2022-02-21 22:00:00,55.7
2022-02-21 23:00:00,55.7
2022-02-22 00:00:00,55.7
2022-02-22 01:00:00,55.7
2022-02-22 02:00:00,55.7
2022-02-22 03:00:00,55.7
2022-02-22 04:00:00,55.7
2022-02-22 05:00:00,55.7
2022-02-22 06:00:00,55.7
2022-02-22 07:00:00,55.7
2022-02-22 08:00:00,55.7
2022-02-22 09:00:00,55.7
2022-02-22 10:00:00,55.7
2022-02-22 11:00:00,55.7
2022-02-22 12:00:00,55.7
2022-02-22 13:00:00,55.7
2022-02-22 14:00:00,55.7
2022-02-22 15:00:00,55.7
2022-02-22 16:00:00,55.7
2022-02-22 17:00:00,55.7
2022-02-22 18:00:00,55.7
2022-02-22 19:00:00,55.7
2022-02-22 20:00:00,55.7
2022-02-22 21:00:00,55.7
2022-02-22 22:00:00,55.7
2022-02-22 23:00:00,55.7
2022-02-23 00:00:00,55.7
2022-02-23 01:00:00,55.7
2022-02-23 02:00:00,55.7
2022-02-23 03:00:00,55.7
2022-02-23 04:00:00,55.7
2022-02-23 05:00:00,55.7
2022-02-23 06:00:00,55.7
2022-02-23 07:00:00,55.7
2022-02-23 08:00:00,55.7
2022-02-23 09:00:00,55.7
2022-02-23 10:00:00,55.7
2022-02-23 11:00:00,55.7
2022-02-23 12:00:00,55.7
2022-02-23 13:00:00,55.7
2022-02-23 14:00:00,55.7
2022-02-23 15:00:00,55.7
2022-02-23 16:00:00,55.7
2022-02-23 17:00:00,55.7
2022-02-23 18:00:00,55.7
2022-02-23 19:00:00,55.7
2022-02-23 20:00:00,55.7
2022-02-23 21:00:00,55.7
2022-02-23 22:00:00,55.7
2022-02-23 23:00:00,55.7
2022-02-24 00:00:00,55.7
2022-02-24 01:00:00,55.7
2022-02-24 02:00:00,55.7
2022-02-24 03:00:00,55.7
2022-02-24 04:00:00,55.7
2022-02-24 05:00:00,55.7
2022-02-24 06:00:00,55.7
2022-02-24 07:00:00,55.7
2022-02-24 08:00:00,55.7
2022-02-24 09:00:00,55.7
2022-02-24 10:00:00,55.7
2022-02-24 11:00:00,55.7
2022-02-24 12:00:00,55.7
2022-02-24 13:00:00,55.7
2022-02-24 14:00:00,55.7
2022-02-24 15:00:00,55.7
2022-02-24 16:00:00,55.7
2022-02-24 17:00:00,55.7
2022-02-24 18:00:00,55.7
2022-02-24 19:00:00,55.7
2022-02-24 20:00:00,55.7
2022-02-24 21:00:00,55.7
2022-02-24 22:00:00,55.7
2022-02-24 23:00:00,55.7
2022-02-25 00:00:00,55.7
2022-02-25 01:00:00,55.7
2022-02-25 02:00:00,55.7
2022-02-25 03:00:00,55.7
2022-02-25 04:00:00,55.7
2022-02-25 05:00:00,55.7
2022-02-25 06:00:00,55.7
2022-02-25 07:00:00,55.7
2022-02-25 08:00:00,55.7
2022-02-25 09:00:00,55.7
2022-02-25 10:00:00,55.7
2022-02-25 11:00:00,55.7
2022-02-25 12:00:00,55.7
2022-02-25 13:00:00,55.7
2022-02-25 14:00:00,55.7
2022-02-25 15:00:00,55.7
2022-02-25 16:00:00,55.7
2022-02-25 17:00:00,55.7
2022-02-25 18:00:00,55.7
2022-02-25 19:00:00,55.7
2022-02-25 20:00:00,55.7
2022-02-25 21:00:00,55.7
2022-02-25 22:00:00,55.7
2022-02-25 23:00:00,55.7
2022-02-26 00:00:00,55.7
2022-02-26 01:00:00,55.7
2022-02-26 02:00:00,55.7
2022-02-26 03:00:00,55.7
2022-02-26 04:00:00,55.7
2022-02-26 05:00:00,55.7
2022-02-26 06:00:00,55.7
2022-02-26 07:00:00,55.7
2022-02-26 08:00:00,55.7
2022-02-26 09:00:00,55.7
2022-02-26 10:00:00,55.7
2022-02-26 11:00:00,55.7
2022-02-26 12:00:00,55.7
2022-02-26 13:00:00,55.7
2022-02-26 14:00:00,55.7
2022-02-26 15:00:00,55.7
2022-02-26 16:00:00,55.7
2022-02-26 17:00:00,55.7
2022-02-26 18:00:00,55.7
2022-02-26 19:00:00,55.7
2022-02-26 20:00:00,55.7
2022-02-26 21:00:00,55.7
2022-02-26 22:00:00,55.7
2022-02-26 23:00:00,55.7
2022-02-27 00:00:00,55.7
2022-02-27 01:00:00,55.7
2022-02-27 02:00:00,55.7
2022-02-27 03:00:00,55.7
2022-02-27 04:00:00,55.7
2022-02-27 05:00:00,55.7
2022-02-27 06:00:00,55.7
2022-02-27 07:00:00,55.7
2022-02-27 08:00:00,55.7
2022-02-27 09:00:00,55.7
2022-02-27 10:00:00,55.7
2022-02-27 11:00:00,55.7
2022-02-27 12:00:00,55.7
2022-02-27 13:00:00,55.7
2022-02-27 14:00:00,55.7
2022-02-27 15:00:00,55.7
2022-02-27 16:00:00,55.7
2022-02-27 17:00:00,55.7
2022-02-27 18:00:00,55.7
2022-02-27 19:00:00,55.7
2022-02-27 20:00:00,55.7
2022-02-27 21:00:00,55.7
2022-02-27 22:00:00,55.7
2022-02-27 23:00:00,55.7
2022-02-28 00:00:00,55.7
2022-02-28 01:00:00,55.7
2022-02-28 02:00:00,55.7
2022-02-28 03:00:00,55.7
2022-02-28 04:00:00,55.7
2022-02-28 05:00:00,55.7
2022-02-28 06:00:00,55.7
2022-02-28 07:00:00,55.7
2022-02-28 08:00:00,55.7
2022-02-28 09:00:00,55.7
2022-02-28 10:00:00,55.7
2022-02-28 11:00:00,55.7
2022-02-28 12:00:00,55.7
2022-02-28 13:00:00,55.7
2022-02-28 14:00:00,55.7
2022-02-28 15:00:00,55.7
2022-02-28 16:00:00,55.7
2022-02-28 17:00:00,55.7
2022-02-28 18:00:00,55.7
2022-02-28 19:00:00,55.7
2022-02-28 20:00:00,55.7
2022-02-28 21:00:00,55.7
2022-02-28 22:00:00,55.7
2022-02-28 23:00:00,55.7
2022-03-01 00:00:00,55.7
2022-03-01 01:00:00,55.7
2022-03-01 02:00:00,55.7
2022-03-01 03:00:00,55.7
2022-03-01 04:00:00,55.7
2022-03-01 05:00:00,55.7
2022-03-01 06:00:00,55.7
2022-03-01 07:00:00,55.7
2022-03-01 08:00:00,55.7
2022-03-01 09:00:00,55.7
2022-03-01 10:00:00,55.7
2022-03-01 11:00:00,55.7
2022-03-01 12:00:00,55.7
2022-03-01 13:00:00,55.7
2022-03-01 14:00:00,55.7
2022-03-01 15:00:00,55.7
2022-03-01 16:00:00,55.7
2022-03-01 17:00:00,55.7
2022-03-01 18:00:00,55.7
2022-03-01 19:00:00,55.7
2022-03-01 20:00:00,55.7
2022-03-01 21:00:00,55.7
2022-03-01 22:00:00,55.7
2022-03-01 23:00:00,55.7
2022-03-02 00:00:00,55.7
2022-03-02 01:00:00,55.7
2022-03-02 02:00:00,55.7
2022-03-02 03:00:00,55.7
2022-03-02 04:00:00,55.7
2022-03-02 05:00:00,55.7
2022-03-02 06:00:00,55.7
2022-03-02 07:00:00,55.7
2022-03-02 08:00:00,55.7
2022-03-02 09:00:00,55.7
2022-03-02 10:00:00,55.7
2022-03-02 11:00:00,55.7
2022-03-02 12:00:00,55.7
2022-03-02 13:00:00,55.7
2022-03-02 14:00:00,55.7
2022-03-02 15:00:00,55.7
2022-03-02 16:00:00,55.7
2022-03-02 17:00:00,55.7
2022-03-02 18:00:00,55.7
2022-03-02 19:00:00,55.7
2022-03-02 20:00:00,55.7
2022-03-02 21:00:00,55.7
2022-03-02 22:00:00,55.7
2022-03-02 23:00:00,55.7
2022-03-03 00:00:00,55.7
2022-03-03 01:00:00,55.7
2022-03-03 02:00:00,55.7
2022-03-03 03:00:00,55.7
2022-03-03 04:00:00,55.7
2022-03-03 05:00:00,55.7
2022-03-03 06:00:00,55.7
2022-03-03 07:00:00,55.7
2022-03-03 08:00:00,55.7
2022-03-03 09:00:00,55.7
2022-03-03 10:00:00,55.7
2022-03-03 11:00:00,55.7
2022-03-03 12:00:00,55.7
2022-03-03 13:00:00,55.7
2022-03-03 14:00:00,55.7
2022-03-03 15:00:00,55.7
2022-03-03 16:00:00,55.7
2022-03-03 17:00:00,55.7
2022-03-03 18:00:00,55.7
2022-03-03 19:00:00,55.7
2022-03-03 20:00:00,55.7
2022-03-03 21:00:00,55.7
2022-03-03 22:00:00,55.7
2022-03-03 23:00:00,55.7
2022-03-04 00:00:00,55.7
2022-03-04 01:00:00,55.7
2022-03-04 02:00:00,55.7
2022-03-04 03:00:00,55.7
2022-03-04 04:00:00,55.7
2022-03-04 05:00:00,55.7
2022-03-04 06:00:00,55.7
2022-03-04 07:00:00,55.7
2022-03-04 08:00:00,55.7
2022-03-04 09:00:00,55.7
2022-03-04 10:00:00,55.7
2022-03-04 11:00:00,55.7
2022-03-04 12:00:00,55.7
2022-03-04 13:00:00,55.7
2022-03-04 14:00:00,55.7
2022-03-04 15:00:00,55.7
2022-03-04 16:00:00,55.7
2022-03-04 17:00:00,55.7
2022-03-04 18:00:00,55.7
2022-03-04 19:00:00,55.7
2022-03-04 20:00:00,55.7
2022-03-04 21:00:00,55.7
2022-03-04 22:00:00,55.7
2022-03-04 23:00:00,55.7
2022-03-05 00:00:00,55.7
2022-03-05 01:00:00,55.7
2022-03-05 02:00:00,55.7
2022-03-05 03:00:00,55.7
2022-03-05 04:00:00,55.7
2022-03-05 05:00:00,55.7
2022-03-05 06:00:00,55.7
2022-03-05 07:00:00,55.7
2022-03-05 08:00:00,55.7
2022-03-05 09:00:00,55.7
2022-03-05 10:00:00,55.7
2022-03-05 11:00:00,55.7
2022-03-05 12:00:00,55.7
2022-03-05 13:00:00,55.7
2022-03-05 14:00:00,55.7
2022-03-05 15:00:00,55.7
2022-03-05 16:00:00,55.7
2022-03-05 17:00:00,55.7
2022-03-05 18:00:00,55.7
2022-03-05 19:00:00,55.7
2022-03-05 20:00:00,55.7
2022-03-05 21:00:00,55.7
2022-03-05 22:00:00,55.7
2022-03-05 23:00:00,55.7
2022-03-06 00:00:00,55.7
2022-03-06 01:00:00,55.7
2022-03-06 02:00:00,55.7
2022-03-06 03:00:00,55.7
2022-03-06 04:00:00,55.7
2022-03-06 05:00:00,55.7
2022-03-06 06:00:00,55.7
2022-03-06 07:00:00,55.7
2022-03-06 08:00:00,55.7
2022-03-06 09:00:00,55.7
2022-03-06 10:00:00,55.7
2022-03-06 11:00:00,55.7
2022-03-06 12:00:00,55.7
2022-03-06 13:00:00,55.7
2022-03-06 14:00:00,55.7
2022-03-06 15:00:00,55.7
2022-03-06 16:00:00,55.7
2022-03-06 17:00:00,55.7
2022-03-06 18:00:00,55.7
2022-03-06 19:00:00,55.7
2022-03-06 20:00:00,55.7
2022-03-06 21:00:00,55.7
2022-03-06 22:00:00,55.7
2022-03-06 23:00:00,55.7
2022-03-07 00:00:00,55.7
2022-03-07 01:00:00,55.7
2022-03-07 02:00:00,55.7
2022-03-07 03:00:00,55.7
2022-03-07 04:00:00,55.7
2022-03-07 05:00:00,55.7
2022-03-07 06:00:00,55.7
2022-03-07 07:00:00,55.7
2022-03-07 08:00:00,55.7
2022-03-07 09:00:00,55.7
2022-03-07 10:00:00,55.7
2022-03-07 11:00:00,55.7
2022-03-07 12:00:00,55.7
2022-03-07 13:00:00,55.7
2022-03-07 14:00:00,55.7
2022-03-07 15:00:00,55.7
2022-03-07 16:00:00,55.7
2022-03-07 17:00:00,55.7
2022-03-07 18:00:00,55.7
2022-03-07 19:00:00,55.7
2022-03-07 20:00:00,55.7
2022-03-07 21:00:00,55.7
2022-03-07 22:00:00,55.7
2022-03-07 23:00:00,55.7
2022-03-08 00:00:00,55.7
2022-03-08 01:00:00,55.7
2022-03-08 02:00:00,55.7
2022-03-08 03:00:00,55.7
2022-03-08 04:00:00,55.7
2022-03-08 05:00:00,55.7
2022-03-08 06:00:00,55.7
2022-03-08 07:00:00,55.7
2022-03-08 08:00:00,55.7
2022-03-08 09:00:00,55.7
2022-03-08 10:00:00,55.7
2022-03-08 11:00:00,55.7
2022-03-08 12:00:00,55.7
2022-03-08 13:00:00,55.7
2022-03-08 14:00:00,55.7
2022-03-08 15:00:00,55.7
2022-03-08 16:00:00,55.7
2022-03-08 17:00:00,55.7
2022-03-08 18:00:00,55.7
2022-03-08 19:00:00,55.7
2022-03-08 20:00:00,55.7
2022-03-08 21:00:00,55.7
2022-03-08 22:00:00,55.7
2022-03-08 23:00:00,55.7
2022-03-09 00:00:00,55.7
2022-03-09 01:00:00,55.7
2022-03-09 02:00:00,55.7
2022-03-09 03:00:00,55.7
2022-03-09 04:00:00,55.7
2022-03-09 05:00:00,55.7
2022-03-09 06:00:00,55.7
2022-03-09 07:00:00,55.7
2022-03-09 08:00:00,55.7
2022-03-09 09:00:00,55.7
2022-03-09 10:00:00,55.7
2022-03-09 11:00:00,55.7
2022-03-09 12:00:00,55.7
2022-03-09 13:00:00,55.7
2022-03-09 14:00:00,55.7
2022-03-09 15:00:00,55.7
2022-03-09 16:00:00,55.7
2022-03-09 17:00:00,55.7
2022-03-09 18:00:00,55.7
2022-03-09 19:00:00,55.7
2022-03-09 20:00:00,55.7
2022-03-09 21:00:00,55.7
2022-03-09 22:00:00,55.7
2022-03-09 23:00:00,55.7
2022-03-10 00:00:00,55.7
2022-03-10 01:00:00,55.7
2022-03-10 02:00:00,55.7
2022-03-10 03:00:00,55.7
2022-03-10 04:00:00,55.7
2022-03-10 05:00:00,55.7
2022-03-10 06:00:00,55.7
2022-03-10 07:00:00,55.7
2022-03-10 08:00:00,55.7
2022-03-10 09:00:00,55.7
2022-03-10 10:00:00,55.7
2022-03-10 11:00:00,55.7
2022-03-10 12:00:00,55.7
2022-03-10 13:00:00,55.7
2022-03-10 14:00:00,55.7
2022-03-10 15:00:00,55.7
2022-03-10 16:00:00,55.7
2022-03-10 17:00:00,55.7
2022-03-10 18:00:00,55.7
2022-03-10 19:00:00,55.7
2022-03-10 20:00:00,55.7
2022-03-10 21:00:00,55.7
2022-03-10 22:00:00,55.7
2022-03-10 23:00:00,55.7
2022-03-11 00:00:00,55.7
2022-03-11 01:00:00,55.7
2022-03-11 02:00:00,55.7
2022-03-11 03:00:00,55.7
2022-03-11 04:00:00,55.7
2022-03-11 05:00:00,55.7
2022-03-11 06:00:00,55.7
2022-03-11 07:00:00,55.7
2022-03-11 08:00:00,55.7
2022-03-11 09:00:00,55.7
2022-03-11 10:00:00,55.7
2022-03-11 11:00:00,55.7
2022-03-11 12:00:00,55.7
2022-03-11 13:00:00,55.7
2022-03-11 14:00:00,55.7
2022-03-11 15:00:00,55.7
2022-03-11 16:00:00,55.7
2022-03-11 17:00:00,55.7
2022-03-11 18:00:00,55.7
2022-03-11 19:00:00,55.7
2022-03-11 20:00:00,55.7
2022-03-11 21:00:00,55.7
2022-03-11 22:00:00,55.7
2022-03-11 23:00:00,55.7
2022-03-12 00:00:00,55.7
2022-03-12 01:00:00,55.7
2022-03-12 02:00:00,55.7
2022-03-12 03:00:00,55.7
2022-03-12 04:00:00,55.7
2022-03-12 05:00:00,55.7
2022-03-12 06:00:00,55.7
2022-03-12 07:00:00,55.7
2022-03-12 08:00:00,55.7
2022-03-12 09:00:00,55.7
2022-03-12 10:00:00,55.7
2022-03-12 11:00:00,55.7
2022-03-12 12:00:00,55.7
2022-03-12 13:00:00,55.7
2022-03-12 14:00:00,55.7
2022-03-12 15:00:00,55.7
2022-03-12 16:00:00,55.7
2022-03-12 17:00:00,55.7
2022-03-12 18:00:00,55.7
2022-03-12 19:00:00,55.7
2022-03-12 20:00:00,55.7
2022-03-12 21:00:00,55.7
2022-03-12 22:00:00,55.7
2022-03-12 23:00:00,55.7
2022-03-13 00:00:00,55.7
2022-03-13 01:00:00,55.7
2022-03-13 02:00:00,55.7
2022-03-13 03:00:00,55.7
2022-03-13 04:00:00,55.7
2022-03-13 05:00:00,55.7
2022-03-13 06:00:00,55.7
2022-03-13 07:00:00,55.7
2022-03-13 08:00:00,55.7
2022-03-13 09:00:00,55.7
2022-03-13 10:00:00,55.7
2022-03-13 11:00:00,55.7
2022-03-13 12:00:00,55.7
2022-03-13 13:00:00,55.7
2022-03-13 14:00:00,55.7
2022-03-13 15:00:00,55.7
2022-03-13 16:00:00,55.7
2022-03-13 17:00:00,55.7
2022-03-13 18:00:00,55.7
2022-03-13 19:00:00,55.7
2022-03-13 20:00:00,55.7
2022-03-13 21:00:00,55.7
2022-03-13 22:00:00,55.7
2022-03-13 23:00:00,55.7
2022-03-14 00:00:00,55.7
2022-03-14 01:00:00,55.7
2022-03-14 02:00:00,55.7
2022-03-14 03:00:00,55.7
2022-03-14 04:00:00,55.7
2022-03-14 05:00:00,55.7
2022-03-14 06:00:00,55.7
2022-03-14 07:00:00,55.7
2022-03-14 08:00:00,55.7
2022-03-14 09:00:00,55.7
2022-03-14 10:00:00,55.7
2022-03-14 11:00:00,55.7
2022-03-14 12:00:00,55.7
2022-03-14 13:00:00,55.7
2022-03-14 14:00:00,55.7
2022-03-14 15:00:00,55.7
2022-03-14 16:00:00,55.7
2022-03-14 17:00:00,55.7
2022-03-14 18:00:00,55.7
2022-03-14 19:00:00,55.7
2022-03-14 20:00:00,55.7
2022-03-14 21:00:00,55.7
2022-03-14 22:00:00,55.7
2022-03-14 23:00:00,55.7
2022-03-15 00:00:00,55.7
2022-03-15 01:00:00,55.7
2022-03-15 02:00:00,55.7
2022-03-15 03:00:00,55.7
2022-03-15 04:00:00,55.7
2022-03-15 05:00:00,55.7
2022-03-15 06:00:00,55.7
2022-03-15 07:00:00,55.7
2022-03-15 08:00:00,55.7
2022-03-15 09:00:00,55.7
2022-03-15 10:00:00,55.7
2022-03-15 11:00:00,55.7
2022-03-15 12:00:00,55.7
2022-03-15 13:00:00,55.7
2022-03-15 14:00:00,55.7
2022-03-15 15:00:00,55.7
2022-03-15 16:00:00,55.7
2022-03-15 17:00:00,55.7
2022-03-15 18:00:00,55.7
2022-03-15 19:00:00,55.7
2022-03-15 20:00:00,55.7
2022-03-15 21:00:00,55.7
2022-03-15 22:00:00,55.7
2022-03-15 23:00:00,55.7
2022-03-16 00:00:00,55.7
2022-03-16 01:00:00,55.7
2022-03-16 02:00:00,55.7
2022-03-16 03:00:00,55.7
2022-03-16 04:00:00,55.7
2022-03-16 05:00:00,55.7
2022-03-16 06:00:00,55.7
2022-03-16 07:00:00,55.7
2022-03-16 08:00:00,55.7
2022-03-16 09:00:00,55.7
2022-03-16 10:00:00,55.7
2022-03-16 11:00:00,55.7
2022-03-16 12:00:00,55.7
2022-03-16 13:00:00,55.7
2022-03-16 14:00:00,55.7
2022-03-16 15:00:00,55.7
2022-03-16 16:00:00,55.7
2022-03-16 17:00:00,55.7
2022-03-16 18:00:00,55.7
2022-03-16 19:00:00,55.7
2022-03-16 20:00:00,55.7
2022-03-16 21:00:00,55.7
2022-03-16 22:00:00,55.7
2022-03-16 23:00:00,55.7
2022-03-17 00:00:00,55.7
2022-03-17 01:00:00,55.7
2022-03-17 02:00:00,55.7
2022-03-17 03:00:00,55.7
2022-03-17 04:00:00,55.7
2022-03-17 05:00:00,55.7
2022-03-17 06:00:00,55.7
2022-03-17 07:00:00,55.7
2022-03-17 08:00:00,55.7
2022-03-17 09:00:00,55.7
2022-03-17 10:00:00,55.7
2022-03-17 11:00:00,55.7
2022-03-17 12:00:00,55.7
2022-03-17 13:00:00,55.7
2022-03-17 14:00:00,55.7
2022-03-17 15:00:00,55.7
2022-03-17 16:00:00,55.7
2022-03-17 17:00:00,55.7
2022-03-17 18:00:00,55.7
2022-03-17 19:00:00,55.7
2022-03-17 20:00:00,55.7
2022-03-17 21:00:00,55.7
2022-03-17 22:00:00,55.7
2022-03-17 23:00:00,55.7
2022-03-18 00:00:00,55.7
2022-03-18 01:00:00,55.7
2022-03-18 02:00:00,55.7
2022-03-18 03:00:00,55.7
2022-03-18 04:00:00,55.7
2022-03-18 05:00:00,55.7
2022-03-18 06:00:00,55.7
2022-03-18 07:00:00,55.7
2022-03-18 08:00:00,55.7
2022-03-18 09:00:00,55.7
2022-03-18 10:00:00,55.7
2022-03-18 11:00:00,55.7
2022-03-18 12:00:00,55.7
2022-03-18 13:00:00,55.7
2022-03-18 14:00:00,55.7
2022-03-18 15:00:00,55.7
2022-03-18 16:00:00,55.7
2022-03-18 17:00:00,55.7
2022-03-18 18:00:00,55.7
2022-03-18 19:00:00,55.7
2022-03-18 20:00:00,55.7
2022-03-18 21:00:00,55.7
2022-03-18 22:00:00,55.7
2022-03-18 23:00:00,55.7
2022-03-19 00:00:00,55.7
2022-03-19 01:00:00,55.7
2022-03-19 02:00:00,55.7
2022-03-19 03:00:00,55.7
2022-03-19 04:00:00,55.7
2022-03-19 05:00:00,55.7
2022-03-19 06:00:00,55.7
2022-03-19 07:00:00,55.7
2022-03-19 08:00:00,55.7
2022-03-19 09:00:00,55.7
2022-03-19 10:00:00,55.7
2022-03-19 11:00:00,55.7
2022-03-19 12:00:00,55.7
2022-03-19 13:00:00,55.7
2022-03-19 14:00:00,55.7
2022-03-19 15:00:00,55.7
2022-03-19 16:00:00,55.7
2022-03-19 17:00:00,55.7
2022-03-19 18:00:00,55.7
2022-03-19 19:00:00,55.7
2022-03-19 20:00:00,55.7
2022-03-19 21:00:00,55.7
2022-03-19 22:00:00,55.7
2022-03-19 23:00:00,55.7
2022-03-20 00:00:00,55.7
2022-03-20 01:00:00,55.7
2022-03-20 02:00:00,55.7
2022-03-20 03:00:00,55.7
2022-03-20 04:00:00,55.7
2022-03-20 05:00:00,55.7
2022-03-20 06:00:00,55.7
2022-03-20 07:00:00,55.7
2022-03-20 08:00:00,55.7
2022-03-20 09:00:00,55.7
2022-03-20 10:00:00,55.7
2022-03-20 11:00:00,55.7
2022-03-20 12:00:00,55.7
2022-03-20 13:00:00,55.7
2022-03-20 14:00:00,55.7
2022-03-20 15:00:00,55.7
2022-03-20 16:00:00,55.7
2022-03-20 17:00:00,55.7
2022-03-20 18:00:00,55.7
2022-03-20 19:00:00,55.7
2022-03-20 20:00:00,55.7
2022-03-20 21:00:00,55.7
2022-03-20 22:00:00,55.7
2022-03-20 23:00:00,55.7
2022-03-21 00:00:00,55.7
2022-03-21 01:00:00,55.7
2022-03-21 02:00:00,55.7
2022-03-21 03:00:00,55.7
2022-03-21 04:00:00,55.7
2022-03-21 05:00:00,55.7
2022-03-21 06:00:00,55.7
2022-03-21 07:00:00,55.7
2022-03-21 08:00:00,55.7
2022-03-21 09:00:00,55.7
2022-03-21 10:00:00,55.7
2022-03-21 11:00:00,55.7
2022-03-21 12:00:00,55.7
2022-03-21 13:00:00,55.7
2022-03-21 14:00:00,55.7
2022-03-21 15:00:00,55.7
2022-03-21 16:00:00,55.7
2022-03-21 17:00:00,55.7
2022-03-21 18:00:00,55.7
2022-03-21 19:00:00,55.7
2022-03-21 20:00:00,55.7
2022-03-21 21:00:00,55.7
2022-03-21 22:00:00,55.7
2022-03-21 23:00:00,55.7
2022-03-22 00:00:00,55.7
2022-03-22 01:00:00,55.7
2022-03-22 02:00:00,55.7
2022-03-22 03:00:00,55.7
2022-03-22 04:00:00,55.7
2022-03-22 05:00:00,55.7
2022-03-22 06:00:00,55.7
2022-03-22 07:00:00,55.7
2022-03-22 08:00:00,55.7
2022-03-22 09:00:00,55.7
2022-03-22 10:00:00,55.7
2022-03-22 11:00:00,55.7
2022-03-22 12:00:00,55.7
2022-03-22 13:00:00,55.7
2022-03-22 14:00:00,55.7
2022-03-22 15:00:00,55.7
2022-03-22 16:00:00,55.7
2022-03-22 17:00:00,55.7
2022-03-22 18:00:00,55.7
2022-03-22 19:00:00,55.7
2022-03-22 20:00:00,55.7
2022-03-22 21:00:00,55.7
2022-03-22 22:00:00,55.7
2022-03-22 23:00:00,55.7
2022-03-23 00:00:00,55.7
2022-03-23 01:00:00,55.7
2022-03-23 02:00:00,55.7
2022-03-23 03:00:00,55.7
2022-03-23 04:00:00,55.7
2022-03-23 05:00:00,55.7
2022-03-23 06:00:00,55.7
2022-03-23 07:00:00,55.7
2022-03-23 08:00:00,55.7
2022-03-23 09:00:00,55.7
2022-03-23 10:00:00,55.7
2022-03-23 11:00:00,55.7
2022-03-23 12:00:00,55.7
2022-03-23 13:00:00,55.7
2022-03-23 14:00:00,55.7
2022-03-23 15:00:00,55.7
2022-03-23 16:00:00,55.7
2022-03-23 17:00:00,55.7
2022-03-23 18:00:00,55.7
2022-03-23 19:00:00,55.7
2022-03-23 20:00:00,55.7
2022-03-23 21:00:00,55.7
2022-03-23 22:00:00,55.7
2022-03-23 23:00:00,55.7
2022-03-24 00:00:00,55.7
2022-03-24 01:00:00,55.7
2022-03-24 02:00:00,55.7
2022-03-24 03:00:00,55.7
2022-03-24 04:00:00,55.7
2022-03-24 05:00:00,55.7
2022-03-24 06:00:00,55.7
2022-03-24 07:00:00,55.7
2022-03-24 08:00:00,55.7
2022-03-24 09:00:00,55.7
2022-03-24 10:00:00,55.7
2022-03-24 11:00:00,55.7
2022-03-24 12:00:00,55.7
2022-03-24 13:00:00,55.7
2022-03-24 14:00:00,55.7
2022-03-24 15:00:00,55.7
2022-03-24 16:00:00,55.7
2022-03-24 17:00:00,55.7
2022-03-24 18:00:00,55.7
2022-03-24 19:00:00,55.7
2022-03-24 20:00:00,55.7
2022-03-24 21:00:00,55.7
2022-03-24 22:00:00,55.7
2022-03-24 23:00:00,55.7
2022-03-25 00:00:00,55.7
2022-03-25 01:00:00,55.7
2022-03-25 02:00:00,55.7
2022-03-25 03:00:00,55.7
2022-03-25 04:00:00,55.7
2022-03-25 05:00:00,55.7
2022-03-25 06:00:00,55.7
2022-03-25 07:00:00,55.7
2022-03-25 08:00:00,55.7
2022-03-25 09:00:00,55.7
2022-03-25 10:00:00,55.7
2022-03-25 11:00:00,55.7
2022-03-25 12:00:00,55.7
2022-03-25 13:00:00,55.7
2022-03-25 14:00:00,55.7
2022-03-25 15:00:00,55.7
2022-03-25 16:00:00,55.7
2022-03-25 17:00:00,55.7
2022-03-25 18:00:00,55.7
2022-03-25 19:00:00,55.7
2022-03-25 20:00:00,55.7
2022-03-25 21:00:00,55.7
2022-03-25 22:00:00,55.7
2022-03-25 23:00:00,55.7
2022-03-26 00:00:00,55.7
2022-03-26 01:00:00,55.7
2022-03-26 02:00:00,55.7
2022-03-26 03:00:00,55.7
2022-03-26 04:00:00,55.7
2022-03-26 05:00:00,55.7
2022-03-26 06:00:00,55.7
2022-03-26 07:00:00,55.7
2022-03-26 08:00:00,55.7
2022-03-26 09:00:00,55.7
2022-03-26 10:00:00,55.7
2022-03-26 11:00:00,55.7
2022-03-26 12:00:00,55.7
2022-03-26 13:00:00,55.7
2022-03-26 14:00:00,55.7
2022-03-26 15:00:00,55.7
2022-03-26 16:00:00,55.7
2022-03-26 17:00:00,55.7
2022-03-26 18:00:00,55.7
2022-03-26 19:00:00,55.7
2022-03-26 20:00:00,55.7
2022-03-26 21:00:00,55.7
2022-03-26 22:00:00,55.7
2022-03-26 23:00:00,55.7
2022-03-27 00:00:00,55.7
2022-03-27 01:00:00,55.7
2022-03-27 02:00:00,55.7
2022-03-27 03:00:00,55.7
2022-03-27 04:00:00,55.7
2022-03-27 05:00:00,55.7
2022-03-27 06:00:00,55.7
2022-03-27 07:00:00,55.7
2022-03-27 08:00:00,55.7
2022-03-27 09:00:00,55.7
2022-03-27 10:00:00,55.7
2022-03-27 11:00:00,55.7
2022-03-27 12:00:00,55.7
2022-03-27 13:00:00,55.7
2022-03-27 14:00:00,55.7
2022-03-27 15:00:00,55.7
2022-03-27 16:00:00,55.7
2022-03-27 17:00:00,55.7
2022-03-27 18:00:00,55.7
2022-03-27 19:00:00,55.7
2022-03-27 20:00:00,55.7
2022-03-27 21:00:00,55.7
2022-03-27 22:00:00,55.7
2022-03-27 23:00:00,55.7
2022-03-28 00:00:00,55.7
2022-03-28 01:00:00,55.7
2022-03-28 02:00:00,55.7
2022-03-28 03:00:00,55.7
2022-03-28 04:00:00,55.7
2022-03-28 05:00:00,55.7
2022-03-28 06:00:00,55.7
2022-03-28 07:00:00,55.7
2022-03-28 08:00:00,55.7
2022-03-28 09:00:00,55.7
2022-03-28 10:00:00,55.7
2022-03-28 11:00:00,55.7
2022-03-28 12:00:00,55.7
2022-03-28 13:00:00,55.7
2022-03-28 14:00:00,55.7
2022-03-28 15:00:00,55.7
2022-03-28 16:00:00,55.7
2022-03-28 17:00:00,55.7
2022-03-28 18:00:00,55.7
2022-03-28 19:00:00,55.7
2022-03-28 20:00:00,55.7
2022-03-28 21:00:00,55.7
2022-03-28 22:00:00,55.7
2022-03-28 23:00:00,55.7
2022-03-29 00:00:00,55.7
2022-03-29 01:00:00,55.7
2022-03-29 02:00:00,55.7
2022-03-29 03:00:00,55.7
2022-03-29 04:00:00,55.7
2022-03-29 05:00:00,55.7
2022-03-29 06:00:00,55.7
2022-03-29 07:00:00,55.7
2022-03-29 08:00:00,55.7
2022-03-29 09:00:00,55.7
2022-03-29 10:00:00,55.7
2022-03-29 11:00:00,55.7
2022-03-29 12:00:00,55.7
2022-03-29 13:00:00,55.7
2022-03-29 14:00:00,55.7
2022-03-29 15:00:00,55.7
2022-03-29 16:00:00,55.7
2022-03-29 17:00:00,55.7
2022-03-29 18:00:00,55.7
2022-03-29 19:00:00,55.7
2022-03-29 20:00:00,55.7
2022-03-29 21:00:00,55.7
2022-03-29 22:00:00,55.7
2022-03-29 23:00:00,55.7
2022-03-30 00:00:00,55.7
2022-03-30 01:00:00,55.7
2022-03-30 02:00:00,55.7
2022-03-30 03:00:00,55.7
2022-03-30 04:00:00,55.7
2022-03-30 05:00:00,55.7
2022-03-30 06:00:00,55.7
2022-03-30 07:00:00,55.7
2022-03-30 08:00:00,55.7
2022-03-30 09:00:00,55.7
2022-03-30 10:00:00,55.7
2022-03-30 11:00:00,55.7
2022-03-30 12:00:00,55.7
2022-03-30 13:00:00,55.7
2022-03-30 14:00:00,55.7
2022-03-30 15:00:00,55.7
2022-03-30 16:00:00,55.7
2022-03-30 17:00:00,55.7
2022-03-30 18:00:00,55.7
2022-03-30 19:00:00,55.7
2022-03-30 20:00:00,55.7
2022-03-30 21:00:00,55.7
2022-03-30 22:00:00,55.7
2022-03-30 23:00:00,55.7
2022-03-31 00:00:00,55.7
2022-03-31 01:00:00,55.7
2022-03-31 02:00:00,55.7
2022-03-31 03:00:00,55.7
2022-03-31 04:00:00,55.7
2022-03-31 05:00:00,55.7
2022-03-31 06:00:00,55.7
2022-03-31 07:00:00,55.7
2022-03-31 08:00:00,55.7
2022-03-31 09:00:00,55.7
2022-03-31 10:00:00,55.7
2022-03-31 11:00:00,55.7
2022-03-31 12:00:00,55.7
2022-03-31 13:00:00,55.7
2022-03-31 14:00:00,55.7
2022-03-31 15:00:00,55.7
2022-03-31 16:00:00,55.7
2022-03-31 17:00:00,55.7
2022-03-31 18:00:00,55.7
2022-03-31 19:00:00,55.7
2022-03-31 20:00:00,55.7
2022-03-31 21:00:00,55.7
2022-03-31 22:00:00,55.7
2022-03-31 23:00:00,55.7
2022-04-01 00:00:00,55.7
2022-04-01 01:00:00,55.7
2022-04-01 02:00:00,55.7
2022-04-01 03:00:00,55.7
2022-04-01 04:00:00,55.7
2022-04-01 05:00:00,55.7
2022-04-01 06:00:00,55.7
2022-04-01 07:00:00,55.7
2022-04-01 08:00:00,55.7
2022-04-01 09:00:00,55.7
2022-04-01 10:00:00,55.7
2022-04-01 11:00:00,55.7
2022-04-01 12:00:00,55.7
2022-04-01 13:00:00,55.7
2022-04-01 14:00:00,55.7
2022-04-01 15:00:00,55.7
2022-04-01 16:00:00,55.7
2022-04-01 17:00:00,55.7
2022-04-01 18:00:00,55.7
2022-04-01 19:00:00,55.7
2022-04-01 20:00:00,55.7
2022-04-01 21:00:00,55.7
2022-04-01 22:00:00,55.7
2022-04-01 23:00:00,55.7
2022-04-02 00:00:00,55.7
2022-04-02 01:00:00,55.7
2022-04-02 02:00:00,55.7
2022-04-02 03:00:00,55.7
2022-04-02 04:00:00,55.7
2022-04-02 05:00:00,55.7
2022-04-02 06:00:00,55.7
2022-04-02 07:00:00,55.7
2022-04-02 08:00:00,55.7
2022-04-02 09:00:00,55.7
2022-04-02 10:00:00,55.7
2022-04-02 11:00:00,55.7
2022-04-02 12:00:00,55.7
2022-04-02 13:00:00,55.7
2022-04-02 14:00:00,55.7
2022-04-02 15:00:00,55.7
2022-04-02 16:00:00,55.7
2022-04-02 17:00:00,55.7
2022-04-02 18:00:00,55.7
2022-04-02 19:00:00,55.7
2022-04-02 20:00:00,55.7
2022-04-02 21:00:00,55.7
2022-04-02 22:00:00,55.7
2022-04-02 23:00:00,55.7
2022-04-03 00:00:00,55.7
2022-04-03 01:00:00,55.7
2022-04-03 02:00:00,55.7
2022-04-03 03:00:00,55.7
2022-04-03 04:00:00,55.7
2022-04-03 05:00:00,55.7
2022-04-03 06:00:00,55.7
2022-04-03 07:00:00,55.7
2022-04-03 08:00:00,55.7
2022-04-03 09:00:00,55.7
2022-04-03 10:00:00,55.7
2022-04-03 11:00:00,55.7
2022-04-03 12:00:00,55.7
2022-04-03 13:00:00,55.7
2022-04-03 14:00:00,55.7
2022-04-03 15:00:00,55.7
2022-04-03 16:00:00,55.7
2022-04-03 17:00:00,55.7
2022-04-03 18:00:00,55.7
2022-04-03 19:00:00,55.7
2022-04-03 20:00:00,55.7
2022-04-03 21:00:00,55.7
2022-04-03 22:00:00,55.7
2022-04-03 23:00:00,55.7
2022-04-04 00:00:00,55.7
2022-04-04 01:00:00,55.7
2022-04-04 02:00:00,55.7
2022-04-04 03:00:00,55.7
2022-04-04 04:00:00,55.7
2022-04-04 05:00:00,55.7
2022-04-04 06:00:00,55.7
2022-04-04 07:00:00,55.7
2022-04-04 08:00:00,55.7
2022-04-04 09:00:00,55.7
2022-04-04 10:00:00,55.7
2022-04-04 11:00:00,55.7
2022-04-04 12:00:00,55.7
2022-04-04 13:00:00,55.7
2022-04-04 14:00:00,55.7
2022-04-04 15:00:00,55.7
2022-04-04 16:00:00,55.7
2022-04-04 17:00:00,55.7
2022-04-04 18:00:00,55.7
2022-04-04 19:00:00,55.7
2022-04-04 20:00:00,55.7
2022-04-04 21:00:00,55.7
2022-04-04 22:00:00,55.7
2022-04-04 23:00:00,55.7
2022-04-05 00:00:00,55.7
2022-04-05 01:00:00,55.7
2022-04-05 02:00:00,55.7
2022-04-05 03:00:00,55.7
2022-04-05 04:00:00,55.7
2022-04-05 05:00:00,55.7
2022-04-05 06:00:00,55.7
2022-04-05 07:00:00,55.7
2022-04-05 08:00:00,55.7
2022-04-05 09:00:00,55.7
2022-04-05 10:00:00,55.7
2022-04-05 11:00:00,55.7
2022-04-05 12:00:00,55.7
2022-04-05 13:00:00,55.7
2022-04-05 14:00:00,55.7
2022-04-05 15:00:00,55.7
2022-04-05 16:00:00,55.7
2022-04-05 17:00:00,55.7
2022-04-05 18:00:00,55.7
2022-04-05 19:00:00,55.7
2022-04-05 20:00:00,55.7
2022-04-05 21:00:00,55.7
2022-04-05 22:00:00,55.7
2022-04-05 23:00:00,55.7
2022-04-06 00:00:00,55.7
2022-04-06 01:00:00,55.7
2022-04-06 02:00:00,55.7
2022-04-06 03:00:00,55.7
2022-04-06 04:00:00,55.7
2022-04-06 05:00:00,55.7
2022-04-06 06:00:00,55.7
2022-04-06 07:00:00,55.7
2022-04-06 08:00:00,55.7
2022-04-06 09:00:00,55.7
2022-04-06 10:00:00,55.7
2022-04-06 11:00:00,55.7
2022-04-06 12:00:00,55.7
2022-04-06 13:00:00,55.7
2022-04-06 14:00:00,55.7
2022-04-06 15:00:00,55.7
2022-04-06 16:00:00,55.7
2022-04-06 17:00:00,55.7
2022-04-06 18:00:00,55.7
2022-04-06 19:00:00,55.7
2022-04-06 20:00:00,55.7
2022-04-06 21:00:00,55.7
2022-04-06 22:00:00,55.7
2022-04-06 23:00:00,55.7
2022-04-07 00:00:00,55.7
2022-04-07 01:00:00,55.7
2022-04-07 02:00:00,55.7
2022-04-07 03:00:00,55.7
2022-04-07 04:00:00,55.7
2022-04-07 05:00:00,55.7
2022-04-07 06:00:00,55.7
2022-04-07 07:00:00,55.7
2022-04-07 08:00:00,55.7
2022-04-07 09:00:00,55.7
2022-04-07 10:00:00,55.7
2022-04-07 11:00:00,55.7
2022-04-07 12:00:00,55.7
2022-04-07 13:00:00,55.7
2022-04-07 14:00:00,55.7
2022-04-07 15:00:00,55.7
2022-04-07 16:00:00,55.7
2022-04-07 17:00:00,55.7
2022-04-07 18:00:00,55.7
2022-04-07 19:00:00,55.7
2022-04-07 20:00:00,55.7
2022-04-07 21:00:00,55.7
2022-04-07 22:00:00,55.7
2022-04-07 23:00:00,55.7
2022-04-08 00:00:00,55.7
2022-04-08 01:00:00,55.7
2022-04-08 02:00:00,55.7
2022-04-08 03:00:00,55.7
2022-04-08 04:00:00,55.7
2022-04-08 05:00:00,55.7
2022-04-08 06:00:00,55.7
2022-04-08 07:00:00,55.7
2022-04-08 08:00:00,55.7
2022-04-08 09:00:00,55.7
2022-04-08 10:00:00,55.7
2022-04-08 11:00:00,55.7
2022-04-08 12:00:00,55.7
2022-04-08 13:00:00,55.7
2022-04-08 14:00:00,55.7
2022-04-08 15:00:00,55.7
2022-04-08 16:00:00,55.7
2022-04-08 17:00:00,55.7
2022-04-08 18:00:00,55.7
2022-04-08 19:00:00,55.7
2022-04-08 20:00:00,55.7
2022-04-08 21:00:00,55.7
2022-04-08 22:00:00,55.7
2022-04-08 23:00:00,55.7
2022-04-09 00:00:00,55.7
2022-04-09 01:00:00,55.7
2022-04-09 02:00:00,55.7
2022-04-09 03:00:00,55.7
2022-04-09 04:00:00,55.7
2022-04-09 05:00:00,55.7
2022-04-09 06:00:00,55.7
2022-04-09 07:00:00,55.7
2022-04-09 08:00:00,55.7
2022-04-09 09:00:00,55.7
2022-04-09 10:00:00,55.7
2022-04-09 11:00:00,55.7
2022-04-09 12:00:00,55.7
2022-04-09 13:00:00,55.7
2022-04-09 14:00:00,55.7
2022-04-09 15:00:00,55.7
2022-04-09 16:00:00,55.7
2022-04-09 17:00:00,55.7
2022-04-09 18:00:00,55.7
2022-04-09 19:00:00,55.7
2022-04-09 20:00:00,55.7
2022-04-09 21:00:00,55.7
2022-04-09 22:00:00,55.7
2022-04-09 23:00:00,55.7
2022-04-10 00:00:00,55.7
2022-04-10 01:00:00,55.7
2022-04-10 02:00:00,55.7
2022-04-10 03:00:00,55.7
2022-04-10 04:00:00,55.7
2022-04-10 05:00:00,55.7
2022-04-10 06:00:00,55.7
2022-04-10 07:00:00,55.7
2022-04-10 08:00:00,55.7
2022-04-10 09:00:00,55.7
2022-04-10 10:00:00,55.7
2022-04-10 11:00:00,55.7
2022-04-10 12:00:00,55.7
2022-04-10 13:00:00,55.7
2022-04-10 14:00:00,55.7
2022-04-10 15:00:00,55.7
2022-04-10 16:00:00,55.7
2022-04-10 17:00:00,55.7
2022-04-10 18:00:00,55.7
2022-04-10 19:00:00,55.7
2022-04-10 20:00:00,55.7
2022-04-10 21:00:00,55.7
2022-04-10 22:00:00,55.7
2022-04-10 23:00:00,55.7
2022-04-11 00:00:00,55.7
2022-04-11 01:00:00,55.7
2022-04-11 02:00:00,55.7
2022-04-11 03:00:00,55.7
2022-04-11 04:00:00,55.7
2022-04-11 05:00:00,55.7
2022-04-11 06:00:00,55.7
2022-04-11 07:00:00,55.7
2022-04-11 08:00:00,55.7
2022-04-11 09:00:00,55.7
2022-04-11 10:00:00,55.7
2022-04-11 11:00:00,55.7
2022-04-11 12:00:00,55.7
2022-04-11 13:00:00,55.7
2022-04-11 14:00:00,55.7
2022-04-11 15:00:00,55.7
2022-04-11 16:00:00,55.7
2022-04-11 17:00:00,55.7
2022-04-11 18:00:00,55.7
2022-04-11 19:00:00,55.7
2022-04-11 20:00:00,55.7
2022-04-11 21:00:00,55.7
2022-04-11 22:00:00,55.7
2022-04-11 23:00:00,55.7
2022-04-12 00:00:00,55.7
2022-04-12 01:00:00,55.7
2022-04-12 02:00:00,55.7
2022-04-12 03:00:00,55.7
2022-04-12 04:00:00,55.7
2022-04-12 05:00:00,55.7
2022-04-12 06:00:00,55.7
2022-04-12 07:00:00,55.7
2022-04-12 08:00:00,55.7
2022-04-12 09:00:00,55.7
2022-04-12 10:00:00,55.7
2022-04-12 11:00:00,55.7
2022-04-12 12:00:00,55.7
2022-04-12 13:00:00,55.7
2022-04-12 14:00:00,55.7
2022-04-12 15:00:00,55.7
2022-04-12 16:00:00,55.7
2022-04-12 17:00:00,55.7
2022-04-12 18:00:00,55.7
2022-04-12 19:00:00,55.7
2022-04-12 20:00:00,55.7
2022-04-12 21:00:00,55.7
2022-04-12 22:00:00,55.7
2022-04-12 23:00:00,55.7
2022-04-13 00:00:00,55.7
2022-04-13 01:00:00,55.7
2022-04-13 02:00:00,55.7
2022-04-13 03:00:00,55.7
2022-04-13 04:00:00,55.7
2022-04-13 05:00:00,55.7
2022-04-13 06:00:00,55.7
2022-04-13 07:00:00,55.7
2022-04-13 08:00:00,55.7
2022-04-13 09:00:00,55.7
2022-04-13 10:00:00,55.7
2022-04-13 11:00:00,55.7
2022-04-13 12:00:00,55.7
2022-04-13 13:00:00,55.7
2022-04-13 14:00:00,55.7
2022-04-13 15:00:00,55.7
2022-04-13 16:00:00,55.7
2022-04-13 17:00:00,55.7
2022-04-13 18:00:00,55.7
2022-04-13 19:00:00,55.7
2022-04-13 20:00:00,55.7
2022-04-13 21:00:00,55.7
2022-04-13 22:00:00,55.7
2022-04-13 23:00:00,55.7
2022-04-14 00:00:00,55.7
2022-04-14 01:00:00,55.7
2022-04-14 02:00:00,55.7
2022-04-14 03:00:00,55.7
2022-04-14 04:00:00,55.7
2022-04-14 05:00:00,55.7
2022-04-14 06:00:00,55.7
2022-04-14 07:00:00,55.7
2022-04-14 08:00:00,55.7
2022-04-14 09:00:00,55.7
2022-04-14 10:00:00,55.7
2022-04-14 11:00:00,55.7
2022-04-14 12:00:00,55.7
2022-04-14 13:00:00,55.7
2022-04-14 14:00:00,55.7
2022-04-14 15:00:00,55.7
2022-04-14 16:00:00,55.7
2022-04-14 17:00:00,55.7
2022-04-14 18:00:00,55.7
2022-04-14 19:00:00,55.7
2022-04-14 20:00:00,55.7
2022-04-14 21:00:00,55.7
2022-04-14 22:00:00,55.7
2022-04-14 23:00:00,55.7
2022-04-15 00:00:00,55.7
2022-04-15 01:00:00,55.7
2022-04-15 02:00:00,55.7
2022-04-15 03:00:00,55.7
2022-04-15 04:00:00,55.7
2022-04-15 05:00:00,55.7
2022-04-15 06:00:00,55.7
2022-04-15 07:00:00,55.7
2022-04-15 08:00:00,55.7
2022-04-15 09:00:00,55.7
2022-04-15 10:00:00,55.7
2022-04-15 11:00:00,55.7
2022-04-15 12:00:00,55.7
2022-04-15 13:00:00,55.7
2022-04-15 14:00:00,55.7
2022-04-15 15:00:00,55.7
2022-04-15 16:00:00,55.7
2022-04-15 17:00:00,55.7
2022-04-15 18:00:00,55.7
2022-04-15 19:00:00,55.7
2022-04-15 20:00:00,55.7
2022-04-15 21:00:00,55.7
2022-04-15 22:00:00,55.7
2022-04-15 23:00:00,55.7
2022-04-16 00:00:00,55.7
2022-04-16 01:00:00,55.7
2022-04-16 02:00:00,55.7
2022-04-16 03:00:00,55.7
2022-04-16 04:00:00,55.7
2022-04-16 05:00:00,55.7
2022-04-16 06:00:00,55.7
2022-04-16 07:00:00,55.7
2022-04-16 08:00:00,55.7
2022-04-16 09:00:00,55.7
2022-04-16 10:00:00,55.7
2022-04-16 11:00:00,55.7
2022-04-16 12:00:00,55.7
2022-04-16 13:00:00,55.7
2022-04-16 14:00:00,55.7
2022-04-16 15:00:00,55.7
2022-04-16 16:00:00,55.7
2022-04-16 17:00:00,55.7
2022-04-16 18:00:00,55.7
2022-04-16 19:00:00,55.7
2022-04-16 20:00:00,55.7
2022-04-16 21:00:00,55.7
2022-04-16 22:00:00,55.7
2022-04-16 23:00:00,55.7
2022-04-17 00:00:00,55.7
2022-04-17 01:00:00,55.7
2022-04-17 02:00:00,55.7
2022-04-17 03:00:00,55.7
2022-04-17 04:00:00,55.7
2022-04-17 05:00:00,55.7
2022-04-17 06:00:00,55.7
2022-04-17 07:00:00,55.7
2022-04-17 08:00:00,55.7
2022-04-17 09:00:00,55.7
2022-04-17 10:00:00,55.7
2022-04-17 11:00:00,55.7
2022-04-17 12:00:00,55.7
2022-04-17 13:00:00,55.7
2022-04-17 14:00:00,55.7
2022-04-17 15:00:00,55.7
2022-04-17 16:00:00,55.7
2022-04-17 17:00:00,55.7
2022-04-17 18:00:00,55.7
2022-04-17 19:00:00,55.7
2022-04-17 20:00:00,55.7
2022-04-17 21:00:00,55.7
2022-04-17 22:00:00,55.7
2022-04-17 23:00:00,55.7
2022-04-18 00:00:00,55.7
2022-04-18 01:00:00,55.7
2022-04-18 02:00:00,55.7
2022-04-18 03:00:00,55.7
2022-04-18 04:00:00,55.7
2022-04-18 05:00:00,55.7
2022-04-18 06:00:00,55.7
2022-04-18 07:00:00,55.7
2022-04-18 08:00:00,55.7
2022-04-18 09:00:00,55.7
2022-04-18 10:00:00,55.7
2022-04-18 11:00:00,55.7
2022-04-18 12:00:00,55.7
2022-04-18 13:00:00,55.7
2022-04-18 14:00:00,55.7
2022-04-18 15:00:00,55.7
2022-04-18 16:00:00,55.7
2022-04-18 17:00:00,55.7
2022-04-18 18:00:00,55.7
2022-04-18 19:00:00,55.7
2022-04-18 20:00:00,55.7
2022-04-18 21:00:00,55.7
2022-04-18 22:00:00,55.7
2022-04-18 23:00:00,55.7
2022-04-19 00:00:00,55.7
2022-04-19 01:00:00,55.7
2022-04-19 02:00:00,55.7
2022-04-19 03:00:00,55.7
2022-04-19 04:00:00,55.7
2022-04-19 05:00:00,55.7
2022-04-19 06:00:00,55.7
2022-04-19 07:00:00,55.7
2022-04-19 08:00:00,55.7
2022-04-19 09:00:00,55.7
2022-04-19 10:00:00,55.7
2022-04-19 11:00:00,55.7
2022-04-19 12:00:00,55.7
2022-04-19 13:00:00,55.7
2022-04-19 14:00:00,55.7
2022-04-19 15:00:00,55.7
2022-04-19 16:00:00,55.7
2022-04-19 17:00:00,55.7
2022-04-19 18:00:00,55.7
2022-04-19 19:00:00,55.7
2022-04-19 20:00:00,55.7
2022-04-19 21:00:00,55.7
2022-04-19 22:00:00,55.7
2022-04-19 23:00:00,55.7
2022-04-20 00:00:00,55.7
2022-04-20 01:00:00,55.7
2022-04-20 02:00:00,55.7
2022-04-20 03:00:00,55.7
2022-04-20 04:00:00,55.7
2022-04-20 05:00:00,55.7
2022-04-20 06:00:00,55.7
2022-04-20 07:00:00,55.7
2022-04-20 08:00:00,55.7
2022-04-20 09:00:00,55.7
2022-04-20 10:00:00,55.7
2022-04-20 11:00:00,55.7
2022-04-20 12:00:00,55.7
2022-04-20 13:00:00,55.7
2022-04-20 14:00:00,55.7
2022-04-20 15:00:00,55.7
2022-04-20 16:00:00,55.7
2022-04-20 17:00:00,55.7
2022-04-20 18:00:00,55.7
2022-04-20 19:00:00,55.7
2022-04-20 20:00:00,55.7
2022-04-20 21:00:00,55.7
2022-04-20 22:00:00,55.7
2022-04-20 23:00:00,55.7
2022-04-21 00:00:00,55.7
2022-04-21 01:00:00,55.7
2022-04-21 02:00:00,55.7
2022-04-21 03:00:00,55.7
2022-04-21 04:00:00,55.7
2022-04-21 05:00:00,55.7
2022-04-21 06:00:00,55.7
2022-04-21 07:00:00,55.7
2022-04-21 08:00:00,55.7
2022-04-21 09:00:00,55.7
2022-04-21 10:00:00,55.7
2022-04-21 11:00:00,55.7
2022-04-21 12:00:00,55.7
2022-04-21 13:00:00,55.7
2022-04-21 14:00:00,55.7
2022-04-21 15:00:00,55.7
2022-04-21 16:00:00,55.7
2022-04-21 17:00:00,55.7
2022-04-21 18:00:00,55.7
2022-04-21 19:00:00,55.7
2022-04-21 20:00:00,55.7
2022-04-21 21:00:00,55.7
2022-04-21 22:00:00,55.7
2022-04-21 23:00:00,55.7
2022-04-22 00:00:00,55.7
2022-04-22 01:00:00,55.7
2022-04-22 02:00:00,55.7
2022-04-22 03:00:00,55.7
2022-04-22 04:00:00,55.7
2022-04-22 05:00:00,55.7
2022-04-22 06:00:00,55.7
2022-04-22 07:00:00,55.7
2022-04-22 08:00:00,55.7
2022-04-22 09:00:00,55.7
2022-04-22 10:00:00,55.7
2022-04-22 11:00:00,55.7
2022-04-22 12:00:00,55.7
2022-04-22 13:00:00,55.7
2022-04-22 14:00:00,55.7
2022-04-22 15:00:00,55.7
2022-04-22 16:00:00,55.7
2022-04-22 17:00:00,55.7
2022-04-22 18:00:00,55.7
2022-04-22 19:00:00,55.7
2022-04-22 20:00:00,55.7
2022-04-22 21:00:00,55.7
2022-04-22 22:00:00,55.7
2022-04-22 23:00:00,55.7
2022-04-23 00:00:00,55.7
2022-04-23 01:00:00,55.7
2022-04-23 02:00:00,55.7
2022-04-23 03:00:00,55.7
2022-04-23 04:00:00,55.7
2022-04-23 05:00:00,55.7
2022-04-23 06:00:00,55.7
2022-04-23 07:00:00,55.7
2022-04-23 08:00:00,55.7
2022-04-23 09:00:00,55.7
2022-04-23 10:00:00,55.7
2022-04-23 11:00:00,55.7
2022-04-23 12:00:00,55.7
2022-04-23 13:00:00,55.7
2022-04-23 14:00:00,55.7
2022-04-23 15:00:00,55.7
2022-04-23 16:00:00,55.7
2022-04-23 17:00:00,55.7
2022-04-23 18:00:00,55.7
2022-04-23 19:00:00,55.7
2022-04-23 20:00:00,55.7
2022-04-23 21:00:00,55.7
2022-04-23 22:00:00,55.7
2022-04-23 23:00:00,55.7
2022-04-24 00:00:00,55.7
2022-04-24 01:00:00,55.7
2022-04-24 02:00:00,55.7
2022-04-24 03:00:00,55.7
2022-04-24 04:00:00,55.7
2022-04-24 05:00:00,55.7
2022-04-24 06:00:00,55.7
2022-04-24 07:00:00,55.7
2022-04-24 08:00:00,55.7
2022-04-24 09:00:00,55.7
2022-04-24 10:00:00,55.7
2022-04-24 11:00:00,55.7
2022-04-24 12:00:00,55.7
2022-04-24 13:00:00,55.7
2022-04-24 14:00:00,55.7
2022-04-24 15:00:00,55.7
2022-04-24 16:00:00,55.7
2022-04-24 17:00:00,55.7
2022-04-24 18:00:00,55.7
2022-04-24 19:00:00,55.7
2022-04-24 20:00:00,55.7
2022-04-24 21:00:00,55.7
2022-04-24 22:00:00,55.7
2022-04-24 23:00:00,55.7
2022-04-25 00:00:00,55.7
2022-04-25 01:00:00,55.7
2022-04-25 02:00:00,55.7
2022-04-25 03:00:00,55.7
2022-04-25 04:00:00,55.7
2022-04-25 05:00:00,55.7
2022-04-25 06:00:00,55.7
2022-04-25 07:00:00,55.7
2022-04-25 08:00:00,55.7
2022-04-25 09:00:00,55.7
2022-04-25 10:00:00,55.7
2022-04-25 11:00:00,55.7
2022-04-25 12:00:00,55.7
2022-04-25 13:00:00,55.7
2022-04-25 14:00:00,55.7
2022-04-25 15:00:00,55.7
2022-04-25 16:00:00,55.7
2022-04-25 17:00:00,55.7
2022-04-25 18:00:00,55.7
2022-04-25 19:00:00,55.7
2022-04-25 20:00:00,55.7
2022-04-25 21:00:00,55.7
2022-04-25 22:00:00,55.7
2022-04-25 23:00:00,55.7
2022-04-26 00:00:00,55.7
2022-04-26 01:00:00,55.7
2022-04-26 02:00:00,55.7
2022-04-26 03:00:00,55.7
2022-04-26 04:00:00,55.7
2022-04-26 05:00:00,55.7
2022-04-26 06:00:00,55.7
2022-04-26 07:00:00,55.7
2022-04-26 08:00:00,55.7
2022-04-26 09:00:00,55.7
2022-04-26 10:00:00,55.7
2022-04-26 11:00:00,55.7
2022-04-26 12:00:00,55.7
2022-04-26 13:00:00,55.7
2022-04-26 14:00:00,55.7
2022-04-26 15:00:00,55.7
2022-04-26 16:00:00,55.7
2022-04-26 17:00:00,55.7
2022-04-26 18:00:00,55.7
2022-04-26 19:00:00,55.7
2022-04-26 20:00:00,55.7
2022-04-26 21:00:00,55.7
2022-04-26 22:00:00,55.7
2022-04-26 23:00:00,55.7
2022-04-27 00:00:00,55.7
2022-04-27 01:00:00,55.7
2022-04-27 02:00:00,55.7
2022-04-27 03:00:00,55.7
2022-04-27 04:00:00,55.7
2022-04-27 05:00:00,55.7
2022-04-27 06:00:00,55.7
2022-04-27 07:00:00,55.7
2022-04-27 08:00:00,55.7
2022-04-27 09:00:00,55.7
2022-04-27 10:00:00,55.7
2022-04-27 11:00:00,55.7
2022-04-27 12:00:00,55.7
2022-04-27 13:00:00,55.7
2022-04-27 14:00:00,55.7
2022-04-27 15:00:00,55.7
2022-04-27 16:00:00,55.7
2022-04-27 17:00:00,55.7
2022-04-27 18:00:00,55.7
2022-04-27 19:00:00,55.7
2022-04-27 20:00:00,55.7
2022-04-27 21:00:00,55.7
2022-04-27 22:00:00,55.7
2022-04-27 23:00:00,55.7
2022-04-28 00:00:00,55.7
2022-04-28 01:00:00,55.7
2022-04-28 02:00:00,55.7
2022-04-28 03:00:00,55.7
2022-04-28 04:00:00,55.7
2022-04-28 05:00:00,55.7
2022-04-28 06:00:00,55.7
2022-04-28 07:00:00,55.7
2022-04-28 08:00:00,55.7
2022-04-28 09:00:00,55.7
2022-04-28 10:00:00,55.7
2022-04-28 11:00:00,55.7
2022-04-28 12:00:00,55.7
2022-04-28 13:00:00,55.7
2022-04-28 14:00:00,55.7
2022-04-28 15:00:00,55.7
2022-04-28 16:00:00,55.7
2022-04-28 17:00:00,55.7
2022-04-28 18:00:00,55.7
2022-04-28 19:00:00,55.7
2022-04-28 20:00:00,55.7
2022-04-28 21:00:00,55.7
2022-04-28 22:00:00,55.7
2022-04-28 23:00:00,55.7
2022-04-29 00:00:00,55.7
2022-04-29 01:00:00,55.7
2022-04-29 02:00:00,55.7
2022-04-29 03:00:00,55.7
2022-04-29 04:00:00,55.7
2022-04-29 05:00:00,55.7
2022-04-29 06:00:00,55.7
2022-04-29 07:00:00,55.7
2022-04-29 08:00:00,55.7
2022-04-29 09:00:00,55.7
2022-04-29 10:00:00,55.7
2022-04-29 11:00:00,55.7
2022-04-29 12:00:00,55.7
2022-04-29 13:00:00,55.7
2022-04-29 14:00:00,55.7
2022-04-29 15:00:00,55.7
2022-04-29 16:00:00,55.7
2022-04-29 17:00:00,55.7
2022-04-29 18:00:00,55.7
2022-04-29 19:00:00,55.7
2022-04-29 20:00:00,55.7
2022-04-29 21:00:00,55.7
2022-04-29 22:00:00,55.7
2022-04-29 23:00:00,55.7
2022-04-30 00:00:00,55.7
2022-04-30 01:00:00,55.7
2022-04-30 02:00:00,55.7
2022-04-30 03:00:00,55.7
2022-04-30 04:00:00,55.7
2022-04-30 05:00:00,55.7
2022-04-30 06:00:00,55.7
2022-04-30 07:00:00,55.7
2022-04-30 08:00:00,55.7
2022-04-30 09:00:00,55.7
2022-04-30 10:00:00,55.7
2022-04-30 11:00:00,55.7
2022-04-30 12:00:00,55.7
2022-04-30 13:00:00,55.7
2022-04-30 14:00:00,55.7
2022-04-30 15:00:00,55.7
2022-04-30 16:00:00,55.7
2022-04-30 17:00:00,55.7
2022-04-30 18:00:00,55.7
2022-04-30 19:00:00,55.7
2022-04-30 20:00:00,55.7
2022-04-30 21:00:00,55.7
2022-04-30 22:00:00,55.7
2022-04-30 23:00:00,55.7
2022-05-01 00:00:00,55.7
2022-05-01 01:00:00,55.7
2022-05-01 02:00:00,55.7
2022-05-01 03:00:00,55.7
2022-05-01 04:00:00,55.7
2022-05-01 05:00:00,55.7
2022-05-01 06:00:00,55.7
2022-05-01 07:00:00,55.7
2022-05-01 08:00:00,55.7
2022-05-01 09:00:00,55.7
2022-05-01 10:00:00,55.7
2022-05-01 11:00:00,55.7
2022-05-01 12:00:00,55.7
2022-05-01 13:00:00,55.7
2022-05-01 14:00:00,55.7
2022-05-01 15:00:00,55.7
2022-05-01 16:00:00,55.7
2022-05-01 17:00:00,55.7
2022-05-01 18:00:00,55.7
2022-05-01 19:00:00,55.7
2022-05-01 20:00:00,55.7
2022-05-01 21:00:00,55.7
2022-05-01 22:00:00,55.7
2022-05-01 23:00:00,55.7
2022-05-02 00:00:00,55.7
2022-05-02 01:00:00,55.7
2022-05-02 02:00:00,55.7
2022-05-02 03:00:00,55.7
2022-05-02 04:00:00,55.7
2022-05-02 05:00:00,55.7
2022-05-02 06:00:00,55.7
2022-05-02 07:00:00,55.7
2022-05-02 08:00:00,55.7
2022-05-02 09:00:00,55.7
2022-05-02 10:00:00,55.7
2022-05-02 11:00:00,55.7
2022-05-02 12:00:00,55.7
2022-05-02 13:00:00,55.7
2022-05-02 14:00:00,55.7
2022-05-02 15:00:00,55.7
2022-05-02 16:00:00,55.7
2022-05-02 17:00:00,55.7
2022-05-02 18:00:00,55.7
2022-05-02 19:00:00,55.7
2022-05-02 20:00:00,55.7
2022-05-02 21:00:00,55.7
2022-05-02 22:00:00,55.7
2022-05-02 23:00:00,55.7
2022-05-03 00:00:00,55.7
2022-05-03 01:00:00,55.7
2022-05-03 02:00:00,55.7
2022-05-03 03:00:00,55.7
2022-05-03 04:00:00,55.7
2022-05-03 05:00:00,55.7
2022-05-03 06:00:00,55.7
2022-05-03 07:00:00,55.7
2022-05-03 08:00:00,55.7
2022-05-03 09:00:00,55.7
2022-05-03 10:00:00,55.7
2022-05-03 11:00:00,55.7
2022-05-03 12:00:00,55.7
2022-05-03 13:00:00,55.7
2022-05-03 14:00:00,55.7
2022-05-03 15:00:00,55.7
2022-05-03 16:00:00,55.7
2022-05-03 17:00:00,55.7
2022-05-03 18:00:00,55.7
2022-05-03 19:00:00,55.7
2022-05-03 20:00:00,55.7
2022-05-03 21:00:00,55.7
2022-05-03 22:00:00,55.7
2022-05-03 23:00:00,55.7
2022-05-04 00:00:00,55.7
2022-05-04 01:00:00,55.7
2022-05-04 02:00:00,55.7
2022-05-04 03:00:00,55.7
2022-05-04 04:00:00,55.7
2022-05-04 05:00:00,55.7
2022-05-04 06:00:00,55.7
2022-05-04 07:00:00,55.7
2022-05-04 08:00:00,55.7
2022-05-04 09:00:00,55.7
2022-05-04 10:00:00,55.7
2022-05-04 11:00:00,55.7
2022-05-04 12:00:00,55.7
2022-05-04 13:00:00,55.7
2022-05-04 14:00:00,55.7
2022-05-04 15:00:00,55.7
2022-05-04 16:00:00,55.7
2022-05-04 17:00:00,55.7
2022-05-04 18:00:00,55.7
2022-05-04 19:00:00,55.7
2022-05-04 20:00:00,55.7
2022-05-04 21:00:00,55.7
2022-05-04 22:00:00,55.7
2022-05-04 23:00:00,55.7
2022-05-05 00:00:00,55.7
2022-05-05 01:00:00,55.7
2022-05-05 02:00:00,55.7
2022-05-05 03:00:00,55.7
2022-05-05 04:00:00,55.7
2022-05-05 05:00:00,55.7
2022-05-05 06:00:00,55.7
2022-05-05 07:00:00,55.7
2022-05-05 08:00:00,55.7
2022-05-05 09:00:00,55.7
2022-05-05 10:00:00,55.7
2022-05-05 11:00:00,55.7
2022-05-05 12:00:00,55.7
2022-05-05 13:00:00,55.7
2022-05-05 14:00:00,55.7
2022-05-05 15:00:00,55.7
2022-05-05 16:00:00,55.7
2022-05-05 17:00:00,55.7
2022-05-05 18:00:00,55.7
2022-05-05 19:00:00,55.7
2022-05-05 20:00:00,55.7
2022-05-05 21:00:00,55.7
2022-05-05 22:00:00,55.7
2022-05-05 23:00:00,55.7
2022-05-06 00:00:00,55.7
2022-05-06 01:00:00,55.7
2022-05-06 02:00:00,55.7
2022-05-06 03:00:00,55.7
2022-05-06 04:00:00,55.7
2022-05-06 05:00:00,55.7
2022-05-06 06:00:00,55.7
2022-05-06 07:00:00,55.7
2022-05-06 08:00:00,55.7
2022-05-06 09:00:00,55.7
2022-05-06 10:00:00,55.7
2022-05-06 11:00:00,55.7
2022-05-06 12:00:00,55.7
2022-05-06 13:00:00,55.7
2022-05-06 14:00:00,55.7
2022-05-06 15:00:00,55.7
2022-05-06 16:00:00,55.7
2022-05-06 17:00:00,55.7
2022-05-06 18:00:00,55.7
2022-05-06 19:00:00,55.7
2022-05-06 20:00:00,55.7
2022-05-06 21:00:00,55.7
2022-05-06 22:00:00,55.7
2022-05-06 23:00:00,55.7
2022-05-07 00:00:00,55.7
2022-05-07 01:00:00,55.7
2022-05-07 02:00:00,55.7
2022-05-07 03:00:00,55.7
2022-05-07 04:00:00,55.7
2022-05-07 05:00:00,55.7
2022-05-07 06:00:00,55.7
2022-05-07 07:00:00,55.7
2022-05-07 08:00:00,55.7
2022-05-07 09:00:00,55.7
2022-05-07 10:00:00,55.7
2022-05-07 11:00:00,55.7
2022-05-07 12:00:00,55.7
2022-05-07 13:00:00,55.7
2022-05-07 14:00:00,55.7
2022-05-07 15:00:00,55.7
2022-05-07 16:00:00,55.7
2022-05-07 17:00:00,55.7
2022-05-07 18:00:00,55.7
2022-05-07 19:00:00,55.7
2022-05-07 20:00:00,55.7
2022-05-07 21:00:00,55.7
2022-05-07 22:00:00,55.7
2022-05-07 23:00:00,55.7
2022-05-08 00:00:00,55.7
2022-05-08 01:00:00,55.7
2022-05-08 02:00:00,55.7
2022-05-08 03:00:00,55.7
2022-05-08 04:00:00,55.7
2022-05-08 05:00:00,55.7
2022-05-08 06:00:00,55.7
2022-05-08 07:00:00,55.7
2022-05-08 08:00:00,55.7
2022-05-08 09:00:00,55.7
2022-05-08 10:00:00,55.7
2022-05-08 11:00:00,55.7
2022-05-08 12:00:00,55.7
2022-05-08 13:00:00,55.7
2022-05-08 14:00:00,55.7
2022-05-08 15:00:00,55.7
2022-05-08 16:00:00,55.7
2022-05-08 17:00:00,55.7
2022-05-08 18:00:00,55.7
2022-05-08 19:00:00,55.7
2022-05-08 20:00:00,55.7
2022-05-08 21:00:00,55.7
2022-05-08 22:00:00,55.7
2022-05-08 23:00:00,55.7
2022-05-09 00:00:00,55.7
2022-05-09 01:00:00,55.7
2022-05-09 02:00:00,55.7
2022-05-09 03:00:00,55.7
2022-05-09 04:00:00,55.7
2022-05-09 05:00:00,55.7
2022-05-09 06:00:00,55.7
2022-05-09 07:00:00,55.7
2022-05-09 08:00:00,55.7
2022-05-09 09:00:00,55.7
2022-05-09 10:00:00,55.7
2022-05-09 11:00:00,55.7
2022-05-09 12:00:00,55.7
2022-05-09 13:00:00,55.7
2022-05-09 14:00:00,55.7
2022-05-09 15:00:00,55.7
2022-05-09 16:00:00,55.7
2022-05-09 17:00:00,55.7
2022-05-09 18:00:00,55.7
2022-05-09 19:00:00,55.7
2022-05-09 20:00:00,55.7
2022-05-09 21:00:00,55.7
2022-05-09 22:00:00,55.7
2022-05-09 23:00:00,55.7
2022-05-10 00:00:00,55.7
2022-05-10 01:00:00,55.7
2022-05-10 02:00:00,55.7
2022-05-10 03:00:00,55.7
2022-05-10 04:00:00,55.7
2022-05-10 05:00:00,55.7
2022-05-10 06:00:00,55.7
2022-05-10 07:00:00,55.7
2022-05-10 08:00:00,55.7
2022-05-10 09:00:00,55.7
2022-05-10 10:00:00,55.7
2022-05-10 11:00:00,55.7
2022-05-10 12:00:00,55.7
2022-05-10 13:00:00,55.7
2022-05-10 14:00:00,55.7
2022-05-10 15:00:00,55.7
2022-05-10 16:00:00,55.7
2022-05-10 17:00:00,55.7
2022-05-10 18:00:00,55.7
2022-05-10 19:00:00,55.7
2022-05-10 20:00:00,55.7
2022-05-10 21:00:00,55.7
2022-05-10 22:00:00,55.7
2022-05-10 23:00:00,55.7
2022-05-11 00:00:00,55.7
2022-05-11 01:00:00,55.7
2022-05-11 02:00:00,55.7
2022-05-11 03:00:00,55.7
2022-05-11 04:00:00,55.7
2022-05-11 05:00:00,55.7
2022-05-11 06:00:00,55.7
2022-05-11 07:00:00,55.7
2022-05-11 08:00:00,55.7
2022-05-11 09:00:00,55.7
2022-05-11 10:00:00,55.7
2022-05-11 11:00:00,55.7
2022-05-11 12:00:00,55.7
2022-05-11 13:00:00,55.7
2022-05-11 14:00:00,55.7
2022-05-11 15:00:00,55.7
2022-05-11 16:00:00,55.7
2022-05-11 17:00:00,55.7
2022-05-11 18:00:00,55.7
2022-05-11 19:00:00,55.7
2022-05-11 20:00:00,55.7
2022-05-11 21:00:00,55.7
2022-05-11 22:00:00,55.7
2022-05-11 23:00:00,55.7
2022-05-12 00:00:00,55.7
2022-05-12 01:00:00,55.7
2022-05-12 02:00:00,55.7
2022-05-12 03:00:00,55.7
2022-05-12 04:00:00,55.7
2022-05-12 05:00:00,55.7
2022-05-12 06:00:00,55.7
2022-05-12 07:00:00,55.7
2022-05-12 08:00:00,55.7
2022-05-12 09:00:00,55.7
2022-05-12 10:00:00,55.7
2022-05-12 11:00:00,55.7
2022-05-12 12:00:00,55.7
2022-05-12 13:00:00,55.7
2022-05-12 14:00:00,55.7
2022-05-12 15:00:00,55.7
2022-05-12 16:00:00,55.7
2022-05-12 17:00:00,55.7
2022-05-12 18:00:00,55.7
2022-05-12 19:00:00,55.7
2022-05-12 20:00:00,55.7
2022-05-12 21:00:00,55.7
2022-05-12 22:00:00,55.7
2022-05-12 23:00:00,55.7
2022-05-13 00:00:00,55.7
2022-05-13 01:00:00,55.7
2022-05-13 02:00:00,55.7
2022-05-13 03:00:00,55.7
2022-05-13 04:00:00,55.7
2022-05-13 05:00:00,55.7
2022-05-13 06:00:00,55.7
2022-05-13 07:00:00,55.7
2022-05-13 08:00:00,55.7
2022-05-13 09:00:00,55.7
2022-05-13 10:00:00,55.7
2022-05-13 11:00:00,55.7
2022-05-13 12:00:00,55.7
2022-05-13 13:00:00,55.7
2022-05-13 14:00:00,55.7
2022-05-13 15:00:00,55.7
2022-05-13 16:00:00,55.7
2022-05-13 17:00:00,55.7
2022-05-13 18:00:00,55.7
2022-05-13 19:00:00,55.7
2022-05-13 20:00:00,55.7
2022-05-13 21:00:00,55.7
2022-05-13 22:00:00,55.7
2022-05-13 23:00:00,55.7
2022-05-14 00:00:00,55.7
2022-05-14 01:00:00,55.7
2022-05-14 02:00:00,55.7
2022-05-14 03:00:00,55.7
2022-05-14 04:00:00,55.7
2022-05-14 05:00:00,55.7
2022-05-14 06:00:00,55.7
2022-05-14 07:00:00,55.7
2022-05-14 08:00:00,55.7
2022-05-14 09:00:00,55.7
2022-05-14 10:00:00,55.7
2022-05-14 11:00:00,55.7
2022-05-14 12:00:00,55.7
2022-05-14 13:00:00,55.7
2022-05-14 14:00:00,55.7
2022-05-14 15:00:00,55.7
2022-05-14 16:00:00,55.7
2022-05-14 17:00:00,55.7
2022-05-14 18:00:00,55.7
2022-05-14 19:00:00,55.7
2022-05-14 20:00:00,55.7
2022-05-14 21:00:00,55.7
2022-05-14 22:00:00,55.7
2022-05-14 23:00:00,55.7
2022-05-15 00:00:00,55.7
2022-05-15 01:00:00,55.7
2022-05-15 02:00:00,55.7
2022-05-15 03:00:00,55.7
2022-05-15 04:00:00,55.7
2022-05-15 05:00:00,55.7
2022-05-15 06:00:00,55.7
2022-05-15 07:00:00,55.7
2022-05-15 08:00:00,55.7
2022-05-15 09:00:00,55.7
2022-05-15 10:00:00,55.7
2022-05-15 11:00:00,55.7
2022-05-15 12:00:00,55.7
2022-05-15 13:00:00,55.7
2022-05-15 14:00:00,55.7
2022-05-15 15:00:00,55.7
2022-05-15 16:00:00,55.7
2022-05-15 17:00:00,55.7
2022-05-15 18:00:00,55.7
2022-05-15 19:00:00,55.7
2022-05-15 20:00:00,55.7
2022-05-15 21:00:00,55.7
2022-05-15 22:00:00,55.7
2022-05-15 23:00:00,55.7
2022-05-16 00:00:00,55.7
2022-05-16 01:00:00,55.7
2022-05-16 02:00:00,55.7
2022-05-16 03:00:00,55.7
2022-05-16 04:00:00,55.7
2022-05-16 05:00:00,55.7
2022-05-16 06:00:00,55.7
2022-05-16 07:00:00,55.7
2022-05-16 08:00:00,55.7
2022-05-16 09:00:00,55.7
2022-05-16 10:00:00,55.7
2022-05-16 11:00:00,55.7
2022-05-16 12:00:00,55.7
2022-05-16 13:00:00,55.7
2022-05-16 14:00:00,55.7
2022-05-16 15:00:00,55.7
2022-05-16 16:00:00,55.7
2022-05-16 17:00:00,55.7
2022-05-16 18:00:00,55.7
2022-05-16 19:00:00,55.7
2022-05-16 20:00:00,55.7
2022-05-16 21:00:00,55.7
2022-05-16 22:00:00,55.7
2022-05-16 23:00:00,55.7
2022-05-17 00:00:00,55.7
2022-05-17 01:00:00,55.7
2022-05-17 02:00:00,55.7
2022-05-17 03:00:00,55.7
2022-05-17 04:00:00,55.7
2022-05-17 05:00:00,55.7
2022-05-17 06:00:00,55.7
2022-05-17 07:00:00,55.7
2022-05-17 08:00:00,55.7
2022-05-17 09:00:00,55.7
2022-05-17 10:00:00,55.7
2022-05-17 11:00:00,55.7
2022-05-17 12:00:00,55.7
2022-05-17 13:00:00,55.7
2022-05-17 14:00:00,55.7
2022-05-17 15:00:00,55.7
2022-05-17 16:00:00,55.7
2022-05-17 17:00:00,55.7
2022-05-17 18:00:00,55.7
2022-05-17 19:00:00,55.7
2022-05-17 20:00:00,55.7
2022-05-17 21:00:00,55.7
2022-05-17 22:00:00,55.7
2022-05-17 23:00:00,55.7
2022-05-18 00:00:00,55.7
2022-05-18 01:00:00,55.7
2022-05-18 02:00:00,55.7
2022-05-18 03:00:00,55.7
2022-05-18 04:00:00,55.7
2022-05-18 05:00:00,55.7
2022-05-18 06:00:00,55.7
2022-05-18 07:00:00,55.7
2022-05-18 08:00:00,55.7
2022-05-18 09:00:00,55.7
2022-05-18 10:00:00,55.7
2022-05-18 11:00:00,55.7
2022-05-18 12:00:00,55.7
2022-05-18 13:00:00,55.7
2022-05-18 14:00:00,55.7
2022-05-18 15:00:00,55.7
2022-05-18 16:00:00,55.7
2022-05-18 17:00:00,55.7
2022-05-18 18:00:00,55.7
2022-05-18 19:00:00,55.7
2022-05-18 20:00:00,55.7
2022-05-18 21:00:00,55.7
2022-05-18 22:00:00,55.7
2022-05-18 23:00:00,55.7
2022-05-19 00:00:00,55.7
2022-05-19 01:00:00,55.7
2022-05-19 02:00:00,55.7
2022-05-19 03:00:00,55.7
2022-05-19 04:00:00,55.7
2022-05-19 05:00:00,55.7
2022-05-19 06:00:00,55.7
2022-05-19 07:00:00,55.7
2022-05-19 08:00:00,55.7
2022-05-19 09:00:00,55.7
2022-05-19 10:00:00,55.7
2022-05-19 11:00:00,55.7
2022-05-19 12:00:00,55.7
2022-05-19 13:00:00,55.7
2022-05-19 14:00:00,55.7
2022-05-19 15:00:00,55.7
2022-05-19 16:00:00,55.7
2022-05-19 17:00:00,55.7
2022-05-19 18:00:00,55.7
2022-05-19 19:00:00,55.7
2022-05-19 20:00:00,55.7
2022-05-19 21:00:00,55.7
2022-05-19 22:00:00,55.7
2022-05-19 23:00:00,55.7
2022-05-20 00:00:00,55.7
2022-05-20 01:00:00,55.7
2022-05-20 02:00:00,55.7
2022-05-20 03:00:00,55.7
2022-05-20 04:00:00,55.7
2022-05-20 05:00:00,55.7
2022-05-20 06:00:00,55.7
2022-05-20 07:00:00,55.7
2022-05-20 08:00:00,55.7
2022-05-20 09:00:00,55.7
2022-05-20 10:00:00,55.7
2022-05-20 11:00:00,55.7
2022-05-20 12:00:00,55.7
2022-05-20 13:00:00,55.7
2022-05-20 14:00:00,55.7
2022-05-20 15:00:00,55.7
2022-05-20 16:00:00,55.7
2022-05-20 17:00:00,55.7
2022-05-20 18:00:00,55.7
2022-05-20 19:00:00,55.7
2022-05-20 20:00:00,55.7
2022-05-20 21:00:00,55.7
2022-05-20 22:00:00,55.7
2022-05-20 23:00:00,55.7
2022-05-21 00:00:00,55.7
2022-05-21 01:00:00,55.7
2022-05-21 02:00:00,55.7
2022-05-21 03:00:00,55.7
2022-05-21 04:00:00,55.7
2022-05-21 05:00:00,55.7
2022-05-21 06:00:00,55.7
2022-05-21 07:00:00,55.7
2022-05-21 08:00:00,55.7
2022-05-21 09:00:00,55.7
2022-05-21 10:00:00,55.7
2022-05-21 11:00:00,55.7
2022-05-21 12:00:00,55.7
2022-05-21 13:00:00,55.7
2022-05-21 14:00:00,55.7
2022-05-21 15:00:00,55.7
2022-05-21 16:00:00,55.7
2022-05-21 17:00:00,55.7
2022-05-21 18:00:00,55.7
2022-05-21 19:00:00,55.7
2022-05-21 20:00:00,55.7
2022-05-21 21:00:00,55.7
2022-05-21 22:00:00,55.7
2022-05-21 23:00:00,55.7
2022-05-22 00:00:00,55.7
2022-05-22 01:00:00,55.7
2022-05-22 02:00:00,55.7
2022-05-22 03:00:00,55.7
2022-05-22 04:00:00,55.7
2022-05-22 05:00:00,55.7
2022-05-22 06:00:00,55.7
2022-05-22 07:00:00,55.7
2022-05-22 08:00:00,55.7
2022-05-22 09:00:00,55.7
2022-05-22 10:00:00,55.7
2022-05-22 11:00:00,55.7
2022-05-22 12:00:00,55.7
2022-05-22 13:00:00,55.7
2022-05-22 14:00:00,55.7
2022-05-22 15:00:00,55.7
2022-05-22 16:00:00,55.7
2022-05-22 17:00:00,55.7
2022-05-22 18:00:00,55.7
2022-05-22 19:00:00,55.7
2022-05-22 20:00:00,55.7
2022-05-22 21:00:00,55.7
2022-05-22 22:00:00,55.7
2022-05-22 23:00:00,55.7
2022-05-23 00:00:00,55.7
2022-05-23 01:00:00,55.7
2022-05-23 02:00:00,55.7
2022-05-23 03:00:00,55.7
2022-05-23 04:00:00,55.7
2022-05-23 05:00:00,55.7
2022-05-23 06:00:00,55.7
2022-05-23 07:00:00,55.7
2022-05-23 08:00:00,55.7
2022-05-23 09:00:00,55.7
2022-05-23 10:00:00,55.7
2022-05-23 11:00:00,55.7
2022-05-23 12:00:00,55.7
2022-05-23 13:00:00,55.7
2022-05-23 14:00:00,55.7
2022-05-23 15:00:00,55.7
2022-05-23 16:00:00,55.7
2022-05-23 17:00:00,55.7
2022-05-23 18:00:00,55.7
2022-05-23 19:00:00,55.7
2022-05-23 20:00:00,55.7
2022-05-23 21:00:00,55.7
2022-05-23 22:00:00,55.7
2022-05-23 23:00:00,55.7
2022-05-24 00:00:00,55.7
2022-05-24 01:00:00,55.7
2022-05-24 02:00:00,55.7
2022-05-24 03:00:00,55.7
2022-05-24 04:00:00,55.7
2022-05-24 05:00:00,55.7
2022-05-24 06:00:00,55.7
2022-05-24 07:00:00,55.7
2022-05-24 08:00:00,55.7
2022-05-24 09:00:00,55.7
2022-05-24 10:00:00,55.7
2022-05-24 11:00:00,55.7
2022-05-24 12:00:00,55.7
2022-05-24 13:00:00,55.7
2022-05-24 14:00:00,55.7
2022-05-24 15:00:00,55.7
2022-05-24 16:00:00,55.7
2022-05-24 17:00:00,55.7
2022-05-24 18:00:00,55.7
2022-05-24 19:00:00,55.7
2022-05-24 20:00:00,55.7
2022-05-24 21:00:00,55.7
2022-05-24 22:00:00,55.7
2022-05-24 23:00:00,55.7
2022-05-25 00:00:00,55.7
2022-05-25 01:00:00,55.7
2022-05-25 02:00:00,55.7
2022-05-25 03:00:00,55.7
2022-05-25 04:00:00,55.7
2022-05-25 05:00:00,55.7
2022-05-25 06:00:00,55.7
2022-05-25 07:00:00,55.7
2022-05-25 08:00:00,55.7
2022-05-25 09:00:00,55.7
2022-05-25 10:00:00,55.7
2022-05-25 11:00:00,55.7
2022-05-25 12:00:00,55.7
2022-05-25 13:00:00,55.7
2022-05-25 14:00:00,55.7
2022-05-25 15:00:00,55.7
2022-05-25 16:00:00,55.7
2022-05-25 17:00:00,55.7
2022-05-25 18:00:00,55.7
2022-05-25 19:00:00,55.7
2022-05-25 20:00:00,55.7
2022-05-25 21:00:00,55.7
2022-05-25 22:00:00,55.7
2022-05-25 23:00:00,55.7
2022-05-26 00:00:00,55.7
2022-05-26 01:00:00,55.7
2022-05-26 02:00:00,55.7
2022-05-26 03:00:00,55.7
2022-05-26 04:00:00,55.7
2022-05-26 05:00:00,55.7
2022-05-26 06:00:00,55.7
2022-05-26 07:00:00,55.7
2022-05-26 08:00:00,55.7
2022-05-26 09:00:00,55.7
2022-05-26 10:00:00,55.7
2022-05-26 11:00:00,55.7
2022-05-26 12:00:00,55.7
2022-05-26 13:00:00,55.7
2022-05-26 14:00:00,55.7
2022-05-26 15:00:00,55.7
2022-05-26 16:00:00,55.7
2022-05-26 17:00:00,55.7
2022-05-26 18:00:00,55.7
2022-05-26 19:00:00,55.7
2022-05-26 20:00:00,55.7
2022-05-26 21:00:00,55.7
2022-05-26 22:00:00,55.7
2022-05-26 23:00:00,55.7
2022-05-27 00:00:00,55.7
2022-05-27 01:00:00,55.7
2022-05-27 02:00:00,55.7
2022-05-27 03:00:00,55.7
2022-05-27 04:00:00,55.7
2022-05-27 05:00:00,55.7
2022-05-27 06:00:00,55.7
2022-05-27 07:00:00,55.7
2022-05-27 08:00:00,55.7
2022-05-27 09:00:00,55.7
2022-05-27 10:00:00,55.7
2022-05-27 11:00:00,55.7
2022-05-27 12:00:00,55.7
2022-05-27 13:00:00,55.7
2022-05-27 14:00:00,55.7
2022-05-27 15:00:00,55.7
2022-05-27 16:00:00,55.7
2022-05-27 17:00:00,55.7
2022-05-27 18:00:00,55.7
2022-05-27 19:00:00,55.7
2022-05-27 20:00:00,55.7
2022-05-27 21:00:00,55.7
2022-05-27 22:00:00,55.7
2022-05-27 23:00:00,55.7
2022-05-28 00:00:00,55.7
2022-05-28 01:00:00,55.7
2022-05-28 02:00:00,55.7
2022-05-28 03:00:00,55.7
2022-05-28 04:00:00,55.7
2022-05-28 05:00:00,55.7
2022-05-28 06:00:00,55.7
2022-05-28 07:00:00,55.7
2022-05-28 08:00:00,55.7
2022-05-28 09:00:00,55.7
2022-05-28 10:00:00,55.7
2022-05-28 11:00:00,55.7
2022-05-28 12:00:00,55.7
2022-05-28 13:00:00,55.7
2022-05-28 14:00:00,55.7
2022-05-28 15:00:00,55.7
2022-05-28 16:00:00,55.7
2022-05-28 17:00:00,55.7
2022-05-28 18:00:00,55.7
2022-05-28 19:00:00,55.7
2022-05-28 20:00:00,55.7
2022-05-28 21:00:00,55.7
2022-05-28 22:00:00,55.7
2022-05-28 23:00:00,55.7
2022-05-29 00:00:00,55.7
2022-05-29 01:00:00,55.7
2022-05-29 02:00:00,55.7
2022-05-29 03:00:00,55.7
2022-05-29 04:00:00,55.7
2022-05-29 05:00:00,55.7
2022-05-29 06:00:00,55.7
2022-05-29 07:00:00,55.7
2022-05-29 08:00:00,55.7
2022-05-29 09:00:00,55.7
2022-05-29 10:00:00,55.7
2022-05-29 11:00:00,55.7
2022-05-29 12:00:00,55.7
2022-05-29 13:00:00,55.7
2022-05-29 14:00:00,55.7
2022-05-29 15:00:00,55.7
2022-05-29 16:00:00,55.7
2022-05-29 17:00:00,55.7
2022-05-29 18:00:00,55.7
2022-05-29 19:00:00,55.7
2022-05-29 20:00:00,55.7
2022-05-29 21:00:00,55.7
2022-05-29 22:00:00,55.7
2022-05-29 23:00:00,55.7
2022-05-30 00:00:00,55.7
2022-05-30 01:00:00,55.7
2022-05-30 02:00:00,55.7
2022-05-30 03:00:00,55.7
2022-05-30 04:00:00,55.7
2022-05-30 05:00:00,55.7
2022-05-30 06:00:00,55.7
2022-05-30 07:00:00,55.7
2022-05-30 08:00:00,55.7
2022-05-30 09:00:00,55.7
2022-05-30 10:00:00,55.7
2022-05-30 11:00:00,55.7
2022-05-30 12:00:00,55.7
2022-05-30 13:00:00,55.7
2022-05-30 14:00:00,55.7
2022-05-30 15:00:00,55.7
2022-05-30 16:00:00,55.7
2022-05-30 17:00:00,55.7
2022-05-30 18:00:00,55.7
2022-05-30 19:00:00,55.7
2022-05-30 20:00:00,55.7
2022-05-30 21:00:00,55.7
2022-05-30 22:00:00,55.7
2022-05-30 23:00:00,55.7
2022-05-31 00:00:00,55.7
2022-05-31 01:00:00,55.7
2022-05-31 02:00:00,55.7
2022-05-31 03:00:00,55.7
2022-05-31 04:00:00,55.7
2022-05-31 05:00:00,55.7
2022-05-31 06:00:00,55.7
2022-05-31 07:00:00,55.7
2022-05-31 08:00:00,55.7
2022-05-31 09:00:00,55.7
2022-05-31 10:00:00,55.7
2022-05-31 11:00:00,55.7
2022-05-31 12:00:00,55.7
2022-05-31 13:00:00,55.7
2022-05-31 14:00:00,55.7
2022-05-31 15:00:00,55.7
2022-05-31 16:00:00,55.7
2022-05-31 17:00:00,55.7
2022-05-31 18:00:00,55.7
2022-05-31 19:00:00,55.7
2022-05-31 20:00:00,55.7
2022-05-31 21:00:00,55.7
2022-05-31 22:00:00,55.7
2022-05-31 23:00:00,55.7
2022-06-01 00:00:00,55.7
2022-06-01 01:00:00,55.7
2022-06-01 02:00:00,55.7
2022-06-01 03:00:00,55.7
2022-06-01 04:00:00,55.7
2022-06-01 05:00:00,55.7
2022-06-01 06:00:00,55.7
2022-06-01 07:00:00,55.7
2022-06-01 08:00:00,55.7
2022-06-01 09:00:00,55.7
2022-06-01 10:00:00,55.7
2022-06-01 11:00:00,55.7
2022-06-01 12:00:00,55.7
2022-06-01 13:00:00,55.7
2022-06-01 14:00:00,55.7
2022-06-01 15:00:00,55.7
2022-06-01 16:00:00,55.7
2022-06-01 17:00:00,55.7
2022-06-01 18:00:00,55.7
2022-06-01 19:00:00,55.7
2022-06-01 20:00:00,55.7
2022-06-01 21:00:00,55.7
2022-06-01 22:00:00,55.7
2022-06-01 23:00:00,55.7
2022-06-02 00:00:00,55.7
2022-06-02 01:00:00,55.7
2022-06-02 02:00:00,55.7
2022-06-02 03:00:00,55.7
2022-06-02 04:00:00,55.7
2022-06-02 05:00:00,55.7
2022-06-02 06:00:00,55.7
2022-06-02 07:00:00,55.7
2022-06-02 08:00:00,55.7
2022-06-02 09:00:00,55.7
2022-06-02 10:00:00,55.7
2022-06-02 11:00:00,55.7
2022-06-02 12:00:00,55.7
2022-06-02 13:00:00,55.7
2022-06-02 14:00:00,55.7
2022-06-02 15:00:00,55.7
2022-06-02 16:00:00,55.7
2022-06-02 17:00:00,55.7
2022-06-02 18:00:00,55.7
2022-06-02 19:00:00,55.7
2022-06-02 20:00:00,55.7
2022-06-02 21:00:00,55.7
2022-06-02 22:00:00,55.7
2022-06-02 23:00:00,55.7
2022-06-03 00:00:00,55.7
2022-06-03 01:00:00,55.7
2022-06-03 02:00:00,55.7
2022-06-03 03:00:00,55.7
2022-06-03 04:00:00,55.7
2022-06-03 05:00:00,55.7
2022-06-03 06:00:00,55.7
2022-06-03 07:00:00,55.7
2022-06-03 08:00:00,55.7
2022-06-03 09:00:00,55.7
2022-06-03 10:00:00,55.7
2022-06-03 11:00:00,55.7
2022-06-03 12:00:00,55.7
2022-06-03 13:00:00,55.7
2022-06-03 14:00:00,55.7
2022-06-03 15:00:00,55.7
2022-06-03 16:00:00,55.7
2022-06-03 17:00:00,55.7
2022-06-03 18:00:00,55.7
2022-06-03 19:00:00,55.7
2022-06-03 20:00:00,55.7
2022-06-03 21:00:00,55.7
2022-06-03 22:00:00,55.7
2022-06-03 23:00:00,55.7
2022-06-04 00:00:00,55.7
2022-06-04 01:00:00,55.7
2022-06-04 02:00:00,55.7
2022-06-04 03:00:00,55.7
2022-06-04 04:00:00,55.7
2022-06-04 05:00:00,55.7
2022-06-04 06:00:00,55.7
2022-06-04 07:00:00,55.7
2022-06-04 08:00:00,55.7
2022-06-04 09:00:00,55.7
2022-06-04 10:00:00,55.7
2022-06-04 11:00:00,55.7
2022-06-04 12:00:00,55.7
2022-06-04 13:00:00,55.7
2022-06-04 14:00:00,55.7
2022-06-04 15:00:00,55.7
2022-06-04 16:00:00,55.7
2022-06-04 17:00:00,55.7
2022-06-04 18:00:00,55.7
2022-06-04 19:00:00,55.7
2022-06-04 20:00:00,55.7
2022-06-04 21:00:00,55.7
2022-06-04 22:00:00,55.7
2022-06-04 23:00:00,55.7
2022-06-05 00:00:00,55.7
2022-06-05 01:00:00,55.7
2022-06-05 02:00:00,55.7
2022-06-05 03:00:00,55.7
2022-06-05 04:00:00,55.7
2022-06-05 05:00:00,55.7
2022-06-05 06:00:00,55.7
2022-06-05 07:00:00,55.7
2022-06-05 08:00:00,55.7
2022-06-05 09:00:00,55.7
2022-06-05 10:00:00,55.7
2022-06-05 11:00:00,55.7
2022-06-05 12:00:00,55.7
2022-06-05 13:00:00,55.7
2022-06-05 14:00:00,55.7
2022-06-05 15:00:00,55.7
2022-06-05 16:00:00,55.7
2022-06-05 17:00:00,55.7
2022-06-05 18:00:00,55.7
2022-06-05 19:00:00,55.7
2022-06-05 20:00:00,55.7
2022-06-05 21:00:00,55.7
2022-06-05 22:00:00,55.7
2022-06-05 23:00:00,55.7
2022-06-06 00:00:00,55.7
2022-06-06 01:00:00,55.7
2022-06-06 02:00:00,55.7
2022-06-06 03:00:00,55.7
2022-06-06 04:00:00,55.7
2022-06-06 05:00:00,55.7
2022-06-06 06:00:00,55.7
2022-06-06 07:00:00,55.7
2022-06-06 08:00:00,55.7
2022-06-06 09:00:00,55.7
2022-06-06 10:00:00,55.7
2022-06-06 11:00:00,55.7
2022-06-06 12:00:00,55.7
2022-06-06 13:00:00,55.7
2022-06-06 14:00:00,55.7
2022-06-06 15:00:00,55.7
2022-06-06 16:00:00,55.7
2022-06-06 17:00:00,55.7
2022-06-06 18:00:00,56.36
2022-06-06 19:00:00,55.7
2022-06-06 20:00:00,55.7
2022-06-06 21:00:00,55.7
2022-06-06 22:00:00,55.7
2022-06-06 23:00:00,55.7
2022-06-07 00:00:00,55.7
2022-06-07 01:00:00,55.7
2022-06-07 02:00:00,55.7
2022-06-07 03:00:00,55.7
2022-06-07 04:00:00,55.7
2022-06-07 05:00:00,55.7
2022-06-07 06:00:00,55.7
2022-06-07 07:00:00,55.7
2022-06-07 08:00:00,55.7
2022-06-07 09:00:00,55.7
2022-06-07 10:00:00,55.7
2022-06-07 11:00:00,55.7
2022-06-07 12:00:00,55.7
2022-06-07 13:00:00,55.7
2022-06-07 14:00:00,55.7
2022-06-07 15:00:00,55.7
2022-06-07 16:00:00,56.13
2022-06-07 17:00:00,57.05
2022-06-07 18:00:00,57.66
2022-06-07 19:00:00,57.26
2022-06-07 20:00:00,56.08
2022-06-07 21:00:00,55.77
2022-06-07 22:00:00,55.7
2022-06-07 23:00:00,55.7
2022-06-08 00:00:00,55.7
2022-06-08 01:00:00,55.7
2022-06-08 02:00:00,55.7
2022-06-08 03:00:00,55.7
2022-06-08 04:00:00,55.7
2022-06-08 05:00:00,55.7
2022-06-08 06:00:00,55.7
2022-06-08 07:00:00,55.7
2022-06-08 08:00:00,55.7
2022-06-08 09:00:00,55.7
2022-06-08 10:00:00,55.7
2022-06-08 11:00:00,55.7
2022-06-08 12:00:00,55.7
2022-06-08 13:00:00,55.7
2022-06-08 14:00:00,55.7
2022-06-08 15:00:00,55.7
2022-06-08 16:00:00,55.99
2022-06-08 17:00:00,56.25
2022-06-08 18:00:00,56.39
2022-06-08 19:00:00,56.28
2022-06-08 20:00:00,56.1
2022-06-08 21:00:00,55.74
2022-06-08 22:00:00,55.7
2022-06-08 23:00:00,55.7
2022-06-09 00:00:00,55.7
2022-06-09 01:00:00,55.7
2022-06-09 02:00:00,55.7
2022-06-09 03:00:00,55.7
2022-06-09 04:00:00,55.7
2022-06-09 05:00:00,55.7
2022-06-09 06:00:00,55.7
2022-06-09 07:00:00,55.7
2022-06-09 08:00:00,55.7
2022-06-09 09:00:00,55.7
2022-06-09 10:00:00,55.7
2022-06-09 11:00:00,55.7
2022-06-09 12:00:00,55.7
2022-06-09 13:00:00,55.7
2022-06-09 14:00:00,55.7
2022-06-09 15:00:00,55.7
2022-06-09 16:00:00,55.7
2022-06-09 17:00:00,55.8
2022-06-09 18:00:00,56.03
2022-06-09 19:00:00,55.82
2022-06-09 20:00:00,55.7
2022-06-09 21:00:00,55.7
2022-06-09 22:00:00,55.7
2022-06-09 23:00:00,55.7
2022-06-10 00:00:00,55.7
2022-06-10 01:00:00,55.7
2022-06-10 02:00:00,55.7
2022-06-10 03:00:00,55.7
2022-06-10 04:00:00,55.7
2022-06-10 05:00:00,55.7
2022-06-10 06:00:00,55.7
2022-06-10 07:00:00,55.7
2022-06-10 08:00:00,55.7
2022-06-10 09:00:00,55.7
2022-06-10 10:00:00,55.7
2022-06-10 11:00:00,55.7
2022-06-10 12:00:00,55.7
2022-06-10 13:00:00,55.7
2022-06-10 14:00:00,55.7
2022-06-10 15:00:00,55.7
2022-06-10 16:00:00,55.7
2022-06-10 17:00:00,55.7
2022-06-10 18:00:00,55.7
2022-06-10 19:00:00,55.7
2022-06-10 20:00:00,55.7
2022-06-10 21:00:00,55.7
2022-06-10 22:00:00,55.7
2022-06-10 23:00:00,55.7
2022-06-11 00:00:00,55.7
2022-06-11 01:00:00,55.7
2022-06-11 02:00:00,55.7
2022-06-11 03:00:00,55.7
2022-06-11 04:00:00,55.7
2022-06-11 05:00:00,55.7
2022-06-11 06:00:00,55.7
2022-06-11 07:00:00,55.7
2022-06-11 08:00:00,55.7
2022-06-11 09:00:00,55.7
2022-06-11 10:00:00,55.7
2022-06-11 11:00:00,55.7
2022-06-11 12:00:00,55.7
2022-06-11 13:00:00,55.7
2022-06-11 14:00:00,55.7
2022-06-11 15:00:00,55.7
2022-06-11 16:00:00,55.7
2022-06-11 17:00:00,55.7
2022-06-11 18:00:00,55.7
2022-06-11 19:00:00,55.7
2022-06-11 20:00:00,55.7
2022-06-11 21:00:00,55.7
2022-06-11 22:00:00,55.7
2022-06-11 23:00:00,55.7
2022-06-12 00:00:00,55.7
2022-06-12 01:00:00,55.7
2022-06-12 02:00:00,55.7
2022-06-12 03:00:00,55.7
2022-06-12 04:00:00,55.7
2022-06-12 05:00:00,55.7
2022-06-12 06:00:00,55.7
2022-06-12 07:00:00,55.7
2022-06-12 08:00:00,55.7
2022-06-12 09:00:00,55.7
2022-06-12 10:00:00,55.7
2022-06-12 11:00:00,55.7
2022-06-12 12:00:00,55.7
2022-06-12 13:00:00,55.7
2022-06-12 14:00:00,55.7
2022-06-12 15:00:00,55.7
2022-06-12 16:00:00,55.7
2022-06-12 17:00:00,55.7
2022-06-12 18:00:00,55.7
2022-06-12 19:00:00,55.7
2022-06-12 20:00:00,55.7
2022-06-12 21:00:00,55.7
2022-06-12 22:00:00,55.7
2022-06-12 23:00:00,55.7
2022-06-13 00:00:00,55.7
2022-06-13 01:00:00,55.7
2022-06-13 02:00:00,55.7
2022-06-13 03:00:00,55.7
2022-06-13 04:00:00,55.7
2022-06-13 05:00:00,55.7
2022-06-13 06:00:00,55.7
2022-06-13 07:00:00,55.7
2022-06-13 08:00:00,55.7
2022-06-13 09:00:00,55.7
2022-06-13 10:00:00,55.7
2022-06-13 11:00:00,55.7
2022-06-13 12:00:00,55.7
2022-06-13 13:00:00,55.7
2022-06-13 14:00:00,55.7
2022-06-13 15:00:00,55.7
2022-06-13 16:00:00,55.7
2022-06-13 17:00:00,55.7
2022-06-13 18:00:00,55.7
2022-06-13 19:00:00,55.7
2022-06-13 20:00:00,55.7
2022-06-13 21:00:00,55.7
2022-06-13 22:00:00,55.7
2022-06-13 23:00:00,55.7
2022-06-14 00:00:00,55.7
2022-06-14 01:00:00,55.7
2022-06-14 02:00:00,55.7
2022-06-14 03:00:00,55.7
2022-06-14 04:00:00,55.7
2022-06-14 05:00:00,55.7
2022-06-14 06:00:00,55.7
2022-06-14 07:00:00,55.7
2022-06-14 08:00:00,55.7
2022-06-14 09:00:00,55.7
2022-06-14 10:00:00,55.7
2022-06-14 11:00:00,55.7
2022-06-14 12:00:00,55.7
2022-06-14 13:00:00,55.7
2022-06-14 14:00:00,55.7
2022-06-14 15:00:00,55.7
2022-06-14 16:00:00,55.7
2022-06-14 17:00:00,55.7
2022-06-14 18:00:00,55.7
2022-06-14 19:00:00,55.7
2022-06-14 20:00:00,55.7
2022-06-14 21:00:00,55.7
2022-06-14 22:00:00,55.7
2022-06-14 23:00:00,55.7
2022-06-15 00:00:00,55.7
2022-06-15 01:00:00,55.7
2022-06-15 02:00:00,55.7
2022-06-15 03:00:00,55.7
2022-06-15 04:00:00,55.7
2022-06-15 05:00:00,55.7
2022-06-15 06:00:00,55.7
2022-06-15 07:00:00,55.7
2022-06-15 08:00:00,55.7
2022-06-15 09:00:00,55.7
2022-06-15 10:00:00,55.7
2022-06-15 11:00:00,55.7
2022-06-15 12:00:00,55.7
2022-06-15 13:00:00,55.7
2022-06-15 14:00:00,55.7
2022-06-15 15:00:00,55.7
2022-06-15 16:00:00,55.7
2022-06-15 17:00:00,55.7
2022-06-15 18:00:00,55.7
2022-06-15 19:00:00,55.7
2022-06-15 20:00:00,55.7
2022-06-15 21:00:00,55.7
2022-06-15 22:00:00,55.7
2022-06-15 23:00:00,55.7
2022-06-16 00:00:00,55.7
2022-06-16 01:00:00,55.7
2022-06-16 02:00:00,55.7
2022-06-16 03:00:00,55.7
2022-06-16 04:00:00,55.7
2022-06-16 05:00:00,55.7
2022-06-16 06:00:00,55.7
2022-06-16 07:00:00,55.7
2022-06-16 08:00:00,55.7
2022-06-16 09:00:00,55.7
2022-06-16 10:00:00,55.7
2022-06-16 11:00:00,55.7
2022-06-16 12:00:00,55.7
2022-06-16 13:00:00,55.7
2022-06-16 14:00:00,55.7
2022-06-16 15:00:00,55.7
2022-06-16 16:00:00,55.7
2022-06-16 17:00:00,55.7
2022-06-16 18:00:00,55.7
2022-06-16 19:00:00,55.7
2022-06-16 20:00:00,55.7
2022-06-16 21:00:00,55.7
2022-06-16 22:00:00,55.7
2022-06-16 23:00:00,55.7
2022-06-17 00:00:00,55.7
2022-06-17 01:00:00,55.7
2022-06-17 02:00:00,55.7
2022-06-17 03:00:00,55.7
2022-06-17 04:00:00,55.7
2022-06-17 05:00:00,55.7
2022-06-17 06:00:00,55.7
2022-06-17 07:00:00,55.7
2022-06-17 08:00:00,55.7
2022-06-17 09:00:00,55.7
2022-06-17 10:00:00,55.7
2022-06-17 11:00:00,55.7
2022-06-17 12:00:00,55.7
2022-06-17 13:00:00,55.7
2022-06-17 14:00:00,55.7
2022-06-17 15:00:00,55.7
2022-06-17 16:00:00,55.7
2022-06-17 17:00:00,55.7
2022-06-17 18:00:00,55.7
2022-06-17 19:00:00,55.7
2022-06-17 20:00:00,55.7
2022-06-17 21:00:00,55.7
2022-06-17 22:00:00,55.7
2022-06-17 23:00:00,55.7
2022-06-18 00:00:00,55.7
2022-06-18 01:00:00,55.7
2022-06-18 02:00:00,55.7
2022-06-18 03:00:00,55.7
2022-06-18 04:00:00,55.7
2022-06-18 05:00:00,55.7
2022-06-18 06:00:00,55.7
2022-06-18 07:00:00,55.7
2022-06-18 08:00:00,55.7
2022-06-18 09:00:00,55.7
2022-06-18 10:00:00,55.7
2022-06-18 11:00:00,55.7
2022-06-18 12:00:00,55.7
2022-06-18 13:00:00,55.7
2022-06-18 14:00:00,55.7
2022-06-18 15:00:00,55.7
2022-06-18 16:00:00,55.7
2022-06-18 17:00:00,55.7
2022-06-18 18:00:00,55.7
2022-06-18 19:00:00,55.7
2022-06-18 20:00:00,55.7
2022-06-18 21:00:00,55.7
2022-06-18 22:00:00,55.7
2022-06-18 23:00:00,55.7
2022-06-19 00:00:00,55.7
2022-06-19 01:00:00,55.7
2022-06-19 02:00:00,55.7
2022-06-19 03:00:00,55.7
2022-06-19 04:00:00,55.7
2022-06-19 05:00:00,55.7
2022-06-19 06:00:00,55.7
2022-06-19 07:00:00,55.7
2022-06-19 08:00:00,55.7
2022-06-19 09:00:00,55.7
2022-06-19 10:00:00,55.7
2022-06-19 11:00:00,55.7
2022-06-19 12:00:00,55.7
2022-06-19 13:00:00,55.7
2022-06-19 14:00:00,55.7
2022-06-19 15:00:00,55.7
2022-06-19 16:00:00,55.7
2022-06-19 17:00:00,55.7
2022-06-19 18:00:00,55.7
2022-06-19 19:00:00,55.7
2022-06-19 20:00:00,55.7
2022-06-19 21:00:00,55.7
2022-06-19 22:00:00,55.7
2022-06-19 23:00:00,55.7
2022-06-20 00:00:00,55.7
2022-06-20 01:00:00,55.7
2022-06-20 02:00:00,55.7
2022-06-20 03:00:00,55.7
2022-06-20 04:00:00,55.7
2022-06-20 05:00:00,55.7
2022-06-20 06:00:00,55.7
2022-06-20 07:00:00,55.7
2022-06-20 08:00:00,55.7
2022-06-20 09:00:00,55.7
2022-06-20 10:00:00,55.7
2022-06-20 11:00:00,55.7
2022-06-20 12:00:00,55.7
2022-06-20 13:00:00,55.7
2022-06-20 14:00:00,55.7
2022-06-20 15:00:00,55.7
2022-06-20 16:00:00,55.7
2022-06-20 17:00:00,55.7
2022-06-20 18:00:00,55.7
2022-06-20 19:00:00,55.7
2022-06-20 20:00:00,55.7
2022-06-20 21:00:00,55.7
2022-06-20 22:00:00,55.7
2022-06-20 23:00:00,55.7
2022-06-21 00:00:00,55.7
2022-06-21 01:00:00,55.7
2022-06-21 02:00:00,55.7
2022-06-21 03:00:00,55.7
2022-06-21 04:00:00,55.7
2022-06-21 05:00:00,55.7
2022-06-21 06:00:00,55.7
2022-06-21 07:00:00,55.7
2022-06-21 08:00:00,55.7
2022-06-21 09:00:00,55.7
2022-06-21 10:00:00,55.7
2022-06-21 11:00:00,55.7
2022-06-21 12:00:00,55.7
2022-06-21 13:00:00,55.7
2022-06-21 14:00:00,55.7
2022-06-21 15:00:00,55.7
2022-06-21 16:00:00,55.7
2022-06-21 17:00:00,55.7
2022-06-21 18:00:00,55.7
2022-06-21 19:00:00,55.7
2022-06-21 20:00:00,55.7
2022-06-21 21:00:00,55.7
2022-06-21 22:00:00,55.7
2022-06-21 23:00:00,55.7
2022-06-22 00:00:00,55.7
2022-06-22 01:00:00,55.7
2022-06-22 02:00:00,55.7
2022-06-22 03:00:00,55.7
2022-06-22 04:00:00,55.7
2022-06-22 05:00:00,55.7
2022-06-22 06:00:00,55.7
2022-06-22 07:00:00,55.7
2022-06-22 08:00:00,55.7
2022-06-22 09:00:00,55.7
2022-06-22 10:00:00,55.7
2022-06-22 11:00:00,55.7
2022-06-22 12:00:00,55.7
2022-06-22 13:00:00,55.7
2022-06-22 14:00:00,55.7
2022-06-22 15:00:00,55.7
2022-06-22 16:00:00,55.7
2022-06-22 17:00:00,55.7
2022-06-22 18:00:00,55.7
2022-06-22 19:00:00,55.7
2022-06-22 20:00:00,55.7
2022-06-22 21:00:00,55.7
2022-06-22 22:00:00,55.7
2022-06-22 23:00:00,55.7
2022-06-23 00:00:00,55.7
2022-06-23 01:00:00,55.7
2022-06-23 02:00:00,55.7
2022-06-23 03:00:00,55.7
2022-06-23 04:00:00,55.7
2022-06-23 05:00:00,55.7
2022-06-23 06:00:00,55.7
2022-06-23 07:00:00,55.7
2022-06-23 08:00:00,55.7
2022-06-23 09:00:00,55.7
2022-06-23 10:00:00,55.7
2022-06-23 11:00:00,55.7
2022-06-23 12:00:00,55.7
2022-06-23 13:00:00,55.7
2022-06-23 14:00:00,55.7
2022-06-23 15:00:00,55.7
2022-06-23 16:00:00,55.7
2022-06-23 17:00:00,55.7
2022-06-23 18:00:00,55.7
2022-06-23 19:00:00,55.7
2022-06-23 20:00:00,55.7
2022-06-23 21:00:00,55.7
2022-06-23 22:00:00,55.7
2022-06-23 23:00:00,55.7
2022-06-24 00:00:00,55.7
2022-06-24 01:00:00,55.7
2022-06-24 02:00:00,55.7
2022-06-24 03:00:00,55.7
2022-06-24 04:00:00,55.7
2022-06-24 05:00:00,55.7
2022-06-24 06:00:00,55.7
2022-06-24 07:00:00,55.7
2022-06-24 08:00:00,55.7
2022-06-24 09:00:00,55.7
2022-06-24 10:00:00,55.7
2022-06-24 11:00:00,55.7
2022-06-24 12:00:00,55.7
2022-06-24 13:00:00,55.7
2022-06-24 14:00:00,55.7
2022-06-24 15:00:00,55.7
2022-06-24 16:00:00,55.7
2022-06-24 17:00:00,55.7
2022-06-24 18:00:00,55.7
2022-06-24 19:00:00,55.7
2022-06-24 20:00:00,55.7
2022-06-24 21:00:00,55.7
2022-06-24 22:00:00,55.7
2022-06-24 23:00:00,55.7
2022-06-25 00:00:00,55.7
2022-06-25 01:00:00,55.7
2022-06-25 02:00:00,55.7
2022-06-25 03:00:00,55.7
2022-06-25 04:00:00,55.7
2022-06-25 05:00:00,55.7
2022-06-25 06:00:00,55.7
2022-06-25 07:00:00,55.7
2022-06-25 08:00:00,55.7
2022-06-25 09:00:00,55.7
2022-06-25 10:00:00,55.7
2022-06-25 11:00:00,55.7
2022-06-25 12:00:00,55.7
2022-06-25 13:00:00,55.7
2022-06-25 14:00:00,55.7
2022-06-25 15:00:00,55.7
2022-06-25 16:00:00,55.7
2022-06-25 17:00:00,55.7
2022-06-25 18:00:00,55.7
2022-06-25 19:00:00,55.7
2022-06-25 20:00:00,55.7
2022-06-25 21:00:00,55.7
2022-06-25 22:00:00,55.7
2022-06-25 23:00:00,55.7
2022-06-26 00:00:00,55.7
2022-06-26 01:00:00,55.7
2022-06-26 02:00:00,55.7
2022-06-26 03:00:00,55.7
2022-06-26 04:00:00,55.7
2022-06-26 05:00:00,55.7
2022-06-26 06:00:00,55.7
2022-06-26 07:00:00,55.7
2022-06-26 08:00:00,55.7
2022-06-26 09:00:00,55.7
2022-06-26 10:00:00,55.7
2022-06-26 11:00:00,55.7
2022-06-26 12:00:00,55.7
2022-06-26 13:00:00,55.7
2022-06-26 14:00:00,55.7
2022-06-26 15:00:00,55.7
2022-06-26 16:00:00,55.7
2022-06-26 17:00:00,55.7
2022-06-26 18:00:00,55.7
2022-06-26 19:00:00,55.7
2022-06-26 20:00:00,55.7
2022-06-26 21:00:00,55.7
2022-06-26 22:00:00,55.7
2022-06-26 23:00:00,55.7
2022-06-27 00:00:00,55.7
2022-06-27 01:00:00,55.7
2022-06-27 02:00:00,55.7
2022-06-27 03:00:00,55.7
2022-06-27 04:00:00,55.7
2022-06-27 05:00:00,55.7
2022-06-27 06:00:00,55.7
2022-06-27 07:00:00,55.7
2022-06-27 08:00:00,55.7
2022-06-27 09:00:00,55.7
2022-06-27 10:00:00,55.7
2022-06-27 11:00:00,55.7
2022-06-27 12:00:00,55.7
2022-06-27 13:00:00,55.7
2022-06-27 14:00:00,55.7
2022-06-27 15:00:00,55.7
2022-06-27 16:00:00,55.7
2022-06-27 17:00:00,55.7
2022-06-27 18:00:00,55.7
2022-06-27 19:00:00,55.7
2022-06-27 20:00:00,55.7
2022-06-27 21:00:00,55.7
2022-06-27 22:00:00,55.7
2022-06-27 23:00:00,55.7
2022-06-28 00:00:00,55.7
2022-06-28 01:00:00,55.7
2022-06-28 02:00:00,55.7
2022-06-28 03:00:00,55.7
2022-06-28 04:00:00,55.7
2022-06-28 05:00:00,55.7
2022-06-28 06:00:00,55.7
2022-06-28 07:00:00,55.7
2022-06-28 08:00:00,55.7
2022-06-28 09:00:00,55.7
2022-06-28 10:00:00,55.7
2022-06-28 11:00:00,55.7
2022-06-28 12:00:00,55.7
2022-06-28 13:00:00,55.7
2022-06-28 14:00:00,55.7
2022-06-28 15:00:00,55.7
2022-06-28 16:00:00,55.7
2022-06-28 17:00:00,55.7
2022-06-28 18:00:00,55.7
2022-06-28 19:00:00,55.7
2022-06-28 20:00:00,55.7
2022-06-28 21:00:00,55.7
2022-06-28 22:00:00,55.7
2022-06-28 23:00:00,55.7
2022-06-29 00:00:00,55.7
2022-06-29 01:00:00,55.7
2022-06-29 02:00:00,55.7
2022-06-29 03:00:00,55.7
2022-06-29 04:00:00,55.7
2022-06-29 05:00:00,55.7
2022-06-29 06:00:00,55.7
2022-06-29 07:00:00,55.7
2022-06-29 08:00:00,55.7
2022-06-29 09:00:00,55.7
2022-06-29 10:00:00,55.7
2022-06-29 11:00:00,55.7
2022-06-29 12:00:00,55.7
2022-06-29 13:00:00,55.7
2022-06-29 14:00:00,55.7
2022-06-29 15:00:00,55.7
2022-06-29 16:00:00,55.7
2022-06-29 17:00:00,55.7
2022-06-29 18:00:00,55.7
2022-06-29 19:00:00,55.7
2022-06-29 20:00:00,55.7
2022-06-29 21:00:00,55.7
2022-06-29 22:00:00,55.7
2022-06-29 23:00:00,55.7
2022-06-30 00:00:00,55.7
2022-06-30 01:00:00,55.7
2022-06-30 02:00:00,55.7
2022-06-30 03:00:00,55.7
2022-06-30 04:00:00,55.7
2022-06-30 05:00:00,55.7
2022-06-30 06:00:00,55.7
2022-06-30 07:00:00,55.7
2022-06-30 08:00:00,55.7
2022-06-30 09:00:00,55.7
2022-06-30 10:00:00,55.7
2022-06-30 11:00:00,55.7
2022-06-30 12:00:00,55.7
2022-06-30 13:00:00,55.7
2022-06-30 14:00:00,55.7
2022-06-30 15:00:00,55.7
2022-06-30 16:00:00,55.7
2022-06-30 17:00:00,55.7
2022-06-30 18:00:00,55.7
2022-06-30 19:00:00,55.7
2022-06-30 20:00:00,55.7
2022-06-30 21:00:00,55.7
2022-06-30 22:00:00,55.7
2022-06-30 23:00:00,55.7
2022-07-01 00:00:00,55.7
2022-07-01 01:00:00,55.7
2022-07-01 02:00:00,55.7
2022-07-01 03:00:00,55.7
2022-07-01 04:00:00,55.7
2022-07-01 05:00:00,55.7
2022-07-01 06:00:00,55.7
2022-07-01 07:00:00,55.7
2022-07-01 08:00:00,55.7
2022-07-01 09:00:00,55.7
2022-07-01 10:00:00,55.7
2022-07-01 11:00:00,55.7
2022-07-01 12:00:00,55.7
2022-07-01 13:00:00,55.7
2022-07-01 14:00:00,55.7
2022-07-01 15:00:00,55.7
2022-07-01 16:00:00,55.7
2022-07-01 17:00:00,55.7
2022-07-01 18:00:00,55.7
2022-07-01 19:00:00,55.7
2022-07-01 20:00:00,55.7
2022-07-01 21:00:00,55.7
2022-07-01 22:00:00,55.7
2022-07-01 23:00:00,55.7
2022-07-02 00:00:00,56.94
2022-07-02 01:00:00,56.12
2022-07-02 02:00:00,55.7
2022-07-02 03:00:00,55.7
2022-07-02 04:00:00,55.7
2022-07-02 05:00:00,55.7
2022-07-02 06:00:00,55.7
2022-07-02 07:00:00,55.7
2022-07-02 08:00:00,55.7
2022-07-02 09:00:00,55.7
2022-07-02 10:00:00,55.7
2022-07-02 11:00:00,55.7
2022-07-02 12:00:00,55.7
2022-07-02 13:00:00,55.7
2022-07-02 14:00:00,55.7
2022-07-02 15:00:00,55.7
2022-07-02 16:00:00,56.38
2022-07-02 17:00:00,57.42
2022-07-02 18:00:00,58.47
2022-07-02 19:00:00,57.32
2022-07-02 20:00:00,56.66
2022-07-02 21:00:00,56.29
2022-07-02 22:00:00,56.21
2022-07-02 23:00:00,55.7
2022-07-03 00:00:00,56.25
2022-07-03 01:00:00,55.7
2022-07-03 02:00:00,55.7
2022-07-03 03:00:00,55.7
2022-07-03 04:00:00,55.7
2022-07-03 05:00:00,55.7
2022-07-03 06:00:00,55.7
2022-07-03 07:00:00,55.7
2022-07-03 08:00:00,55.7
2022-07-03 09:00:00,55.7
2022-07-03 10:00:00,55.7
2022-07-03 11:00:00,55.7
2022-07-03 12:00:00,55.7
2022-07-03 13:00:00,55.7
2022-07-03 14:00:00,55.7
2022-07-03 15:00:00,55.7
2022-07-03 16:00:00,56.48
2022-07-03 17:00:00,58.36
2022-07-03 18:00:00,58.71
2022-07-03 19:00:00,58.51
2022-07-03 20:00:00,58.22
2022-07-03 21:00:00,57.73
2022-07-03 22:00:00,57.31
2022-07-03 23:00:00,56.86
2022-07-04 00:00:00,57.71
2022-07-04 01:00:00,56.55
2022-07-04 02:00:00,56.21
2022-07-04 03:00:00,55.7
2022-07-04 04:00:00,55.7
2022-07-04 05:00:00,56.98
2022-07-04 06:00:00,57.69
2022-07-04 07:00:00,58.03
2022-07-04 08:00:00,58.11
2022-07-04 09:00:00,58.1
2022-07-04 10:00:00,58.21
2022-07-04 11:00:00,58.21
2022-07-04 12:00:00,58.19
2022-07-04 13:00:00,58.2
2022-07-04 14:00:00,58.45
2022-07-04 15:00:00,58.76
2022-07-04 16:00:00,59.8
2022-07-04 17:00:00,61.13
2022-07-04 18:00:00,61.6
2022-07-04 19:00:00,60.89
2022-07-04 20:00:00,59.87
2022-07-04 21:00:00,59.1
2022-07-04 22:00:00,58.41
2022-07-04 23:00:00,58.16
2022-07-05 00:00:00,56.93
2022-07-05 01:00:00,56.65
2022-07-05 02:00:00,56.5
2022-07-05 03:00:00,56.31
2022-07-05 04:00:00,56.43
2022-07-05 05:00:00,56.54
2022-07-05 06:00:00,56.93
2022-07-05 07:00:00,56.96
2022-07-05 08:00:00,56.6
2022-07-05 09:00:00,56.45
2022-07-05 10:00:00,56.46
2022-07-05 11:00:00,56.79
2022-07-05 12:00:00,56.97
2022-07-05 13:00:00,56.99
2022-07-05 14:00:00,57.23
2022-07-05 15:00:00,57.76
2022-07-05 16:00:00,58.02
2022-07-05 17:00:00,59.38
2022-07-05 18:00:00,60.52
2022-07-05 19:00:00,59.14
2022-07-05 20:00:00,57.98
2022-07-05 21:00:00,57.67
2022-07-05 22:00:00,57.24
2022-07-05 23:00:00,57.1
2022-07-06 00:00:00,56.77
2022-07-06 01:00:00,56.69
2022-07-06 02:00:00,56.59
2022-07-06 03:00:00,56.48
2022-07-06 04:00:00,56.53
2022-07-06 05:00:00,56.6
2022-07-06 06:00:00,56.67
2022-07-06 07:00:00,56.7
2022-07-06 08:00:00,56.69
2022-07-06 09:00:00,56.69
2022-07-06 10:00:00,56.75
2022-07-06 11:00:00,56.75
2022-07-06 12:00:00,56.76
2022-07-06 13:00:00,56.79
2022-07-06 14:00:00,57.08
2022-07-06 15:00:00,57.91
2022-07-06 16:00:00,58.78
2022-07-06 17:00:00,58.88
2022-07-06 18:00:00,60.25
2022-07-06 19:00:00,58.99
2022-07-06 20:00:00,58.07
2022-07-06 21:00:00,57.59
2022-07-06 22:00:00,57.02
2022-07-06 23:00:00,56.8
2022-07-07 00:00:00,56.78
2022-07-07 01:00:00,56.74
2022-07-07 02:00:00,56.25
2022-07-07 03:00:00,56.19
2022-07-07 04:00:00,56.45
2022-07-07 05:00:00,56.55
2022-07-07 06:00:00,56.76
2022-07-07 07:00:00,56.82
2022-07-07 08:00:00,56.83
2022-07-07 09:00:00,56.82
2022-07-07 10:00:00,56.83
2022-07-07 11:00:00,56.83
2022-07-07 12:00:00,56.82
2022-07-07 13:00:00,56.85
2022-07-07 14:00:00,57.39
2022-07-07 15:00:00,58.11
2022-07-07 16:00:00,58.6
2022-07-07 17:00:00,59.65
2022-07-07 18:00:00,60.57
2022-07-07 19:00:00,59.45
2022-07-07 20:00:00,58.19
2022-07-07 21:00:00,57.78
2022-07-07 22:00:00,57.14
2022-07-07 23:00:00,56.81
2022-07-08 00:00:00,56.88
2022-07-08 01:00:00,56.52
2022-07-08 02:00:00,56.31
2022-07-08 03:00:00,56.4
2022-07-08 04:00:00,56.41
2022-07-08 05:00:00,56.55
2022-07-08 06:00:00,56.69
2022-07-08 07:00:00,56.75
2022-07-08 08:00:00,56.76
2022-07-08 09:00:00,56.77
2022-07-08 10:00:00,56.69
2022-07-08 11:00:00,56.78
2022-07-08 12:00:00,56.71
2022-07-08 13:00:00,56.83
2022-07-08 14:00:00,57.03
2022-07-08 15:00:00,57.58
2022-07-08 16:00:00,57.82
2022-07-08 17:00:00,58.54
2022-07-08 18:00:00,60.25
2022-07-08 19:00:00,58.66
2022-07-08 20:00:00,58.5
2022-07-08 21:00:00,58.08
2022-07-08 22:00:00,57.47
2022-07-08 23:00:00,56.83
2022-07-09 00:00:00,58.38
2022-07-09 01:00:00,57.73
2022-07-09 02:00:00,56.74
2022-07-09 03:00:00,56.28
2022-07-09 04:00:00,56.18
2022-07-09 05:00:00,56.21
2022-07-09 06:00:00,56.62
2022-07-09 07:00:00,56.0
2022-07-09 08:00:00,56.74
2022-07-09 09:00:00,56.72
2022-07-09 10:00:00,56.71
2022-07-09 11:00:00,56.74
2022-07-09 12:00:00,56.49
2022-07-09 13:00:00,55.7
2022-07-09 14:00:00,57.02
2022-07-09 15:00:00,57.36
2022-07-09 16:00:00,58.29
2022-07-09 17:00:00,58.9
2022-07-09 18:00:00,61.94
2022-07-09 19:00:00,59.51
2022-07-09 20:00:00,58.59
2022-07-09 21:00:00,58.3
2022-07-09 22:00:00,58.25
2022-07-09 23:00:00,57.98
2022-07-10 00:00:00,58.24
2022-07-10 01:00:00,56.55
2022-07-10 02:00:00,55.7
2022-07-10 03:00:00,55.7
2022-07-10 04:00:00,55.7
2022-07-10 05:00:00,55.7
2022-07-10 06:00:00,55.7
2022-07-10 07:00:00,55.7
2022-07-10 08:00:00,55.7
2022-07-10 09:00:00,55.7
2022-07-10 10:00:00,55.7
2022-07-10 11:00:00,55.7
2022-07-10 12:00:00,55.7
2022-07-10 13:00:00,55.7
2022-07-10 14:00:00,55.7
2022-07-10 15:00:00,57.05
2022-07-10 16:00:00,58.7
2022-07-10 17:00:00,59.83
2022-07-10 18:00:00,60.78
2022-07-10 19:00:00,60.37
2022-07-10 20:00:00,59.46
2022-07-10 21:00:00,59.34
2022-07-10 22:00:00,58.9
2022-07-10 23:00:00,58.61
2022-07-11 00:00:00,58.08
2022-07-11 01:00:00,57.42
2022-07-11 02:00:00,56.68
2022-07-11 03:00:00,56.76
2022-07-11 04:00:00,57.49
2022-07-11 05:00:00,58.36
2022-07-11 06:00:00,58.48
2022-07-11 07:00:00,58.58
2022-07-11 08:00:00,59.1
2022-07-11 09:00:00,59.1
2022-07-11 10:00:00,59.2
2022-07-11 11:00:00,59.26
2022-07-11 12:00:00,59.24
2022-07-11 13:00:00,59.37
2022-07-11 14:00:00,60.12
2022-07-11 15:00:00,61.42
2022-07-11 16:00:00,62.3
2022-07-11 17:00:00,62.66
2022-07-11 18:00:00,64.19
2022-07-11 19:00:00,63.09
2022-07-11 20:00:00,62.46
2022-07-11 21:00:00,62.09
2022-07-11 22:00:00,60.62
2022-07-11 23:00:00,59.38
2022-07-12 00:00:00,58.77
2022-07-12 01:00:00,58.43
2022-07-12 02:00:00,58.39
2022-07-12 03:00:00,58.54
2022-07-12 04:00:00,58.54
2022-07-12 05:00:00,58.57
2022-07-12 06:00:00,58.96
2022-07-12 07:00:00,59.01
2022-07-12 08:00:00,59.01
2022-07-12 09:00:00,59.02
2022-07-12 10:00:00,59.09
2022-07-12 11:00:00,59.07
2022-07-12 12:00:00,59.01
2022-07-12 13:00:00,59.1
2022-07-12 14:00:00,60.01
2022-07-12 15:00:00,60.37
2022-07-12 16:00:00,61.71
2022-07-12 17:00:00,62.6
2022-07-12 18:00:00,63.48
2022-07-12 19:00:00,62.53
2022-07-12 20:00:00,61.27
2022-07-12 21:00:00,60.21
2022-07-12 22:00:00,59.21
2022-07-12 23:00:00,59.06
2022-07-13 00:00:00,58.75
2022-07-13 01:00:00,58.29
2022-07-13 02:00:00,58.42
2022-07-13 03:00:00,58.37
2022-07-13 04:00:00,58.39
2022-07-13 05:00:00,58.43
2022-07-13 06:00:00,58.87
2022-07-13 07:00:00,59.01
2022-07-13 08:00:00,59.15
2022-07-13 09:00:00,59.14
2022-07-13 10:00:00,59.25
2022-07-13 11:00:00,59.27
2022-07-13 12:00:00,59.05
2022-07-13 13:00:00,59.33
2022-07-13 14:00:00,60.23
2022-07-13 15:00:00,61.12
2022-07-13 16:00:00,61.25
2022-07-13 17:00:00,62.38
2022-07-13 18:00:00,63.51
2022-07-13 19:00:00,62.6
2022-07-13 20:00:00,60.83
2022-07-13 21:00:00,60.27
2022-07-13 22:00:00,59.98
2022-07-13 23:00:00,59.04
2022-07-14 00:00:00,58.35
2022-07-14 01:00:00,57.95
2022-07-14 02:00:00,57.92
2022-07-14 03:00:00,57.92
2022-07-14 04:00:00,58.02
2022-07-14 05:00:00,58.15
2022-07-14 06:00:00,58.33
2022-07-14 07:00:00,58.56
2022-07-14 08:00:00,58.57
2022-07-14 09:00:00,58.57
2022-07-14 10:00:00,58.59
2022-07-14 11:00:00,58.6
2022-07-14 12:00:00,58.57
2022-07-14 13:00:00,58.91
2022-07-14 14:00:00,59.72
2022-07-14 15:00:00,60.63
2022-07-14 16:00:00,61.79
2022-07-14 17:00:00,62.63
2022-07-14 18:00:00,63.07
2022-07-14 19:00:00,62.72
2022-07-14 20:00:00,61.41
2022-07-14 21:00:00,60.13
2022-07-14 22:00:00,59.2
2022-07-14 23:00:00,58.65
2022-07-15 00:00:00,58.2
2022-07-15 01:00:00,57.97
2022-07-15 02:00:00,57.05
2022-07-15 03:00:00,57.52
2022-07-15 04:00:00,57.91
2022-07-15 05:00:00,58.31
2022-07-15 06:00:00,58.45
2022-07-15 07:00:00,58.94
2022-07-15 08:00:00,59.3
2022-07-15 09:00:00,59.37
2022-07-15 10:00:00,59.48
2022-07-15 11:00:00,59.41
2022-07-15 12:00:00,59.11
2022-07-15 13:00:00,59.32
2022-07-15 14:00:00,60.01
2022-07-15 15:00:00,60.1
2022-07-15 16:00:00,61.36
2022-07-15 17:00:00,62.44
2022-07-15 18:00:00,63.13
2022-07-15 19:00:00,62.1
2022-07-15 20:00:00,60.48
2022-07-15 21:00:00,60.72
2022-07-15 22:00:00,59.6
2022-07-15 23:00:00,59.15
2022-07-16 00:00:00,67.66
2022-07-16 01:00:00,66.91
2022-07-16 02:00:00,66.83
2022-07-16 03:00:00,66.74
2022-07-16 04:00:00,66.67
2022-07-16 05:00:00,66.72
2022-07-16 06:00:00,66.71
2022-07-16 07:00:00,66.64
2022-07-16 08:00:00,66.4
2022-07-16 09:00:00,66.44
2022-07-16 10:00:00,66.53
2022-07-16 11:00:00,66.75
2022-07-16 12:00:00,66.75
2022-07-16 13:00:00,66.74
2022-07-16 14:00:00,66.85
2022-07-16 15:00:00,67.48
2022-07-16 16:00:00,67.77
2022-07-16 17:00:00,68.39
2022-07-16 18:00:00,71.2
2022-07-16 19:00:00,69.0
2022-07-16 20:00:00,68.03
2022-07-16 21:00:00,67.76
2022-07-16 22:00:00,67.47
2022-07-16 23:00:00,67.37
2022-07-17 00:00:00,67.22
2022-07-17 01:00:00,65.86
2022-07-17 02:00:00,65.67
2022-07-17 03:00:00,65.2
2022-07-17 04:00:00,65.14
2022-07-17 05:00:00,65.67
2022-07-17 06:00:00,65.63
2022-07-17 07:00:00,64.94
2022-07-17 08:00:00,64.68
2022-07-17 09:00:00,64.68
2022-07-17 10:00:00,65.03
2022-07-17 11:00:00,65.63
2022-07-17 12:00:00,65.62
2022-07-17 13:00:00,65.62
2022-07-17 14:00:00,65.99
2022-07-17 15:00:00,66.33
2022-07-17 16:00:00,67.42
2022-07-17 17:00:00,68.97
2022-07-17 18:00:00,70.1
2022-07-17 19:00:00,69.69
2022-07-17 20:00:00,68.84
2022-07-17 21:00:00,68.6
2022-07-17 22:00:00,68.03
2022-07-17 23:00:00,67.54
2022-07-18 00:00:00,67.59
2022-07-18 01:00:00,66.54
2022-07-18 02:00:00,65.95
2022-07-18 03:00:00,65.93
2022-07-18 04:00:00,66.35
2022-07-18 05:00:00,66.76
2022-07-18 06:00:00,67.54
2022-07-18 07:00:00,67.73
2022-07-18 08:00:00,67.29
2022-07-18 09:00:00,66.25
2022-07-18 10:00:00,66.23
2022-07-18 11:00:00,67.41
2022-07-18 12:00:00,68.09
2022-07-18 13:00:00,68.61
2022-07-18 14:00:00,69.5
2022-07-18 15:00:00,71.23
2022-07-18 16:00:00,73.23
2022-07-18 17:00:00,74.31
2022-07-18 18:00:00,75.95
2022-07-18 19:00:00,74.07
2022-07-18 20:00:00,73.33
2022-07-18 21:00:00,72.82
2022-07-18 22:00:00,70.13
2022-07-18 23:00:00,68.85
2022-07-19 00:00:00,67.95
2022-07-19 01:00:00,67.49
2022-07-19 02:00:00,67.17
2022-07-19 03:00:00,66.39
2022-07-19 04:00:00,66.65
2022-07-19 05:00:00,67.35
2022-07-19 06:00:00,67.99
2022-07-19 07:00:00,68.15
2022-07-19 08:00:00,67.85
2022-07-19 09:00:00,67.4
2022-07-19 10:00:00,68.17
2022-07-19 11:00:00,68.31
2022-07-19 12:00:00,68.13
2022-07-19 13:00:00,68.44
2022-07-19 14:00:00,69.21
2022-07-19 15:00:00,70.98
2022-07-19 16:00:00,73.17
2022-07-19 17:00:00,74.58
2022-07-19 18:00:00,75.88
2022-07-19 19:00:00,73.74
2022-07-19 20:00:00,72.8
2022-07-19 21:00:00,71.25
2022-07-19 22:00:00,69.5
2022-07-19 23:00:00,68.43
2022-07-20 00:00:00,67.43
2022-07-20 01:00:00,67.18
2022-07-20 02:00:00,66.64
2022-07-20 03:00:00,66.57
2022-07-20 04:00:00,66.71
2022-07-20 05:00:00,67.04
2022-07-20 06:00:00,67.38
2022-07-20 07:00:00,67.65
2022-07-20 08:00:00,67.66
2022-07-20 09:00:00,67.14
2022-07-20 10:00:00,67.51
2022-07-20 11:00:00,67.58
2022-07-20 12:00:00,67.36
2022-07-20 13:00:00,67.63
2022-07-20 14:00:00,68.09
2022-07-20 15:00:00,69.4
2022-07-20 16:00:00,73.47
2022-07-20 17:00:00,77.77
2022-07-20 18:00:00,79.87
2022-07-20 19:00:00,77.81
2022-07-20 20:00:00,72.16
2022-07-20 21:00:00,69.98
2022-07-20 22:00:00,69.08
2022-07-20 23:00:00,68.23
2022-07-21 00:00:00,67.51
2022-07-21 01:00:00,67.08
2022-07-21 02:00:00,66.93
2022-07-21 03:00:00,66.93
2022-07-21 04:00:00,66.93
2022-07-21 05:00:00,67.13
2022-07-21 06:00:00,67.36
2022-07-21 07:00:00,67.92
2022-07-21 08:00:00,68.1
2022-07-21 09:00:00,68.05
2022-07-21 10:00:00,67.94
2022-07-21 11:00:00,67.95
2022-07-21 12:00:00,67.42
2022-07-21 13:00:00,68.18
2022-07-21 14:00:00,68.95
2022-07-21 15:00:00,70.06
2022-07-21 16:00:00,74.32
2022-07-21 17:00:00,77.76
2022-07-21 18:00:00,79.87
2022-07-21 19:00:00,79.6
2022-07-21 20:00:00,74.93
2022-07-21 21:00:00,72.04
2022-07-21 22:00:00,69.42
2022-07-21 23:00:00,68.14
2022-07-22 00:00:00,68.08
2022-07-22 01:00:00,67.29
2022-07-22 02:00:00,67.12
2022-07-22 03:00:00,67.11
2022-07-22 04:00:00,67.1
2022-07-22 05:00:00,67.14
2022-07-22 06:00:00,67.87
2022-07-22 07:00:00,68.09
2022-07-22 08:00:00,68.31
2022-07-22 09:00:00,68.29
2022-07-22 10:00:00,67.97
2022-07-22 11:00:00,67.95
2022-07-22 12:00:00,67.91
2022-07-22 13:00:00,68.13
2022-07-22 14:00:00,68.97
2022-07-22 15:00:00,70.37
2022-07-22 16:00:00,71.43
2022-07-22 17:00:00,72.63
2022-07-22 18:00:00,76.23
2022-07-22 19:00:00,74.13
2022-07-22 20:00:00,71.32
2022-07-22 21:00:00,70.55
2022-07-22 22:00:00,68.77
2022-07-22 23:00:00,68.3
2022-07-23 00:00:00,70.23
2022-07-23 01:00:00,69.92
2022-07-23 02:00:00,69.77
2022-07-23 03:00:00,69.69
2022-07-23 04:00:00,69.68
2022-07-23 05:00:00,69.64
2022-07-23 06:00:00,69.71
2022-07-23 07:00:00,69.66
2022-07-23 08:00:00,69.54
2022-07-23 09:00:00,69.55
2022-07-23 10:00:00,69.53
2022-07-23 11:00:00,69.62
2022-07-23 12:00:00,69.69
2022-07-23 13:00:00,69.82
2022-07-23 14:00:00,69.96
2022-07-23 15:00:00,70.26
2022-07-23 16:00:00,70.68
2022-07-23 17:00:00,72.77
2022-07-23 18:00:00,75.55
2022-07-23 19:00:00,73.6
2022-07-23 20:00:00,71.83
2022-07-23 21:00:00,70.72
2022-07-23 22:00:00,70.43
2022-07-23 23:00:00,70.28
2022-07-24 00:00:00,69.92
2022-07-24 01:00:00,69.25
2022-07-24 02:00:00,68.86
2022-07-24 03:00:00,68.4
2022-07-24 04:00:00,68.39
2022-07-24 05:00:00,68.55
2022-07-24 06:00:00,68.53
2022-07-24 07:00:00,67.89
2022-07-24 08:00:00,67.25
2022-07-24 09:00:00,66.39
2022-07-24 10:00:00,66.61
2022-07-24 11:00:00,68.1
2022-07-24 12:00:00,68.17
2022-07-24 13:00:00,68.13
2022-07-24 14:00:00,68.44
2022-07-24 15:00:00,69.13
2022-07-24 16:00:00,69.82
2022-07-24 17:00:00,70.93
2022-07-24 18:00:00,71.6
2022-07-24 19:00:00,71.33
2022-07-24 20:00:00,71.2
2022-07-24 21:00:00,70.8
2022-07-24 22:00:00,70.53
2022-07-24 23:00:00,70.27
2022-07-25 00:00:00,70.17
2022-07-25 01:00:00,69.41
2022-07-25 02:00:00,68.61
2022-07-25 03:00:00,68.58
2022-07-25 04:00:00,68.7
2022-07-25 05:00:00,69.48
2022-07-25 06:00:00,70.38
2022-07-25 07:00:00,70.52
2022-07-25 08:00:00,70.57
2022-07-25 09:00:00,70.1
2022-07-25 10:00:00,70.77
2022-07-25 11:00:00,70.78
2022-07-25 12:00:00,70.6
2022-07-25 13:00:00,71.02
2022-07-25 14:00:00,71.84
2022-07-25 15:00:00,73.58
2022-07-25 16:00:00,75.1
2022-07-25 17:00:00,75.2
2022-07-25 18:00:00,77.42
2022-07-25 19:00:00,75.53
2022-07-25 20:00:00,75.11
2022-07-25 21:00:00,74.71
2022-07-25 22:00:00,72.7
2022-07-25 23:00:00,71.23
2022-07-26 00:00:00,70.41
2022-07-26 01:00:00,70.11
2022-07-26 02:00:00,70.0
2022-07-26 03:00:00,69.92
2022-07-26 04:00:00,69.94
2022-07-26 05:00:00,70.15
2022-07-26 06:00:00,70.34
2022-07-26 07:00:00,70.97
2022-07-26 08:00:00,71.13
2022-07-26 09:00:00,71.13
2022-07-26 10:00:00,71.15
2022-07-26 11:00:00,71.16
2022-07-26 12:00:00,71.0
2022-07-26 13:00:00,71.48
2022-07-26 14:00:00,72.69
2022-07-26 15:00:00,74.22
2022-07-26 16:00:00,74.6
2022-07-26 17:00:00,75.5
2022-07-26 18:00:00,79.13
2022-07-26 19:00:00,75.91
2022-07-26 20:00:00,74.72
2022-07-26 21:00:00,74.39
2022-07-26 22:00:00,72.83
2022-07-26 23:00:00,71.46
2022-07-27 00:00:00,70.12
2022-07-27 01:00:00,69.87
2022-07-27 02:00:00,69.75
2022-07-27 03:00:00,69.75
2022-07-27 04:00:00,69.73
2022-07-27 05:00:00,69.87
2022-07-27 06:00:00,69.94
2022-07-27 07:00:00,70.42
2022-07-27 08:00:00,71.01
2022-07-27 09:00:00,70.23
2022-07-27 10:00:00,71.27
2022-07-27 11:00:00,71.24
2022-07-27 12:00:00,71.0
2022-07-27 13:00:00,71.54
2022-07-27 14:00:00,72.38
2022-07-27 15:00:00,74.41
2022-07-27 16:00:00,75.25
2022-07-27 17:00:00,75.64
2022-07-27 18:00:00,79.29
2022-07-27 19:00:00,76.25
2022-07-27 20:00:00,75.18
2022-07-27 21:00:00,74.64
2022-07-27 22:00:00,72.32
2022-07-27 23:00:00,71.02
2022-07-28 00:00:00,69.84
2022-07-28 01:00:00,69.37
2022-07-28 02:00:00,69.1
2022-07-28 03:00:00,69.09
2022-07-28 04:00:00,69.18
2022-07-28 05:00:00,69.69
2022-07-28 06:00:00,69.91
2022-07-28 07:00:00,71.02
2022-07-28 08:00:00,71.1
2022-07-28 09:00:00,70.88
2022-07-28 10:00:00,70.95
2022-07-28 11:00:00,70.94
2022-07-28 12:00:00,70.27
2022-07-28 13:00:00,71.19
2022-07-28 14:00:00,71.78
2022-07-28 15:00:00,73.07
2022-07-28 16:00:00,75.09
2022-07-28 17:00:00,75.19
2022-07-28 18:00:00,78.28
2022-07-28 19:00:00,75.84
2022-07-28 20:00:00,73.46
2022-07-28 21:00:00,72.63
2022-07-28 22:00:00,71.52
2022-07-28 23:00:00,70.73
2022-07-29 00:00:00,69.9
2022-07-29 01:00:00,69.43
2022-07-29 02:00:00,69.26
2022-07-29 03:00:00,69.3
2022-07-29 04:00:00,69.5
2022-07-29 05:00:00,69.7
2022-07-29 06:00:00,70.4
2022-07-29 07:00:00,70.94
2022-07-29 08:00:00,71.35
2022-07-29 09:00:00,71.17
2022-07-29 10:00:00,71.32
2022-07-29 11:00:00,71.19
2022-07-29 12:00:00,70.73
2022-07-29 13:00:00,71.41
2022-07-29 14:00:00,71.79
2022-07-29 15:00:00,72.27
2022-07-29 16:00:00,74.42
2022-07-29 17:00:00,75.96
2022-07-29 18:00:00,78.73
2022-07-29 19:00:00,77.52
2022-07-29 20:00:00,73.94
2022-07-29 21:00:00,73.37
2022-07-29 22:00:00,71.78
2022-07-29 23:00:00,71.29
2022-07-30 00:00:00,104.15
2022-07-30 01:00:00,103.55
2022-07-30 02:00:00,103.48
2022-07-30 03:00:00,103.47
2022-07-30 04:00:00,103.47
2022-07-30 05:00:00,103.47
2022-07-30 06:00:00,103.47
2022-07-30 07:00:00,103.47
2022-07-30 08:00:00,103.47
2022-07-30 09:00:00,103.46
2022-07-30 10:00:00,103.47
2022-07-30 11:00:00,103.47
2022-07-30 12:00:00,103.47
2022-07-30 13:00:00,103.48
2022-07-30 14:00:00,103.51
2022-07-30 15:00:00,103.57
2022-07-30 16:00:00,104.03
2022-07-30 17:00:00,105.12
2022-07-30 18:00:00,109.89
2022-07-30 19:00:00,107.21
2022-07-30 20:00:00,105.41
2022-07-30 21:00:00,104.23
2022-07-30 22:00:00,103.84
2022-07-30 23:00:00,103.53
2022-07-31 00:00:00,102.98
2022-07-31 01:00:00,101.38
2022-07-31 02:00:00,100.97
2022-07-31 03:00:00,100.9
2022-07-31 04:00:00,100.96
2022-07-31 05:00:00,101.16
2022-07-31 06:00:00,101.05
2022-07-31 07:00:00,100.16
2022-07-31 08:00:00,99.23
2022-07-31 09:00:00,99.01
2022-07-31 10:00:00,99.51
2022-07-31 11:00:00,100.51
2022-07-31 12:00:00,100.4
2022-07-31 13:00:00,100.1
2022-07-31 14:00:00,100.42
2022-07-31 15:00:00,101.26
2022-07-31 16:00:00,102.58
2022-07-31 17:00:00,103.99
2022-07-31 18:00:00,104.42
2022-07-31 19:00:00,104.2
2022-07-31 20:00:00,104.14
2022-07-31 21:00:00,104.11
2022-07-31 22:00:00,103.82
2022-07-31 23:00:00,103.09
2022-08-01 00:00:00,101.23
2022-08-01 01:00:00,100.43
2022-08-01 02:00:00,100.04
2022-08-01 03:00:00,100.44
2022-08-01 04:00:00,100.76
2022-08-01 05:00:00,101.76
2022-08-01 06:00:00,103.24
2022-08-01 07:00:00,103.27
2022-08-01 08:00:00,102.98
2022-08-01 09:00:00,102.33
2022-08-01 10:00:00,103.05
2022-08-01 11:00:00,103.86
2022-08-01 12:00:00,103.92
2022-08-01 13:00:00,104.18
2022-08-01 14:00:00,104.6
2022-08-01 15:00:00,105.26
2022-08-01 16:00:00,107.51
2022-08-01 17:00:00,108.2
2022-08-01 18:00:00,109.61
2022-08-01 19:00:00,108.61
2022-08-01 20:00:00,108.36
2022-08-01 21:00:00,107.29
2022-08-01 22:00:00,105.21
2022-08-01 23:00:00,104.26
2022-08-02 00:00:00,103.78
2022-08-02 01:00:00,102.72
2022-08-02 02:00:00,102.27
2022-08-02 03:00:00,102.21
2022-08-02 04:00:00,102.31
2022-08-02 05:00:00,102.92
2022-08-02 06:00:00,103.9
2022-08-02 07:00:00,104.13
2022-08-02 08:00:00,104.28
2022-08-02 09:00:00,104.28
2022-08-02 10:00:00,104.3
2022-08-02 11:00:00,104.3
2022-08-02 12:00:00,104.3
2022-08-02 13:00:00,104.53
2022-08-02 14:00:00,106.26
2022-08-02 15:00:00,108.12
2022-08-02 16:00:00,108.87
2022-08-02 17:00:00,109.11
2022-08-02 18:00:00,110.7
2022-08-02 19:00:00,109.36
2022-08-02 20:00:00,109.17
2022-08-02 21:00:00,108.7
2022-08-02 22:00:00,105.82
2022-08-02 23:00:00,104.35
2022-08-03 00:00:00,118.81
2022-08-03 01:00:00,116.68
2022-08-03 02:00:00,116.43
2022-08-03 03:00:00,116.33
2022-08-03 04:00:00,116.38
2022-08-03 05:00:00,117.59
2022-08-03 06:00:00,119.26
2022-08-03 07:00:00,119.59
2022-08-03 08:00:00,119.67
2022-08-03 09:00:00,119.6
2022-08-03 10:00:00,119.71
2022-08-03 11:00:00,119.5
2022-08-03 12:00:00,118.84
2022-08-03 13:00:00,119.78
2022-08-03 14:00:00,120.97
2022-08-03 15:00:00,123.72
2022-08-03 16:00:00,125.33
2022-08-03 17:00:00,125.51
2022-08-03 18:00:00,130.73
2022-08-03 19:00:00,126.62
2022-08-03 20:00:00,124.96
2022-08-03 21:00:00,124.1
2022-08-03 22:00:00,121.24
2022-08-03 23:00:00,119.68
2022-08-04 00:00:00,119.28
2022-08-04 01:00:00,117.2
2022-08-04 02:00:00,115.86
2022-08-04 03:00:00,115.81
2022-08-04 04:00:00,115.84
2022-08-04 05:00:00,117.47
2022-08-04 06:00:00,118.83
2022-08-04 07:00:00,119.52
2022-08-04 08:00:00,119.44
2022-08-04 09:00:00,119.43
2022-08-04 10:00:00,119.59
2022-08-04 11:00:00,119.46
2022-08-04 12:00:00,118.88
2022-08-04 13:00:00,119.81
2022-08-04 14:00:00,121.86
2022-08-04 15:00:00,123.42
2022-08-04 16:00:00,124.32
2022-08-04 17:00:00,124.37
2022-08-04 18:00:00,125.58
2022-08-04 19:00:00,125.19
2022-08-04 20:00:00,122.45
2022-08-04 21:00:00,121.11
2022-08-04 22:00:00,119.25
2022-08-04 23:00:00,119.07
2022-08-05 00:00:00,119.03
2022-08-05 01:00:00,117.26
2022-08-05 02:00:00,115.7
2022-08-05 03:00:00,115.61
2022-08-05 04:00:00,115.82
2022-08-05 05:00:00,117.84
2022-08-05 06:00:00,118.73
2022-08-05 07:00:00,118.92
2022-08-05 08:00:00,119.4
2022-08-05 09:00:00,119.41
2022-08-05 10:00:00,119.64
2022-08-05 11:00:00,119.32
2022-08-05 12:00:00,118.85
2022-08-05 13:00:00,119.67
2022-08-05 14:00:00,120.88
2022-08-05 15:00:00,120.92
2022-08-05 16:00:00,122.86
2022-08-05 17:00:00,123.47
2022-08-05 18:00:00,126.85
2022-08-05 19:00:00,124.97
2022-08-05 20:00:00,121.5
2022-08-05 21:00:00,121.83
2022-08-05 22:00:00,119.35
2022-08-05 23:00:00,118.26
2022-08-06 00:00:00,89.42
2022-08-06 01:00:00,88.45
2022-08-06 02:00:00,88.18
2022-08-06 03:00:00,88.16
2022-08-06 04:00:00,88.15
2022-08-06 05:00:00,88.17
2022-08-06 06:00:00,88.16
2022-08-06 07:00:00,88.18
2022-08-06 08:00:00,88.22
2022-08-06 09:00:00,88.26
2022-08-06 10:00:00,88.28
2022-08-06 11:00:00,88.3
2022-08-06 12:00:00,88.32
2022-08-06 13:00:00,88.36
2022-08-06 14:00:00,88.4
2022-08-06 15:00:00,88.54
2022-08-06 16:00:00,89.27
2022-08-06 17:00:00,90.62
2022-08-06 18:00:00,95.39
2022-08-06 19:00:00,92.53
2022-08-06 20:00:00,90.32
2022-08-06 21:00:00,89.35
2022-08-06 22:00:00,89.24
2022-08-06 23:00:00,88.89
2022-08-07 00:00:00,87.47
2022-08-07 01:00:00,85.68
2022-08-07 02:00:00,84.65
2022-08-07 03:00:00,85.47
2022-08-07 04:00:00,85.89
2022-08-07 05:00:00,86.51
2022-08-07 06:00:00,86.09
2022-08-07 07:00:00,85.48
2022-08-07 08:00:00,85.31
2022-08-07 09:00:00,85.31
2022-08-07 10:00:00,85.31
2022-08-07 11:00:00,85.84
2022-08-07 12:00:00,85.8
2022-08-07 13:00:00,86.19
2022-08-07 14:00:00,86.58
2022-08-07 15:00:00,87.24
2022-08-07 16:00:00,89.31
2022-08-07 17:00:00,90.83
2022-08-07 18:00:00,92.77
2022-08-07 19:00:00,91.68
2022-08-07 20:00:00,91.65
2022-08-07 21:00:00,91.35
2022-08-07 22:00:00,90.29
2022-08-07 23:00:00,89.53
2022-08-08 00:00:00,87.58
2022-08-08 01:00:00,86.03
2022-08-08 02:00:00,85.1
2022-08-08 03:00:00,85.99
2022-08-08 04:00:00,87.2
2022-08-08 05:00:00,89.09
2022-08-08 06:00:00,90.21
2022-08-08 07:00:00,90.62
2022-08-08 08:00:00,91.76
2022-08-08 09:00:00,92.02
2022-08-08 10:00:00,92.24
2022-08-08 11:00:00,92.24
2022-08-08 12:00:00,92.02
2022-08-08 13:00:00,92.82
2022-08-08 14:00:00,94.74
2022-08-08 15:00:00,95.13
2022-08-08 16:00:00,95.18
2022-08-08 17:00:00,95.27
2022-08-08 18:00:00,100.67
2022-08-08 19:00:00,96.34
2022-08-08 20:00:00,95.1
2022-08-08 21:00:00,95.05
2022-08-08 22:00:00,94.26
2022-08-08 23:00:00,91.96
2022-08-09 00:00:00,89.51
2022-08-09 01:00:00,88.91
2022-08-09 02:00:00,88.12
2022-08-09 03:00:00,89.29
2022-08-09 04:00:00,89.29
2022-08-09 05:00:00,89.67
2022-08-09 06:00:00,91.07
2022-08-09 07:00:00,91.49
2022-08-09 08:00:00,92.22
2022-08-09 09:00:00,92.38
2022-08-09 10:00:00,92.43
2022-08-09 11:00:00,92.38
2022-08-09 12:00:00,92.2
2022-08-09 13:00:00,92.62
2022-08-09 14:00:00,94.18
2022-08-09 15:00:00,94.76
2022-08-09 16:00:00,95.06
2022-08-09 17:00:00,95.63
2022-08-09 18:00:00,100.36
2022-08-09 19:00:00,97.86
2022-08-09 20:00:00,94.82
2022-08-09 21:00:00,94.78
2022-08-09 22:00:00,94.55
2022-08-09 23:00:00,92.39
2022-08-10 00:00:00,89.4
2022-08-10 01:00:00,87.92
2022-08-10 02:00:00,87.44
2022-08-10 03:00:00,88.31
2022-08-10 04:00:00,88.92
2022-08-10 05:00:00,89.84
2022-08-10 06:00:00,90.89
2022-08-10 07:00:00,92.23
2022-08-10 08:00:00,93.1
2022-08-10 09:00:00,92.99
2022-08-10 10:00:00,93.62
2022-08-10 11:00:00,93.4
2022-08-10 12:00:00,93.01
2022-08-10 13:00:00,93.15
2022-08-10 14:00:00,94.57
2022-08-10 15:00:00,94.93
2022-08-10 16:00:00,96.39
2022-08-10 17:00:00,96.66
2022-08-10 18:00:00,101.4
2022-08-10 19:00:00,99.04
2022-08-10 20:00:00,96.38
2022-08-10 21:00:00,96.74
2022-08-10 22:00:00,94.04
2022-08-10 23:00:00,93.51
2022-08-11 00:00:00,90.68
2022-08-11 01:00:00,89.45
2022-08-11 02:00:00,88.87
2022-08-11 03:00:00,89.58
2022-08-11 04:00:00,89.6
2022-08-11 05:00:00,89.69
2022-08-11 06:00:00,91.63
2022-08-11 07:00:00,92.63
2022-08-11 08:00:00,92.87
2022-08-11 09:00:00,92.63
2022-08-11 10:00:00,92.15
2022-08-11 11:00:00,91.76
2022-08-11 12:00:00,91.48
2022-08-11 13:00:00,92.06
2022-08-11 14:00:00,92.63
2022-08-11 15:00:00,93.54
2022-08-11 16:00:00,94.81
2022-08-11 17:00:00,95.73
2022-08-11 18:00:00,97.27
2022-08-11 19:00:00,96.28
2022-08-11 20:00:00,95.7
2022-08-11 21:00:00,94.52
2022-08-11 22:00:00,91.29
2022-08-11 23:00:00,90.84
2022-08-12 00:00:00,88.76
2022-08-12 01:00:00,87.76
2022-08-12 02:00:00,87.65
2022-08-12 03:00:00,88.09
2022-08-12 04:00:00,88.4
2022-08-12 05:00:00,88.45
2022-08-12 06:00:00,89.04
2022-08-12 07:00:00,89.26
2022-08-12 08:00:00,89.43
2022-08-12 09:00:00,89.32
2022-08-12 10:00:00,89.3
2022-08-12 11:00:00,89.3
2022-08-12 12:00:00,89.04
2022-08-12 13:00:00,89.48
2022-08-12 14:00:00,89.67
2022-08-12 15:00:00,90.5
2022-08-12 16:00:00,90.92
2022-08-12 17:00:00,91.87
2022-08-12 18:00:00,96.69
2022-08-12 19:00:00,94.3
2022-08-12 20:00:00,92.3
2022-08-12 21:00:00,92.23
2022-08-12 22:00:00,90.69
2022-08-12 23:00:00,89.32
2022-08-13 00:00:00,66.54
2022-08-13 01:00:00,66.32
2022-08-13 02:00:00,66.23
2022-08-13 03:00:00,66.1
2022-08-13 04:00:00,66.19
2022-08-13 05:00:00,66.26
2022-08-13 06:00:00,66.36
2022-08-13 07:00:00,66.34
2022-08-13 08:00:00,66.34
2022-08-13 09:00:00,66.33
2022-08-13 10:00:00,66.37
2022-08-13 11:00:00,66.37
2022-08-13 12:00:00,66.37
2022-08-13 13:00:00,66.37
2022-08-13 14:00:00,66.45
2022-08-13 15:00:00,66.6
2022-08-13 16:00:00,68.19
2022-08-13 17:00:00,72.4
2022-08-13 18:00:00,78.52
2022-08-13 19:00:00,74.81
2022-08-13 20:00:00,73.15
2022-08-13 21:00:00,70.96
2022-08-13 22:00:00,69.07
2022-08-13 23:00:00,67.87
2022-08-14 00:00:00,66.95
2022-08-14 01:00:00,65.81
2022-08-14 02:00:00,65.59
2022-08-14 03:00:00,65.21
2022-08-14 04:00:00,65.6
2022-08-14 05:00:00,65.6
2022-08-14 06:00:00,65.05
2022-08-14 07:00:00,62.16
2022-08-14 08:00:00,59.03
2022-08-14 09:00:00,57.08
2022-08-14 10:00:00,58.3
2022-08-14 11:00:00,61.18
2022-08-14 12:00:00,60.79
2022-08-14 13:00:00,60.46
2022-08-14 14:00:00,62.36
2022-08-14 15:00:00,65.19
2022-08-14 16:00:00,66.73
2022-08-14 17:00:00,69.69
2022-08-14 18:00:00,72.82
2022-08-14 19:00:00,72.44
2022-08-14 20:00:00,71.39
2022-08-14 21:00:00,70.66
2022-08-14 22:00:00,69.3
2022-08-14 23:00:00,68.39
2022-08-15 00:00:00,66.57
2022-08-15 01:00:00,63.89
2022-08-15 02:00:00,64.71
2022-08-15 03:00:00,63.42
2022-08-15 04:00:00,64.58
2022-08-15 05:00:00,67.21
2022-08-15 06:00:00,68.59
2022-08-15 07:00:00,69.26
2022-08-15 08:00:00,69.61
2022-08-15 09:00:00,70.06
2022-08-15 10:00:00,70.41
2022-08-15 11:00:00,70.32
2022-08-15 12:00:00,69.99
2022-08-15 13:00:00,70.63
2022-08-15 14:00:00,71.38
2022-08-15 15:00:00,72.74
2022-08-15 16:00:00,73.92
2022-08-15 17:00:00,73.92
2022-08-15 18:00:00,78.34
2022-08-15 19:00:00,76.24
2022-08-15 20:00:00,73.88
2022-08-15 21:00:00,73.87
2022-08-15 22:00:00,72.89
2022-08-15 23:00:00,70.76
2022-08-16 00:00:00,68.48
2022-08-16 01:00:00,68.17
2022-08-16 02:00:00,67.39
2022-08-16 03:00:00,68.18
2022-08-16 04:00:00,68.18
2022-08-16 05:00:00,68.54
2022-08-16 06:00:00,69.65
2022-08-16 07:00:00,70.14
2022-08-16 08:00:00,70.39
2022-08-16 09:00:00,70.76
2022-08-16 10:00:00,70.77
2022-08-16 11:00:00,70.72
2022-08-16 12:00:00,70.34
2022-08-16 13:00:00,70.85
2022-08-16 14:00:00,71.64
2022-08-16 15:00:00,73.53
2022-08-16 16:00:00,73.94
2022-08-16 17:00:00,75.94
2022-08-16 18:00:00,82.74
2022-08-16 19:00:00,77.61
2022-08-16 20:00:00,73.9
2022-08-16 21:00:00,73.68
2022-08-16 22:00:00,72.63
2022-08-16 23:00:00,70.89
2022-08-17 00:00:00,68.73
2022-08-17 01:00:00,67.78
2022-08-17 02:00:00,67.08
2022-08-17 03:00:00,67.09
2022-08-17 04:00:00,67.2
2022-08-17 05:00:00,67.98
2022-08-17 06:00:00,68.1
2022-08-17 07:00:00,68.25
2022-08-17 08:00:00,68.63
2022-08-17 09:00:00,68.74
2022-08-17 10:00:00,68.89
2022-08-17 11:00:00,69.0
2022-08-17 12:00:00,68.71
2022-08-17 13:00:00,69.27
2022-08-17 14:00:00,70.08
2022-08-17 15:00:00,71.51
2022-08-17 16:00:00,72.31
2022-08-17 17:00:00,73.19
2022-08-17 18:00:00,76.59
2022-08-17 19:00:00,75.62
2022-08-17 20:00:00,72.47
2022-08-17 21:00:00,72.18
2022-08-17 22:00:00,71.56
2022-08-17 23:00:00,69.48
2022-08-18 00:00:00,68.2
2022-08-18 01:00:00,66.98
2022-08-18 02:00:00,66.12
2022-08-18 03:00:00,66.77
2022-08-18 04:00:00,66.82
2022-08-18 05:00:00,67.84
2022-08-18 06:00:00,67.88
2022-08-18 07:00:00,68.02
2022-08-18 08:00:00,68.24
2022-08-18 09:00:00,68.52
2022-08-18 10:00:00,69.26
2022-08-18 11:00:00,69.58
2022-08-18 12:00:00,69.39
2022-08-18 13:00:00,70.06
2022-08-18 14:00:00,70.71
2022-08-18 15:00:00,71.48
2022-08-18 16:00:00,72.02
2022-08-18 17:00:00,71.83
2022-08-18 18:00:00,74.69
2022-08-18 19:00:00,73.42
2022-08-18 20:00:00,71.9
2022-08-18 21:00:00,71.94
2022-08-18 22:00:00,71.04
2022-08-18 23:00:00,70.27
2022-08-19 00:00:00,68.31
2022-08-19 01:00:00,67.44
2022-08-19 02:00:00,67.37
2022-08-19 03:00:00,67.71
2022-08-19 04:00:00,67.62
2022-08-19 05:00:00,68.37
2022-08-19 06:00:00,69.43
2022-08-19 07:00:00,69.52
2022-08-19 08:00:00,69.84
2022-08-19 09:00:00,70.18
2022-08-19 10:00:00,70.2
2022-08-19 11:00:00,70.12
2022-08-19 12:00:00,70.01
2022-08-19 13:00:00,70.12
2022-08-19 14:00:00,70.54
2022-08-19 15:00:00,71.21
2022-08-19 16:00:00,71.36
2022-08-19 17:00:00,72.99
2022-08-19 18:00:00,76.42
2022-08-19 19:00:00,75.03
2022-08-19 20:00:00,72.48
2022-08-19 21:00:00,71.7
2022-08-19 22:00:00,70.56
2022-08-19 23:00:00,69.74
2022-08-20 00:00:00,55.7
2022-08-20 01:00:00,55.7
2022-08-20 02:00:00,55.7
2022-08-20 03:00:00,55.7
2022-08-20 04:00:00,55.7
2022-08-20 05:00:00,55.7
2022-08-20 06:00:00,55.7
2022-08-20 07:00:00,55.7
2022-08-20 08:00:00,55.7
2022-08-20 09:00:00,55.7
2022-08-20 10:00:00,55.7
2022-08-20 11:00:00,55.7
2022-08-20 12:00:00,55.7
2022-08-20 13:00:00,55.7
2022-08-20 14:00:00,55.7
2022-08-20 15:00:00,55.7
2022-08-20 16:00:00,55.7
2022-08-20 17:00:00,55.7
2022-08-20 18:00:00,59.66
2022-08-20 19:00:00,57.03
2022-08-20 20:00:00,55.7
2022-08-20 21:00:00,55.7
2022-08-20 22:00:00,55.7
2022-08-20 23:00:00,55.7
2022-08-21 00:00:00,55.7
2022-08-21 01:00:00,55.7
2022-08-21 02:00:00,55.7
2022-08-21 03:00:00,55.7
2022-08-21 04:00:00,55.7
2022-08-21 05:00:00,55.7
2022-08-21 06:00:00,55.7
2022-08-21 07:00:00,55.7
2022-08-21 08:00:00,55.7
2022-08-21 09:00:00,55.7
2022-08-21 10:00:00,55.7
2022-08-21 11:00:00,55.7
2022-08-21 12:00:00,55.7
2022-08-21 13:00:00,55.7
2022-08-21 14:00:00,55.7
2022-08-21 15:00:00,55.7
2022-08-21 16:00:00,55.7
2022-08-21 17:00:00,57.08
2022-08-21 18:00:00,58.21
2022-08-21 19:00:00,57.73
2022-08-21 20:00:00,56.93
2022-08-21 21:00:00,56.73
2022-08-21 22:00:00,55.95
2022-08-21 23:00:00,55.92
2022-08-22 00:00:00,55.7
2022-08-22 01:00:00,55.7
2022-08-22 02:00:00,55.7
2022-08-22 03:00:00,55.7
2022-08-22 04:00:00,55.7
2022-08-22 05:00:00,55.84
2022-08-22 06:00:00,56.56
2022-08-22 07:00:00,56.89
2022-08-22 08:00:00,57.23
2022-08-22 09:00:00,57.34
2022-08-22 10:00:00,57.43
2022-08-22 11:00:00,57.34
2022-08-22 12:00:00,57.21
2022-08-22 13:00:00,57.53
2022-08-22 14:00:00,57.88
2022-08-22 15:00:00,58.21
2022-08-22 16:00:00,58.94
2022-08-22 17:00:00,60.38
2022-08-22 18:00:00,62.17
2022-08-22 19:00:00,61.62
2022-08-22 20:00:00,59.85
2022-08-22 21:00:00,59.29
2022-08-22 22:00:00,58.38
2022-08-22 23:00:00,57.65
2022-08-23 00:00:00,55.7
2022-08-23 01:00:00,55.7
2022-08-23 02:00:00,55.7
2022-08-23 03:00:00,55.7
2022-08-23 04:00:00,55.7
2022-08-23 05:00:00,55.7
2022-08-23 06:00:00,55.7
2022-08-23 07:00:00,55.7
2022-08-23 08:00:00,55.7
2022-08-23 09:00:00,55.7
2022-08-23 10:00:00,55.7
2022-08-23 11:00:00,55.7
2022-08-23 12:00:00,55.7
2022-08-23 13:00:00,55.7
2022-08-23 14:00:00,55.7
2022-08-23 15:00:00,55.7
2022-08-23 16:00:00,56.27
2022-08-23 17:00:00,56.98
2022-08-23 18:00:00,58.7
2022-08-23 19:00:00,58.09
2022-08-23 20:00:00,56.37
2022-08-23 21:00:00,56.17
2022-08-23 22:00:00,55.7
2022-08-23 23:00:00,55.7
2022-08-24 00:00:00,55.7
2022-08-24 01:00:00,55.7
2022-08-24 02:00:00,55.7
2022-08-24 03:00:00,55.7
2022-08-24 04:00:00,55.7
2022-08-24 05:00:00,55.7
2022-08-24 06:00:00,55.7
2022-08-24 07:00:00,55.7
2022-08-24 08:00:00,55.7
2022-08-24 09:00:00,55.7
2022-08-24 10:00:00,55.7
2022-08-24 11:00:00,55.7
2022-08-24 12:00:00,55.7
2022-08-24 13:00:00,55.7
2022-08-24 14:00:00,55.7
2022-08-24 15:00:00,55.7
2022-08-24 16:00:00,56.2
2022-08-24 17:00:00,57.11
2022-08-24 18:00:00,58.41
2022-08-24 19:00:00,57.98
2022-08-24 20:00:00,56.51
2022-08-24 21:00:00,55.92
2022-08-24 22:00:00,55.7
2022-08-24 23:00:00,55.7
2022-08-25 00:00:00,55.7
2022-08-25 01:00:00,55.7
2022-08-25 02:00:00,55.7
2022-08-25 03:00:00,55.7
2022-08-25 04:00:00,55.7
2022-08-25 05:00:00,55.7
2022-08-25 06:00:00,55.7
2022-08-25 07:00:00,55.7
2022-08-25 08:00:00,55.7
2022-08-25 09:00:00,55.7
2022-08-25 10:00:00,55.7
2022-08-25 11:00:00,55.7
2022-08-25 12:00:00,55.7
2022-08-25 13:00:00,55.7
2022-08-25 14:00:00,55.7
2022-08-25 15:00:00,55.7
2022-08-25 16:00:00,55.7
2022-08-25 17:00:00,56.82
2022-08-25 18:00:00,58.35
2022-08-25 19:00:00,58.05
2022-08-25 20:00:00,56.8
2022-08-25 21:00:00,56.15
2022-08-25 22:00:00,55.7
2022-08-25 23:00:00,55.7
2022-08-26 00:00:00,55.7
2022-08-26 01:00:00,55.7
2022-08-26 02:00:00,55.7
2022-08-26 03:00:00,55.7
2022-08-26 04:00:00,55.7
2022-08-26 05:00:00,55.7
2022-08-26 06:00:00,55.7
2022-08-26 07:00:00,55.7
2022-08-26 08:00:00,55.7
2022-08-26 09:00:00,55.7
2022-08-26 10:00:00,55.7
2022-08-26 11:00:00,55.7
2022-08-26 12:00:00,55.7
2022-08-26 13:00:00,55.7
2022-08-26 14:00:00,55.7
2022-08-26 15:00:00,55.7
2022-08-26 16:00:00,55.7
2022-08-26 17:00:00,56.4
2022-08-26 18:00:00,58.35
2022-08-26 19:00:00,58.03
2022-08-26 20:00:00,56.22
2022-08-26 21:00:00,55.7
2022-08-26 22:00:00,55.7
2022-08-26 23:00:00,55.7
2022-08-27 00:00:00,55.7
2022-08-27 01:00:00,55.7
2022-08-27 02:00:00,55.7
2022-08-27 03:00:00,55.7
2022-08-27 04:00:00,55.7
2022-08-27 05:00:00,55.7
2022-08-27 06:00:00,55.7
2022-08-27 07:00:00,55.7
2022-08-27 08:00:00,55.7
2022-08-27 09:00:00,55.7
2022-08-27 10:00:00,55.7
2022-08-27 11:00:00,55.7
2022-08-27 12:00:00,55.7
2022-08-27 13:00:00,55.7
2022-08-27 14:00:00,55.7
2022-08-27 15:00:00,55.7
2022-08-27 16:00:00,55.7
2022-08-27 17:00:00,56.98
2022-08-27 18:00:00,59.74
2022-08-27 19:00:00,58.73
2022-08-27 20:00:00,57.13
2022-08-27 21:00:00,56.41
2022-08-27 22:00:00,55.7
2022-08-27 23:00:00,55.7
2022-08-28 00:00:00,55.7
2022-08-28 01:00:00,55.7
2022-08-28 02:00:00,55.7
2022-08-28 03:00:00,55.7
2022-08-28 04:00:00,55.7
2022-08-28 05:00:00,55.7
2022-08-28 06:00:00,55.7
2022-08-28 07:00:00,55.7
2022-08-28 08:00:00,55.7
2022-08-28 09:00:00,55.7
2022-08-28 10:00:00,55.7
2022-08-28 11:00:00,55.7
2022-08-28 12:00:00,55.7
2022-08-28 13:00:00,55.7
2022-08-28 14:00:00,55.7
2022-08-28 15:00:00,55.7
2022-08-28 16:00:00,55.7
2022-08-28 17:00:00,56.6
2022-08-28 18:00:00,58.11
2022-08-28 19:00:00,57.91
2022-08-28 20:00:00,57.31
2022-08-28 21:00:00,56.97
2022-08-28 22:00:00,56.16
2022-08-28 23:00:00,55.7
2022-08-29 00:00:00,60.39
2022-08-29 01:00:00,60.18
2022-08-29 02:00:00,59.94
2022-08-29 03:00:00,60.23
2022-08-29 04:00:00,60.24
2022-08-29 05:00:00,60.48
2022-08-29 06:00:00,60.73
2022-08-29 07:00:00,60.86
2022-08-29 08:00:00,61.15
2022-08-29 09:00:00,61.51
2022-08-29 10:00:00,61.51
2022-08-29 11:00:00,61.49
2022-08-29 12:00:00,61.34
2022-08-29 13:00:00,61.51
2022-08-29 14:00:00,62.2
2022-08-29 15:00:00,62.67
2022-08-29 16:00:00,63.93
2022-08-29 17:00:00,64.67
2022-08-29 18:00:00,65.95
2022-08-29 19:00:00,65.52
2022-08-29 20:00:00,64.11
2022-08-29 21:00:00,63.89
2022-08-29 22:00:00,61.98
2022-08-29 23:00:00,61.03
2022-08-30 00:00:00,59.99
2022-08-30 01:00:00,59.62
2022-08-30 02:00:00,59.24
2022-08-30 03:00:00,59.26
2022-08-30 04:00:00,59.53
2022-08-30 05:00:00,59.94
2022-08-30 06:00:00,60.11
2022-08-30 07:00:00,60.32
2022-08-30 08:00:00,60.39
2022-08-30 09:00:00,60.38
2022-08-30 10:00:00,60.36
2022-08-30 11:00:00,60.38
2022-08-30 12:00:00,60.08
2022-08-30 13:00:00,60.41
2022-08-30 14:00:00,60.79
2022-08-30 15:00:00,61.07
2022-08-30 16:00:00,62.19
2022-08-30 17:00:00,63.37
2022-08-30 18:00:00,65.18
2022-08-30 19:00:00,64.8
2022-08-30 20:00:00,64.04
2022-08-30 21:00:00,63.63
2022-08-30 22:00:00,62.03
2022-08-30 23:00:00,60.87
2022-08-31 00:00:00,60.3
2022-08-31 01:00:00,59.65
2022-08-31 02:00:00,59.34
2022-08-31 03:00:00,59.61
2022-08-31 04:00:00,59.7
2022-08-31 05:00:00,60.32
2022-08-31 06:00:00,60.6
2022-08-31 07:00:00,60.65
2022-08-31 08:00:00,60.66
2022-08-31 09:00:00,60.65
2022-08-31 10:00:00,60.69
2022-08-31 11:00:00,60.74
2022-08-31 12:00:00,60.74
2022-08-31 13:00:00,60.84
2022-08-31 14:00:00,61.23
2022-08-31 15:00:00,62.1
2022-08-31 16:00:00,63.07
2022-08-31 17:00:00,63.77
2022-08-31 18:00:00,65.41
2022-08-31 19:00:00,65.03
2022-08-31 20:00:00,64.18
2022-08-31 21:00:00,63.37
2022-08-31 22:00:00,62.62
2022-08-31 23:00:00,61.38
2022-09-01 00:00:00,60.25
2022-09-01 01:00:00,59.43
2022-09-01 02:00:00,59.26
2022-09-01 03:00:00,59.28
2022-09-01 04:00:00,59.31
2022-09-01 05:00:00,60.04
2022-09-01 06:00:00,60.56
2022-09-01 07:00:00,60.56
2022-09-01 08:00:00,60.62
2022-09-01 09:00:00,60.58
2022-09-01 10:00:00,60.64
2022-09-01 11:00:00,60.65
2022-09-01 12:00:00,60.64
2022-09-01 13:00:00,60.77
2022-09-01 14:00:00,60.95
2022-09-01 15:00:00,61.67
2022-09-01 16:00:00,62.85
2022-09-01 17:00:00,63.16
2022-09-01 18:00:00,65.06
2022-09-01 19:00:00,64.4
2022-09-01 20:00:00,63.32
2022-09-01 21:00:00,63.18
2022-09-01 22:00:00,62.04
2022-09-01 23:00:00,61.04
2022-09-02 00:00:00,60.43
2022-09-02 01:00:00,59.6
2022-09-02 02:00:00,59.37
2022-09-02 03:00:00,59.39
2022-09-02 04:00:00,59.4
2022-09-02 05:00:00,59.99
2022-09-02 06:00:00,60.73
2022-09-02 07:00:00,60.73
2022-09-02 08:00:00,60.79
2022-09-02 09:00:00,60.57
2022-09-02 10:00:00,60.63
2022-09-02 11:00:00,60.68
2022-09-02 12:00:00,60.81
2022-09-02 13:00:00,60.88
2022-09-02 14:00:00,61.09
2022-09-02 15:00:00,61.57
2022-09-02 16:00:00,62.89
2022-09-02 17:00:00,63.71
2022-09-02 18:00:00,64.98
2022-09-02 19:00:00,64.58
2022-09-02 20:00:00,64.1
2022-09-02 21:00:00,63.36
2022-09-02 22:00:00,61.82
2022-09-02 23:00:00,61.14
2022-09-03 00:00:00,55.7
2022-09-03 01:00:00,55.7
2022-09-03 02:00:00,55.7
2022-09-03 03:00:00,55.7
2022-09-03 04:00:00,55.7
2022-09-03 05:00:00,55.7
2022-09-03 06:00:00,55.7
2022-09-03 07:00:00,55.7
2022-09-03 08:00:00,55.7
2022-09-03 09:00:00,55.7
2022-09-03 10:00:00,55.7
2022-09-03 11:00:00,55.7
2022-09-03 12:00:00,55.7
2022-09-03 13:00:00,55.7
2022-09-03 14:00:00,55.7
2022-09-03 15:00:00,55.7
2022-09-03 16:00:00,55.7
2022-09-03 17:00:00,55.7
2022-09-03 18:00:00,55.7
2022-09-03 19:00:00,55.7
2022-09-03 20:00:00,55.7
2022-09-03 21:00:00,55.7
2022-09-03 22:00:00,55.7
2022-09-03 23:00:00,55.7
2022-09-04 00:00:00,55.7
2022-09-04 01:00:00,55.7
2022-09-04 02:00:00,55.7
2022-09-04 03:00:00,55.7
2022-09-04 04:00:00,55.7
2022-09-04 05:00:00,55.7
2022-09-04 06:00:00,55.7
2022-09-04 07:00:00,55.7
2022-09-04 08:00:00,55.7
2022-09-04 09:00:00,55.7
2022-09-04 10:00:00,55.7
2022-09-04 11:00:00,55.7
2022-09-04 12:00:00,55.7
2022-09-04 13:00:00,55.7
2022-09-04 14:00:00,55.7
2022-09-04 15:00:00,55.7
2022-09-04 16:00:00,55.7
2022-09-04 17:00:00,55.7
2022-09-04 18:00:00,55.7
2022-09-04 19:00:00,55.7
2022-09-04 20:00:00,55.7
2022-09-04 21:00:00,55.7
2022-09-04 22:00:00,55.7
2022-09-04 23:00:00,55.7
2022-09-05 00:00:00,55.7
2022-09-05 01:00:00,55.7
2022-09-05 02:00:00,55.7
2022-09-05 03:00:00,55.7
2022-09-05 04:00:00,55.7
2022-09-05 05:00:00,55.7
2022-09-05 06:00:00,55.7
2022-09-05 07:00:00,55.7
2022-09-05 08:00:00,55.7
2022-09-05 09:00:00,55.7
2022-09-05 10:00:00,55.7
2022-09-05 11:00:00,55.7
2022-09-05 12:00:00,55.7
2022-09-05 13:00:00,55.7
2022-09-05 14:00:00,55.7
2022-09-05 15:00:00,55.7
2022-09-05 16:00:00,55.7
2022-09-05 17:00:00,55.7
2022-09-05 18:00:00,55.7
2022-09-05 19:00:00,55.7
2022-09-05 20:00:00,55.7
2022-09-05 21:00:00,55.7
2022-09-05 22:00:00,55.7
2022-09-05 23:00:00,55.7
2022-09-06 00:00:00,55.7
2022-09-06 01:00:00,55.7
2022-09-06 02:00:00,55.7
2022-09-06 03:00:00,55.7
2022-09-06 04:00:00,55.7
2022-09-06 05:00:00,55.7
2022-09-06 06:00:00,55.7
2022-09-06 07:00:00,55.7
2022-09-06 08:00:00,55.7
2022-09-06 09:00:00,55.7
2022-09-06 10:00:00,55.7
2022-09-06 11:00:00,55.7
2022-09-06 12:00:00,55.7
2022-09-06 13:00:00,55.7
2022-09-06 14:00:00,55.7
2022-09-06 15:00:00,55.7
2022-09-06 16:00:00,55.7
2022-09-06 17:00:00,55.7
2022-09-06 18:00:00,55.7
2022-09-06 19:00:00,55.7
2022-09-06 20:00:00,55.7
2022-09-06 21:00:00,55.7
2022-09-06 22:00:00,55.7
2022-09-06 23:00:00,55.7
2022-09-07 00:00:00,55.7
2022-09-07 01:00:00,55.7
2022-09-07 02:00:00,55.7
2022-09-07 03:00:00,55.7
2022-09-07 04:00:00,55.7
2022-09-07 05:00:00,55.7
2022-09-07 06:00:00,55.7
2022-09-07 07:00:00,55.7
2022-09-07 08:00:00,55.7
2022-09-07 09:00:00,55.7
2022-09-07 10:00:00,55.7
2022-09-07 11:00:00,55.7
2022-09-07 12:00:00,55.7
2022-09-07 13:00:00,55.7
2022-09-07 14:00:00,55.7
2022-09-07 15:00:00,55.7
2022-09-07 16:00:00,55.7
2022-09-07 17:00:00,55.7
2022-09-07 18:00:00,55.7
2022-09-07 19:00:00,55.7
2022-09-07 20:00:00,55.7
2022-09-07 21:00:00,55.7
2022-09-07 22:00:00,55.7
2022-09-07 23:00:00,55.7
2022-09-08 00:00:00,55.7
2022-09-08 01:00:00,55.7
2022-09-08 02:00:00,55.7
2022-09-08 03:00:00,55.7
2022-09-08 04:00:00,55.7
2022-09-08 05:00:00,55.7
2022-09-08 06:00:00,55.7
2022-09-08 07:00:00,55.7
2022-09-08 08:00:00,55.7
2022-09-08 09:00:00,55.7
2022-09-08 10:00:00,55.7
2022-09-08 11:00:00,55.7
2022-09-08 12:00:00,55.7
2022-09-08 13:00:00,55.7
2022-09-08 14:00:00,55.7
2022-09-08 15:00:00,55.7
2022-09-08 16:00:00,55.7
2022-09-08 17:00:00,55.7
2022-09-08 18:00:00,55.7
2022-09-08 19:00:00,55.7
2022-09-08 20:00:00,55.7
2022-09-08 21:00:00,55.7
2022-09-08 22:00:00,55.7
2022-09-08 23:00:00,55.7
2022-09-09 00:00:00,55.7
2022-09-09 01:00:00,55.7
2022-09-09 02:00:00,55.7
2022-09-09 03:00:00,55.7
2022-09-09 04:00:00,55.7
2022-09-09 05:00:00,55.7
2022-09-09 06:00:00,55.7
2022-09-09 07:00:00,55.7
2022-09-09 08:00:00,55.7
2022-09-09 09:00:00,55.7
2022-09-09 10:00:00,55.7
2022-09-09 11:00:00,55.7
2022-09-09 12:00:00,55.7
2022-09-09 13:00:00,55.7
2022-09-09 14:00:00,55.7
2022-09-09 15:00:00,55.7
2022-09-09 16:00:00,55.7
2022-09-09 17:00:00,55.7
2022-09-09 18:00:00,55.7
2022-09-09 19:00:00,55.7
2022-09-09 20:00:00,55.7
2022-09-09 21:00:00,55.7
2022-09-09 22:00:00,55.7
2022-09-09 23:00:00,55.7
2022-09-10 00:00:00,55.7
2022-09-10 01:00:00,55.7
2022-09-10 02:00:00,55.7
2022-09-10 03:00:00,55.7
2022-09-10 04:00:00,55.7
2022-09-10 05:00:00,55.7
2022-09-10 06:00:00,55.7
2022-09-10 07:00:00,55.7
2022-09-10 08:00:00,55.7
2022-09-10 09:00:00,55.7
2022-09-10 10:00:00,55.7
2022-09-10 11:00:00,55.7
2022-09-10 12:00:00,55.7
2022-09-10 13:00:00,55.7
2022-09-10 14:00:00,55.7
2022-09-10 15:00:00,55.7
2022-09-10 16:00:00,55.7
2022-09-10 17:00:00,55.7
2022-09-10 18:00:00,55.7
2022-09-10 19:00:00,55.7
2022-09-10 20:00:00,55.7
2022-09-10 21:00:00,55.7
2022-09-10 22:00:00,55.7
2022-09-10 23:00:00,55.7
2022-09-11 00:00:00,55.7
2022-09-11 01:00:00,55.7
2022-09-11 02:00:00,55.7
2022-09-11 03:00:00,55.7
2022-09-11 04:00:00,55.7
2022-09-11 05:00:00,55.7
2022-09-11 06:00:00,55.7
2022-09-11 07:00:00,55.7
2022-09-11 08:00:00,55.7
2022-09-11 09:00:00,55.7
2022-09-11 10:00:00,55.7
2022-09-11 11:00:00,55.7
2022-09-11 12:00:00,55.7
2022-09-11 13:00:00,55.7
2022-09-11 14:00:00,55.7
2022-09-11 15:00:00,55.7
2022-09-11 16:00:00,55.7
2022-09-11 17:00:00,55.7
2022-09-11 18:00:00,55.7
2022-09-11 19:00:00,55.7
2022-09-11 20:00:00,55.7
2022-09-11 21:00:00,55.7
2022-09-11 22:00:00,55.7
2022-09-11 23:00:00,55.7
2022-09-12 00:00:00,55.7
2022-09-12 01:00:00,55.7
2022-09-12 02:00:00,55.7
2022-09-12 03:00:00,55.7
2022-09-12 04:00:00,55.7
2022-09-12 05:00:00,55.7
2022-09-12 06:00:00,55.7
2022-09-12 07:00:00,55.7
2022-09-12 08:00:00,55.7
2022-09-12 09:00:00,55.7
2022-09-12 10:00:00,55.7
2022-09-12 11:00:00,55.7
2022-09-12 12:00:00,55.7
2022-09-12 13:00:00,55.7
2022-09-12 14:00:00,55.7
2022-09-12 15:00:00,55.7
2022-09-12 16:00:00,55.7
2022-09-12 17:00:00,55.7
2022-09-12 18:00:00,55.7
2022-09-12 19:00:00,55.7
2022-09-12 20:00:00,55.7
2022-09-12 21:00:00,55.7
2022-09-12 22:00:00,55.7
2022-09-12 23:00:00,55.7
2022-09-13 00:00:00,55.7
2022-09-13 01:00:00,55.7
2022-09-13 02:00:00,55.7
2022-09-13 03:00:00,55.7
2022-09-13 04:00:00,55.7
2022-09-13 05:00:00,55.7
2022-09-13 06:00:00,55.7
2022-09-13 07:00:00,55.7
2022-09-13 08:00:00,55.7
2022-09-13 09:00:00,55.7
2022-09-13 10:00:00,55.7
2022-09-13 11:00:00,55.7
2022-09-13 12:00:00,55.7
2022-09-13 13:00:00,55.7
2022-09-13 14:00:00,55.7
2022-09-13 15:00:00,55.7
2022-09-13 16:00:00,55.7
2022-09-13 17:00:00,55.7
2022-09-13 18:00:00,56.28
2022-09-13 19:00:00,55.7
2022-09-13 20:00:00,55.7
2022-09-13 21:00:00,55.7
2022-09-13 22:00:00,55.7
2022-09-13 23:00:00,55.7
2022-09-14 00:00:00,55.7
2022-09-14 01:00:00,55.7
2022-09-14 02:00:00,55.7
2022-09-14 03:00:00,55.7
2022-09-14 04:00:00,55.7
2022-09-14 05:00:00,55.7
2022-09-14 06:00:00,55.7
2022-09-14 07:00:00,55.7
2022-09-14 08:00:00,55.7
2022-09-14 09:00:00,55.7
2022-09-14 10:00:00,55.7
2022-09-14 11:00:00,55.7
2022-09-14 12:00:00,55.7
2022-09-14 13:00:00,55.7
2022-09-14 14:00:00,55.7
2022-09-14 15:00:00,55.7
2022-09-14 16:00:00,55.7
2022-09-14 17:00:00,55.7
2022-09-14 18:00:00,55.7
2022-09-14 19:00:00,55.7
2022-09-14 20:00:00,55.7
2022-09-14 21:00:00,55.7
2022-09-14 22:00:00,55.7
2022-09-14 23:00:00,55.7
2022-09-15 00:00:00,55.7
2022-09-15 01:00:00,55.7
2022-09-15 02:00:00,55.7
2022-09-15 03:00:00,55.7
2022-09-15 04:00:00,55.7
2022-09-15 05:00:00,55.7
2022-09-15 06:00:00,55.7
2022-09-15 07:00:00,55.7
2022-09-15 08:00:00,55.7
2022-09-15 09:00:00,55.7
2022-09-15 10:00:00,55.7
2022-09-15 11:00:00,55.7
2022-09-15 12:00:00,55.7
2022-09-15 13:00:00,55.7
2022-09-15 14:00:00,55.7
2022-09-15 15:00:00,55.7
2022-09-15 16:00:00,55.7
2022-09-15 17:00:00,55.7
2022-09-15 18:00:00,55.7
2022-09-15 19:00:00,55.7
2022-09-15 20:00:00,55.7
2022-09-15 21:00:00,55.7
2022-09-15 22:00:00,55.7
2022-09-15 23:00:00,55.7
2022-09-16 00:00:00,55.7
2022-09-16 01:00:00,55.7
2022-09-16 02:00:00,55.7
2022-09-16 03:00:00,55.7
2022-09-16 04:00:00,55.7
2022-09-16 05:00:00,55.7
2022-09-16 06:00:00,55.7
2022-09-16 07:00:00,55.7
2022-09-16 08:00:00,55.7
2022-09-16 09:00:00,55.7
2022-09-16 10:00:00,55.7
2022-09-16 11:00:00,55.7
2022-09-16 12:00:00,55.7
2022-09-16 13:00:00,55.7
2022-09-16 14:00:00,55.7
2022-09-16 15:00:00,55.7
2022-09-16 16:00:00,55.7
2022-09-16 17:00:00,55.7
2022-09-16 18:00:00,55.7
2022-09-16 19:00:00,55.7
2022-09-16 20:00:00,55.7
2022-09-16 21:00:00,55.7
2022-09-16 22:00:00,55.7
2022-09-16 23:00:00,55.7
2022-09-17 00:00:00,55.7
2022-09-17 01:00:00,55.7
2022-09-17 02:00:00,55.7
2022-09-17 03:00:00,55.7
2022-09-17 04:00:00,55.7
2022-09-17 05:00:00,55.7
2022-09-17 06:00:00,55.7
2022-09-17 07:00:00,55.7
2022-09-17 08:00:00,55.7
2022-09-17 09:00:00,55.7
2022-09-17 10:00:00,55.7
2022-09-17 11:00:00,55.7
2022-09-17 12:00:00,55.7
2022-09-17 13:00:00,55.7
2022-09-17 14:00:00,55.7
2022-09-17 15:00:00,55.7
2022-09-17 16:00:00,55.7
2022-09-17 17:00:00,55.7
2022-09-17 18:00:00,55.7
2022-09-17 19:00:00,55.7
2022-09-17 20:00:00,55.7
2022-09-17 21:00:00,55.7
2022-09-17 22:00:00,55.7
2022-09-17 23:00:00,55.7
2022-09-18 00:00:00,55.7
2022-09-18 01:00:00,55.7
2022-09-18 02:00:00,55.7
2022-09-18 03:00:00,55.7
2022-09-18 04:00:00,55.7
2022-09-18 05:00:00,55.7
2022-09-18 06:00:00,55.7
2022-09-18 07:00:00,55.7
2022-09-18 08:00:00,55.7
2022-09-18 09:00:00,55.7
2022-09-18 10:00:00,55.7
2022-09-18 11:00:00,55.7
2022-09-18 12:00:00,55.7
2022-09-18 13:00:00,55.7
2022-09-18 14:00:00,55.7
2022-09-18 15:00:00,55.7
2022-09-18 16:00:00,55.7
2022-09-18 17:00:00,55.7
2022-09-18 18:00:00,55.7
2022-09-18 19:00:00,55.7
2022-09-18 20:00:00,55.7
2022-09-18 21:00:00,55.7
2022-09-18 22:00:00,55.7
2022-09-18 23:00:00,55.7
2022-09-19 00:00:00,55.7
2022-09-19 01:00:00,55.7
2022-09-19 02:00:00,55.7
2022-09-19 03:00:00,55.7
2022-09-19 04:00:00,55.7
2022-09-19 05:00:00,55.7
2022-09-19 06:00:00,55.7
2022-09-19 07:00:00,55.7
2022-09-19 08:00:00,55.7
2022-09-19 09:00:00,55.7
2022-09-19 10:00:00,55.7
2022-09-19 11:00:00,55.7
2022-09-19 12:00:00,55.7
2022-09-19 13:00:00,55.7
2022-09-19 14:00:00,55.7
2022-09-19 15:00:00,55.7
2022-09-19 16:00:00,55.7
2022-09-19 17:00:00,55.7
2022-09-19 18:00:00,55.7
2022-09-19 19:00:00,55.7
2022-09-19 20:00:00,55.7
2022-09-19 21:00:00,55.7
2022-09-19 22:00:00,55.7
2022-09-19 23:00:00,55.7
2022-09-20 00:00:00,55.7
2022-09-20 01:00:00,55.7
2022-09-20 02:00:00,55.7
2022-09-20 03:00:00,55.7
2022-09-20 04:00:00,55.7
2022-09-20 05:00:00,55.7
2022-09-20 06:00:00,55.7
2022-09-20 07:00:00,55.7
2022-09-20 08:00:00,55.7
2022-09-20 09:00:00,55.7
2022-09-20 10:00:00,55.7
2022-09-20 11:00:00,55.7
2022-09-20 12:00:00,55.7
2022-09-20 13:00:00,55.7
2022-09-20 14:00:00,55.7
2022-09-20 15:00:00,55.7
2022-09-20 16:00:00,55.7
2022-09-20 17:00:00,55.7
2022-09-20 18:00:00,55.7
2022-09-20 19:00:00,55.7
2022-09-20 20:00:00,55.7
2022-09-20 21:00:00,55.7
2022-09-20 22:00:00,55.7
2022-09-20 23:00:00,55.7
2022-09-21 00:00:00,55.7
2022-09-21 01:00:00,55.7
2022-09-21 02:00:00,55.7
2022-09-21 03:00:00,55.7
2022-09-21 04:00:00,55.7
2022-09-21 05:00:00,55.7
2022-09-21 06:00:00,55.7
2022-09-21 07:00:00,55.7
2022-09-21 08:00:00,55.7
2022-09-21 09:00:00,55.7
2022-09-21 10:00:00,55.7
2022-09-21 11:00:00,55.7
2022-09-21 12:00:00,55.7
2022-09-21 13:00:00,55.7
2022-09-21 14:00:00,55.7
2022-09-21 15:00:00,55.7
2022-09-21 16:00:00,55.7
2022-09-21 17:00:00,55.7
2022-09-21 18:00:00,55.7
2022-09-21 19:00:00,55.7
2022-09-21 20:00:00,55.7
2022-09-21 21:00:00,55.7
2022-09-21 22:00:00,55.7
2022-09-21 23:00:00,55.7
2022-09-22 00:00:00,55.7
2022-09-22 01:00:00,55.7
2022-09-22 02:00:00,55.7
2022-09-22 03:00:00,55.7
2022-09-22 04:00:00,55.7
2022-09-22 05:00:00,55.7
2022-09-22 06:00:00,55.7
2022-09-22 07:00:00,55.7
2022-09-22 08:00:00,55.7
2022-09-22 09:00:00,55.7
2022-09-22 10:00:00,55.7
2022-09-22 11:00:00,55.7
2022-09-22 12:00:00,55.7
2022-09-22 13:00:00,55.7
2022-09-22 14:00:00,55.7
2022-09-22 15:00:00,55.7
2022-09-22 16:00:00,55.7
2022-09-22 17:00:00,55.7
2022-09-22 18:00:00,55.7
2022-09-22 19:00:00,55.7
2022-09-22 20:00:00,55.7
2022-09-22 21:00:00,55.7
2022-09-22 22:00:00,55.7
2022-09-22 23:00:00,55.7
2022-09-23 00:00:00,55.7
2022-09-23 01:00:00,55.7
2022-09-23 02:00:00,55.7
2022-09-23 03:00:00,55.7
2022-09-23 04:00:00,55.7
2022-09-23 05:00:00,55.7
2022-09-23 06:00:00,55.7
2022-09-23 07:00:00,55.7
2022-09-23 08:00:00,55.7
2022-09-23 09:00:00,55.7
2022-09-23 10:00:00,55.7
2022-09-23 11:00:00,55.7
2022-09-23 12:00:00,55.7
2022-09-23 13:00:00,55.7
2022-09-23 14:00:00,55.7
2022-09-23 15:00:00,55.7
2022-09-23 16:00:00,55.7
2022-09-23 17:00:00,55.7
2022-09-23 18:00:00,55.7
2022-09-23 19:00:00,55.7
2022-09-23 20:00:00,55.7
2022-09-23 21:00:00,55.7
2022-09-23 22:00:00,55.7
2022-09-23 23:00:00,55.7
2022-09-24 00:00:00,55.7
2022-09-24 01:00:00,55.7
2022-09-24 02:00:00,55.7
2022-09-24 03:00:00,55.7
2022-09-24 04:00:00,55.7
2022-09-24 05:00:00,55.7
2022-09-24 06:00:00,55.7
2022-09-24 07:00:00,55.7
2022-09-24 08:00:00,55.7
2022-09-24 09:00:00,55.7
2022-09-24 10:00:00,55.7
2022-09-24 11:00:00,55.7
2022-09-24 12:00:00,55.7
2022-09-24 13:00:00,55.7
2022-09-24 14:00:00,55.7
2022-09-24 15:00:00,55.7
2022-09-24 16:00:00,55.7
2022-09-24 17:00:00,55.7
2022-09-24 18:00:00,55.7
2022-09-24 19:00:00,55.7
2022-09-24 20:00:00,55.7
2022-09-24 21:00:00,55.7
2022-09-24 22:00:00,55.7
2022-09-24 23:00:00,55.7
2022-09-25 00:00:00,55.7
2022-09-25 01:00:00,55.7
2022-09-25 02:00:00,55.7
2022-09-25 03:00:00,55.7
2022-09-25 04:00:00,55.7
2022-09-25 05:00:00,55.7
2022-09-25 06:00:00,55.7
2022-09-25 07:00:00,55.7
2022-09-25 08:00:00,55.7
2022-09-25 09:00:00,55.7
2022-09-25 10:00:00,55.7
2022-09-25 11:00:00,55.7
2022-09-25 12:00:00,55.7
2022-09-25 13:00:00,55.7
2022-09-25 14:00:00,55.7
2022-09-25 15:00:00,55.7
2022-09-25 16:00:00,55.7
2022-09-25 17:00:00,55.7
2022-09-25 18:00:00,55.7
2022-09-25 19:00:00,55.7
2022-09-25 20:00:00,55.7
2022-09-25 21:00:00,55.7
2022-09-25 22:00:00,55.7
2022-09-25 23:00:00,55.7
2022-09-26 00:00:00,55.7
2022-09-26 01:00:00,55.7
2022-09-26 02:00:00,55.7
2022-09-26 03:00:00,55.7
2022-09-26 04:00:00,55.7
2022-09-26 05:00:00,55.7
2022-09-26 06:00:00,55.7
2022-09-26 07:00:00,55.7
2022-09-26 08:00:00,55.7
2022-09-26 09:00:00,55.7
2022-09-26 10:00:00,55.7
2022-09-26 11:00:00,55.7
2022-09-26 12:00:00,55.7
2022-09-26 13:00:00,55.7
2022-09-26 14:00:00,55.7
2022-09-26 15:00:00,55.7
2022-09-26 16:00:00,55.7
2022-09-26 17:00:00,55.7
2022-09-26 18:00:00,55.7
2022-09-26 19:00:00,55.7
2022-09-26 20:00:00,55.7
2022-09-26 21:00:00,55.7
2022-09-26 22:00:00,55.7
2022-09-26 23:00:00,55.7
2022-09-27 00:00:00,55.7
2022-09-27 01:00:00,55.7
2022-09-27 02:00:00,55.7
2022-09-27 03:00:00,55.7
2022-09-27 04:00:00,55.7
2022-09-27 05:00:00,55.7
2022-09-27 06:00:00,55.7
2022-09-27 07:00:00,55.7
2022-09-27 08:00:00,55.7
2022-09-27 09:00:00,55.7
2022-09-27 10:00:00,55.7
2022-09-27 11:00:00,55.7
2022-09-27 12:00:00,55.7
2022-09-27 13:00:00,55.7
2022-09-27 14:00:00,55.7
2022-09-27 15:00:00,55.7
2022-09-27 16:00:00,55.7
2022-09-27 17:00:00,55.7
2022-09-27 18:00:00,55.7
2022-09-27 19:00:00,55.7
2022-09-27 20:00:00,55.7
2022-09-27 21:00:00,55.7
2022-09-27 22:00:00,55.7
2022-09-27 23:00:00,55.7
2022-09-28 00:00:00,55.7
2022-09-28 01:00:00,55.7
2022-09-28 02:00:00,55.7
2022-09-28 03:00:00,55.7
2022-09-28 04:00:00,55.7
2022-09-28 05:00:00,55.7
2022-09-28 06:00:00,55.7
2022-09-28 07:00:00,55.7
2022-09-28 08:00:00,55.7
2022-09-28 09:00:00,55.7
2022-09-28 10:00:00,55.7
2022-09-28 11:00:00,55.7
2022-09-28 12:00:00,55.7
2022-09-28 13:00:00,55.7
2022-09-28 14:00:00,55.7
2022-09-28 15:00:00,55.7
2022-09-28 16:00:00,55.7
2022-09-28 17:00:00,55.7
2022-09-28 18:00:00,55.7
2022-09-28 19:00:00,55.7
2022-09-28 20:00:00,55.7
2022-09-28 21:00:00,55.7
2022-09-28 22:00:00,55.7
2022-09-28 23:00:00,55.7
2022-09-29 00:00:00,55.7
2022-09-29 01:00:00,55.7
2022-09-29 02:00:00,55.7
2022-09-29 03:00:00,55.7
2022-09-29 04:00:00,55.7
2022-09-29 05:00:00,55.7
2022-09-29 06:00:00,55.7
2022-09-29 07:00:00,55.7
2022-09-29 08:00:00,55.7
2022-09-29 09:00:00,55.7
2022-09-29 10:00:00,55.7
2022-09-29 11:00:00,55.7
2022-09-29 12:00:00,55.7
2022-09-29 13:00:00,55.7
2022-09-29 14:00:00,55.7
2022-09-29 15:00:00,55.7
2022-09-29 16:00:00,55.7
2022-09-29 17:00:00,55.7
2022-09-29 18:00:00,55.7
2022-09-29 19:00:00,55.7
2022-09-29 20:00:00,55.7
2022-09-29 21:00:00,55.7
2022-09-29 22:00:00,55.7
2022-09-29 23:00:00,55.7
2022-09-30 00:00:00,55.7
2022-09-30 01:00:00,55.7
2022-09-30 02:00:00,55.7
2022-09-30 03:00:00,55.7
2022-09-30 04:00:00,55.7
2022-09-30 05:00:00,55.7
2022-09-30 06:00:00,55.7
2022-09-30 07:00:00,55.7
2022-09-30 08:00:00,55.7
2022-09-30 09:00:00,55.7
2022-09-30 10:00:00,55.7
2022-09-30 11:00:00,55.7
2022-09-30 12:00:00,55.7
2022-09-30 13:00:00,55.7
2022-09-30 14:00:00,55.7
2022-09-30 15:00:00,55.7
2022-09-30 16:00:00,55.7
2022-09-30 17:00:00,55.7
2022-09-30 18:00:00,55.7
2022-09-30 19:00:00,55.7
2022-09-30 20:00:00,55.7
2022-09-30 21:00:00,55.7
2022-09-30 22:00:00,55.7
2022-09-30 23:00:00,55.7
2022-10-01 00:00:00,55.7
2022-10-01 01:00:00,55.7
2022-10-01 02:00:00,55.7
2022-10-01 03:00:00,55.7
2022-10-01 04:00:00,55.7
2022-10-01 05:00:00,55.7
2022-10-01 06:00:00,55.7
2022-10-01 07:00:00,55.7
2022-10-01 08:00:00,55.7
2022-10-01 09:00:00,55.7
2022-10-01 10:00:00,55.7
2022-10-01 11:00:00,55.7
2022-10-01 12:00:00,55.7
2022-10-01 13:00:00,55.7
2022-10-01 14:00:00,55.7
2022-10-01 15:00:00,55.7
2022-10-01 16:00:00,55.7
2022-10-01 17:00:00,55.7
2022-10-01 18:00:00,55.7
2022-10-01 19:00:00,55.7
2022-10-01 20:00:00,55.7
2022-10-01 21:00:00,55.7
2022-10-01 22:00:00,55.7
2022-10-01 23:00:00,55.7
2022-10-02 00:00:00,55.7
2022-10-02 01:00:00,55.7
2022-10-02 02:00:00,55.7
2022-10-02 03:00:00,55.7
2022-10-02 04:00:00,55.7
2022-10-02 05:00:00,55.7
2022-10-02 06:00:00,55.7
2022-10-02 07:00:00,55.7
2022-10-02 08:00:00,55.7
2022-10-02 09:00:00,55.7
2022-10-02 10:00:00,55.7
2022-10-02 11:00:00,55.7
2022-10-02 12:00:00,55.7
2022-10-02 13:00:00,55.7
2022-10-02 14:00:00,55.7
2022-10-02 15:00:00,55.7
2022-10-02 16:00:00,55.7
2022-10-02 17:00:00,55.7
2022-10-02 18:00:00,55.7
2022-10-02 19:00:00,55.7
2022-10-02 20:00:00,55.7
2022-10-02 21:00:00,55.7
2022-10-02 22:00:00,55.7
2022-10-02 23:00:00,55.7
2022-10-03 00:00:00,55.7
2022-10-03 01:00:00,55.7
2022-10-03 02:00:00,55.7
2022-10-03 03:00:00,55.7
2022-10-03 04:00:00,55.7
2022-10-03 05:00:00,55.7
2022-10-03 06:00:00,55.7
2022-10-03 07:00:00,55.7
2022-10-03 08:00:00,55.7
2022-10-03 09:00:00,55.7
2022-10-03 10:00:00,55.7
2022-10-03 11:00:00,55.7
2022-10-03 12:00:00,55.7
2022-10-03 13:00:00,55.7
2022-10-03 14:00:00,55.7
2022-10-03 15:00:00,55.7
2022-10-03 16:00:00,55.7
2022-10-03 17:00:00,55.7
2022-10-03 18:00:00,55.7
2022-10-03 19:00:00,55.7
2022-10-03 20:00:00,55.7
2022-10-03 21:00:00,55.7
2022-10-03 22:00:00,55.7
2022-10-03 23:00:00,55.7
2022-10-04 00:00:00,55.7
2022-10-04 01:00:00,55.7
2022-10-04 02:00:00,55.7
2022-10-04 03:00:00,55.7
2022-10-04 04:00:00,55.7
2022-10-04 05:00:00,55.7
2022-10-04 06:00:00,55.7
2022-10-04 07:00:00,55.7
2022-10-04 08:00:00,55.7
2022-10-04 09:00:00,55.7
2022-10-04 10:00:00,55.7
2022-10-04 11:00:00,55.7
2022-10-04 12:00:00,55.7
2022-10-04 13:00:00,55.7
2022-10-04 14:00:00,55.7
2022-10-04 15:00:00,55.7
2022-10-04 16:00:00,55.7
2022-10-04 17:00:00,55.7
2022-10-04 18:00:00,55.7
2022-10-04 19:00:00,55.7
2022-10-04 20:00:00,55.7
2022-10-04 21:00:00,55.7
2022-10-04 22:00:00,55.7
2022-10-04 23:00:00,55.7
2022-10-05 00:00:00,55.7
2022-10-05 01:00:00,55.7
2022-10-05 02:00:00,55.7
2022-10-05 03:00:00,55.7
2022-10-05 04:00:00,55.7
2022-10-05 05:00:00,55.7
2022-10-05 06:00:00,55.7
2022-10-05 07:00:00,55.7
2022-10-05 08:00:00,55.7
2022-10-05 09:00:00,55.7
2022-10-05 10:00:00,55.7
2022-10-05 11:00:00,55.7
2022-10-05 12:00:00,55.7
2022-10-05 13:00:00,55.7
2022-10-05 14:00:00,55.7
2022-10-05 15:00:00,55.7
2022-10-05 16:00:00,55.7
2022-10-05 17:00:00,55.7
2022-10-05 18:00:00,55.7
2022-10-05 19:00:00,55.7
2022-10-05 20:00:00,55.7
2022-10-05 21:00:00,55.7
2022-10-05 22:00:00,55.7
2022-10-05 23:00:00,55.7
2022-10-06 00:00:00,55.7
2022-10-06 01:00:00,55.7
2022-10-06 02:00:00,55.7
2022-10-06 03:00:00,55.7
2022-10-06 04:00:00,55.7
2022-10-06 05:00:00,55.7
2022-10-06 06:00:00,55.7
2022-10-06 07:00:00,55.7
2022-10-06 08:00:00,55.7
2022-10-06 09:00:00,55.7
2022-10-06 10:00:00,55.7
2022-10-06 11:00:00,55.7
2022-10-06 12:00:00,55.7
2022-10-06 13:00:00,55.7
2022-10-06 14:00:00,55.7
2022-10-06 15:00:00,55.7
2022-10-06 16:00:00,55.7
2022-10-06 17:00:00,55.7
2022-10-06 18:00:00,55.7
2022-10-06 19:00:00,55.7
2022-10-06 20:00:00,55.7
2022-10-06 21:00:00,55.7
2022-10-06 22:00:00,55.7
2022-10-06 23:00:00,55.7
2022-10-07 00:00:00,55.7
2022-10-07 01:00:00,55.7
2022-10-07 02:00:00,55.7
2022-10-07 03:00:00,55.7
2022-10-07 04:00:00,55.7
2022-10-07 05:00:00,55.7
2022-10-07 06:00:00,55.7
2022-10-07 07:00:00,55.7
2022-10-07 08:00:00,55.7
2022-10-07 09:00:00,55.7
2022-10-07 10:00:00,55.7
2022-10-07 11:00:00,55.7
2022-10-07 12:00:00,55.7
2022-10-07 13:00:00,55.7
2022-10-07 14:00:00,55.7
2022-10-07 15:00:00,55.7
2022-10-07 16:00:00,55.7
2022-10-07 17:00:00,55.7
2022-10-07 18:00:00,55.7
2022-10-07 19:00:00,55.7
2022-10-07 20:00:00,55.7
2022-10-07 21:00:00,55.7
2022-10-07 22:00:00,55.7
2022-10-07 23:00:00,55.7
2022-10-08 00:00:00,55.7
2022-10-08 01:00:00,55.7
2022-10-08 02:00:00,55.7
2022-10-08 03:00:00,55.7
2022-10-08 04:00:00,55.7
2022-10-08 05:00:00,55.7
2022-10-08 06:00:00,55.7
2022-10-08 07:00:00,55.7
2022-10-08 08:00:00,55.7
2022-10-08 09:00:00,55.7
2022-10-08 10:00:00,55.7
2022-10-08 11:00:00,55.7
2022-10-08 12:00:00,55.7
2022-10-08 13:00:00,55.7
2022-10-08 14:00:00,55.7
2022-10-08 15:00:00,55.7
2022-10-08 16:00:00,55.7
2022-10-08 17:00:00,55.7
2022-10-08 18:00:00,55.7
2022-10-08 19:00:00,55.7
2022-10-08 20:00:00,55.7
2022-10-08 21:00:00,55.7
2022-10-08 22:00:00,55.7
2022-10-08 23:00:00,55.7
2022-10-09 00:00:00,55.7
2022-10-09 01:00:00,55.7
2022-10-09 02:00:00,55.7
2022-10-09 03:00:00,55.7
2022-10-09 04:00:00,55.7
2022-10-09 05:00:00,55.7
2022-10-09 06:00:00,55.7
2022-10-09 07:00:00,55.7
2022-10-09 08:00:00,55.7
2022-10-09 09:00:00,55.7
2022-10-09 10:00:00,55.7
2022-10-09 11:00:00,55.7
2022-10-09 12:00:00,55.7
2022-10-09 13:00:00,55.7
2022-10-09 14:00:00,55.7
2022-10-09 15:00:00,55.7
2022-10-09 16:00:00,55.7
2022-10-09 17:00:00,55.7
2022-10-09 18:00:00,55.7
2022-10-09 19:00:00,55.7
2022-10-09 20:00:00,55.7
2022-10-09 21:00:00,55.7
2022-10-09 22:00:00,55.7
2022-10-09 23:00:00,55.7
2022-10-10 00:00:00,55.7
2022-10-10 01:00:00,55.7
2022-10-10 02:00:00,55.7
2022-10-10 03:00:00,55.7
2022-10-10 04:00:00,55.7
2022-10-10 05:00:00,55.7
2022-10-10 06:00:00,55.7
2022-10-10 07:00:00,55.7
2022-10-10 08:00:00,55.7
2022-10-10 09:00:00,55.7
2022-10-10 10:00:00,55.7
2022-10-10 11:00:00,55.7
2022-10-10 12:00:00,55.7
2022-10-10 13:00:00,55.7
2022-10-10 14:00:00,55.7
2022-10-10 15:00:00,55.7
2022-10-10 16:00:00,55.7
2022-10-10 17:00:00,55.7
2022-10-10 18:00:00,55.7
2022-10-10 19:00:00,55.7
2022-10-10 20:00:00,55.7
2022-10-10 21:00:00,55.7
2022-10-10 22:00:00,55.7
2022-10-10 23:00:00,55.7
2022-10-11 00:00:00,55.7
2022-10-11 01:00:00,55.7
2022-10-11 02:00:00,55.7
2022-10-11 03:00:00,55.7
2022-10-11 04:00:00,55.7
2022-10-11 05:00:00,55.7
2022-10-11 06:00:00,55.7
2022-10-11 07:00:00,55.7
2022-10-11 08:00:00,55.7
2022-10-11 09:00:00,55.7
2022-10-11 10:00:00,55.7
2022-10-11 11:00:00,55.7
2022-10-11 12:00:00,55.7
2022-10-11 13:00:00,55.7
2022-10-11 14:00:00,55.7
2022-10-11 15:00:00,55.7
2022-10-11 16:00:00,55.7
2022-10-11 17:00:00,55.7
2022-10-11 18:00:00,55.7
2022-10-11 19:00:00,55.7
2022-10-11 20:00:00,55.7
2022-10-11 21:00:00,55.7
2022-10-11 22:00:00,55.7
2022-10-11 23:00:00,55.7
2022-10-12 00:00:00,55.7
2022-10-12 01:00:00,55.7
2022-10-12 02:00:00,55.7
2022-10-12 03:00:00,55.7
2022-10-12 04:00:00,55.7
2022-10-12 05:00:00,55.7
2022-10-12 06:00:00,55.7
2022-10-12 07:00:00,55.7
2022-10-12 08:00:00,55.7
2022-10-12 09:00:00,55.7
2022-10-12 10:00:00,55.7
2022-10-12 11:00:00,55.7
2022-10-12 12:00:00,55.7
2022-10-12 13:00:00,55.7
2022-10-12 14:00:00,55.7
2022-10-12 15:00:00,55.7
2022-10-12 16:00:00,55.7
2022-10-12 17:00:00,55.7
2022-10-12 18:00:00,55.7
2022-10-12 19:00:00,55.7
2022-10-12 20:00:00,55.7
2022-10-12 21:00:00,55.7
2022-10-12 22:00:00,55.7
2022-10-12 23:00:00,55.7
2022-10-13 00:00:00,55.7
2022-10-13 01:00:00,55.7
2022-10-13 02:00:00,55.7
2022-10-13 03:00:00,55.7
2022-10-13 04:00:00,55.7
2022-10-13 05:00:00,55.7
2022-10-13 06:00:00,55.7
2022-10-13 07:00:00,55.7
2022-10-13 08:00:00,55.7
2022-10-13 09:00:00,55.7
2022-10-13 10:00:00,55.7
2022-10-13 11:00:00,55.7
2022-10-13 12:00:00,55.7
2022-10-13 13:00:00,55.7
2022-10-13 14:00:00,55.7
2022-10-13 15:00:00,55.7
2022-10-13 16:00:00,55.7
2022-10-13 17:00:00,55.7
2022-10-13 18:00:00,55.7
2022-10-13 19:00:00,55.7
2022-10-13 20:00:00,55.7
2022-10-13 21:00:00,55.7
2022-10-13 22:00:00,55.7
2022-10-13 23:00:00,55.7
2022-10-14 00:00:00,55.7
2022-10-14 01:00:00,55.7
2022-10-14 02:00:00,55.7
2022-10-14 03:00:00,55.7
2022-10-14 04:00:00,55.7
2022-10-14 05:00:00,55.7
2022-10-14 06:00:00,55.7
2022-10-14 07:00:00,55.7
2022-10-14 08:00:00,55.7
2022-10-14 09:00:00,55.7
2022-10-14 10:00:00,55.7
2022-10-14 11:00:00,55.7
2022-10-14 12:00:00,55.7
2022-10-14 13:00:00,55.7
2022-10-14 14:00:00,55.7
2022-10-14 15:00:00,55.7
2022-10-14 16:00:00,55.7
2022-10-14 17:00:00,55.7
2022-10-14 18:00:00,55.7
2022-10-14 19:00:00,55.7
2022-10-14 20:00:00,55.7
2022-10-14 21:00:00,55.7
2022-10-14 22:00:00,55.7
2022-10-14 23:00:00,55.7
2022-10-15 00:00:00,55.7
2022-10-15 01:00:00,55.7
2022-10-15 02:00:00,55.7
2022-10-15 03:00:00,55.7
2022-10-15 04:00:00,55.7
2022-10-15 05:00:00,55.7
2022-10-15 06:00:00,55.7
2022-10-15 07:00:00,55.7
2022-10-15 08:00:00,55.7
2022-10-15 09:00:00,55.7
2022-10-15 10:00:00,55.7
2022-10-15 11:00:00,55.7
2022-10-15 12:00:00,55.7
2022-10-15 13:00:00,55.7
2022-10-15 14:00:00,55.7
2022-10-15 15:00:00,55.7
2022-10-15 16:00:00,55.7
2022-10-15 17:00:00,55.7
2022-10-15 18:00:00,55.7
2022-10-15 19:00:00,55.7
2022-10-15 20:00:00,55.7
2022-10-15 21:00:00,55.7
2022-10-15 22:00:00,55.7
2022-10-15 23:00:00,55.7
2022-10-16 00:00:00,55.7
2022-10-16 01:00:00,55.7
2022-10-16 02:00:00,55.7
2022-10-16 03:00:00,55.7
2022-10-16 04:00:00,55.7
2022-10-16 05:00:00,55.7
2022-10-16 06:00:00,55.7
2022-10-16 07:00:00,55.7
2022-10-16 08:00:00,55.7
2022-10-16 09:00:00,55.7
2022-10-16 10:00:00,55.7
2022-10-16 11:00:00,55.7
2022-10-16 12:00:00,55.7
2022-10-16 13:00:00,55.7
2022-10-16 14:00:00,55.7
2022-10-16 15:00:00,55.7
2022-10-16 16:00:00,55.7
2022-10-16 17:00:00,55.7
2022-10-16 18:00:00,55.7
2022-10-16 19:00:00,55.7
2022-10-16 20:00:00,55.7
2022-10-16 21:00:00,55.7
2022-10-16 22:00:00,55.7
2022-10-16 23:00:00,55.7
2022-10-17 00:00:00,55.7
2022-10-17 01:00:00,55.7
2022-10-17 02:00:00,55.7
2022-10-17 03:00:00,55.7
2022-10-17 04:00:00,55.7
2022-10-17 05:00:00,55.7
2022-10-17 06:00:00,55.7
2022-10-17 07:00:00,55.7
2022-10-17 08:00:00,55.7
2022-10-17 09:00:00,55.7
2022-10-17 10:00:00,55.7
2022-10-17 11:00:00,55.7
2022-10-17 12:00:00,55.7
2022-10-17 13:00:00,55.7
2022-10-17 14:00:00,55.7
2022-10-17 15:00:00,55.7
2022-10-17 16:00:00,55.7
2022-10-17 17:00:00,55.7
2022-10-17 18:00:00,55.7
2022-10-17 19:00:00,55.7
2022-10-17 20:00:00,55.7
2022-10-17 21:00:00,55.7
2022-10-17 22:00:00,55.7
2022-10-17 23:00:00,55.7
2022-10-18 00:00:00,55.7
2022-10-18 01:00:00,55.7
2022-10-18 02:00:00,55.7
2022-10-18 03:00:00,55.7
2022-10-18 04:00:00,55.7
2022-10-18 05:00:00,55.7
2022-10-18 06:00:00,55.7
2022-10-18 07:00:00,55.7
2022-10-18 08:00:00,55.7
2022-10-18 09:00:00,55.7
2022-10-18 10:00:00,55.7
2022-10-18 11:00:00,55.7
2022-10-18 12:00:00,55.7
2022-10-18 13:00:00,55.7
2022-10-18 14:00:00,55.7
2022-10-18 15:00:00,55.7
2022-10-18 16:00:00,55.7
2022-10-18 17:00:00,55.7
2022-10-18 18:00:00,55.7
2022-10-18 19:00:00,55.7
2022-10-18 20:00:00,55.7
2022-10-18 21:00:00,55.7
2022-10-18 22:00:00,55.7
2022-10-18 23:00:00,55.7
2022-10-19 00:00:00,55.7
2022-10-19 01:00:00,55.7
2022-10-19 02:00:00,55.7
2022-10-19 03:00:00,55.7
2022-10-19 04:00:00,55.7
2022-10-19 05:00:00,55.7
2022-10-19 06:00:00,55.7
2022-10-19 07:00:00,55.7
2022-10-19 08:00:00,55.7
2022-10-19 09:00:00,55.7
2022-10-19 10:00:00,55.7
2022-10-19 11:00:00,55.7
2022-10-19 12:00:00,55.7
2022-10-19 13:00:00,55.7
2022-10-19 14:00:00,55.7
2022-10-19 15:00:00,55.7
2022-10-19 16:00:00,55.7
2022-10-19 17:00:00,55.7
2022-10-19 18:00:00,55.7
2022-10-19 19:00:00,55.7
2022-10-19 20:00:00,55.7
2022-10-19 21:00:00,55.7
2022-10-19 22:00:00,55.7
2022-10-19 23:00:00,55.7
2022-10-20 00:00:00,55.7
2022-10-20 01:00:00,55.7
2022-10-20 02:00:00,55.7
2022-10-20 03:00:00,55.7
2022-10-20 04:00:00,55.7
2022-10-20 05:00:00,55.7
2022-10-20 06:00:00,55.7
2022-10-20 07:00:00,55.7
2022-10-20 08:00:00,55.7
2022-10-20 09:00:00,55.7
2022-10-20 10:00:00,55.7
2022-10-20 11:00:00,55.7
2022-10-20 12:00:00,55.7
2022-10-20 13:00:00,55.7
2022-10-20 14:00:00,55.7
2022-10-20 15:00:00,55.7
2022-10-20 16:00:00,55.7
2022-10-20 17:00:00,55.7
2022-10-20 18:00:00,55.7
2022-10-20 19:00:00,55.7
2022-10-20 20:00:00,55.7
2022-10-20 21:00:00,55.7
2022-10-20 22:00:00,55.7
2022-10-20 23:00:00,55.7
2022-10-21 00:00:00,55.7
2022-10-21 01:00:00,55.7
2022-10-21 02:00:00,55.7
2022-10-21 03:00:00,55.7
2022-10-21 04:00:00,55.7
2022-10-21 05:00:00,55.7
2022-10-21 06:00:00,55.7
2022-10-21 07:00:00,55.7
2022-10-21 08:00:00,55.7
2022-10-21 09:00:00,55.7
2022-10-21 10:00:00,55.7
2022-10-21 11:00:00,55.7
2022-10-21 12:00:00,55.7
2022-10-21 13:00:00,55.7
2022-10-21 14:00:00,55.7
2022-10-21 15:00:00,55.7
2022-10-21 16:00:00,55.7
2022-10-21 17:00:00,55.7
2022-10-21 18:00:00,55.7
2022-10-21 19:00:00,55.7
2022-10-21 20:00:00,55.7
2022-10-21 21:00:00,55.7
2022-10-21 22:00:00,55.7
2022-10-21 23:00:00,55.7
2022-10-22 00:00:00,55.7
2022-10-22 01:00:00,55.7
2022-10-22 02:00:00,55.7
2022-10-22 03:00:00,55.7
2022-10-22 04:00:00,55.7
2022-10-22 05:00:00,55.7
2022-10-22 06:00:00,55.7
2022-10-22 07:00:00,55.7
2022-10-22 08:00:00,55.7
2022-10-22 09:00:00,55.7
2022-10-22 10:00:00,55.7
2022-10-22 11:00:00,55.7
2022-10-22 12:00:00,55.7
2022-10-22 13:00:00,55.7
2022-10-22 14:00:00,55.7
2022-10-22 15:00:00,55.7
2022-10-22 16:00:00,55.7
2022-10-22 17:00:00,55.7
2022-10-22 18:00:00,55.7
2022-10-22 19:00:00,55.7
2022-10-22 20:00:00,55.7
2022-10-22 21:00:00,55.7
2022-10-22 22:00:00,55.7
2022-10-22 23:00:00,55.7
2022-10-23 00:00:00,55.7
2022-10-23 01:00:00,55.7
2022-10-23 02:00:00,55.7
2022-10-23 03:00:00,55.7
2022-10-23 04:00:00,55.7
2022-10-23 05:00:00,55.7
2022-10-23 06:00:00,55.7
2022-10-23 07:00:00,55.7
2022-10-23 08:00:00,55.7
2022-10-23 09:00:00,55.7
2022-10-23 10:00:00,55.7
2022-10-23 11:00:00,55.7
2022-10-23 12:00:00,55.7
2022-10-23 13:00:00,55.7
2022-10-23 14:00:00,55.7
2022-10-23 15:00:00,55.7
2022-10-23 16:00:00,55.7
2022-10-23 17:00:00,55.7
2022-10-23 18:00:00,55.7
2022-10-23 19:00:00,55.7
2022-10-23 20:00:00,55.7
2022-10-23 21:00:00,55.7
2022-10-23 22:00:00,55.7
2022-10-23 23:00:00,55.7
2022-10-24 00:00:00,55.7
2022-10-24 01:00:00,55.7
2022-10-24 02:00:00,55.7
2022-10-24 03:00:00,55.7
2022-10-24 04:00:00,55.7
2022-10-24 05:00:00,55.7
2022-10-24 06:00:00,55.7
2022-10-24 07:00:00,55.7
2022-10-24 08:00:00,55.7
2022-10-24 09:00:00,55.7
2022-10-24 10:00:00,55.7
2022-10-24 11:00:00,55.7
2022-10-24 12:00:00,55.7
2022-10-24 13:00:00,55.7
2022-10-24 14:00:00,55.7
2022-10-24 15:00:00,55.7
2022-10-24 16:00:00,55.7
2022-10-24 17:00:00,55.7
2022-10-24 18:00:00,55.7
2022-10-24 19:00:00,55.7
2022-10-24 20:00:00,55.7
2022-10-24 21:00:00,55.7
2022-10-24 22:00:00,55.7
2022-10-24 23:00:00,55.7
2022-10-25 00:00:00,55.7
2022-10-25 01:00:00,55.7
2022-10-25 02:00:00,55.7
2022-10-25 03:00:00,55.7
2022-10-25 04:00:00,55.7
2022-10-25 05:00:00,55.7
2022-10-25 06:00:00,55.7
2022-10-25 07:00:00,55.7
2022-10-25 08:00:00,55.7
2022-10-25 09:00:00,55.7
2022-10-25 10:00:00,55.7
2022-10-25 11:00:00,55.7
2022-10-25 12:00:00,55.7
2022-10-25 13:00:00,55.7
2022-10-25 14:00:00,55.7
2022-10-25 15:00:00,55.7
2022-10-25 16:00:00,55.7
2022-10-25 17:00:00,55.7
2022-10-25 18:00:00,55.7
2022-10-25 19:00:00,55.7
2022-10-25 20:00:00,55.7
2022-10-25 21:00:00,55.7
2022-10-25 22:00:00,55.7
2022-10-25 23:00:00,55.7
2022-10-26 00:00:00,55.7
2022-10-26 01:00:00,55.7
2022-10-26 02:00:00,55.7
2022-10-26 03:00:00,55.7
2022-10-26 04:00:00,55.7
2022-10-26 05:00:00,55.7
2022-10-26 06:00:00,55.7
2022-10-26 07:00:00,55.7
2022-10-26 08:00:00,55.7
2022-10-26 09:00:00,55.7
2022-10-26 10:00:00,55.7
2022-10-26 11:00:00,55.7
2022-10-26 12:00:00,55.7
2022-10-26 13:00:00,55.7
2022-10-26 14:00:00,55.7
2022-10-26 15:00:00,55.7
2022-10-26 16:00:00,55.7
2022-10-26 17:00:00,55.7
2022-10-26 18:00:00,55.7
2022-10-26 19:00:00,55.7
2022-10-26 20:00:00,55.7
2022-10-26 21:00:00,55.7
2022-10-26 22:00:00,55.7
2022-10-26 23:00:00,55.7
2022-10-27 00:00:00,55.7
2022-10-27 01:00:00,55.7
2022-10-27 02:00:00,55.7
2022-10-27 03:00:00,55.7
2022-10-27 04:00:00,55.7
2022-10-27 05:00:00,55.7
2022-10-27 06:00:00,55.7
2022-10-27 07:00:00,55.7
2022-10-27 08:00:00,55.7
2022-10-27 09:00:00,55.7
2022-10-27 10:00:00,55.7
2022-10-27 11:00:00,55.7
2022-10-27 12:00:00,55.7
2022-10-27 13:00:00,55.7
2022-10-27 14:00:00,55.7
2022-10-27 15:00:00,55.7
2022-10-27 16:00:00,55.7
2022-10-27 17:00:00,55.7
2022-10-27 18:00:00,55.7
2022-10-27 19:00:00,55.7
2022-10-27 20:00:00,55.7
2022-10-27 21:00:00,55.7
2022-10-27 22:00:00,55.7
2022-10-27 23:00:00,55.7
2022-10-28 00:00:00,55.7
2022-10-28 01:00:00,55.7
2022-10-28 02:00:00,55.7
2022-10-28 03:00:00,55.7
2022-10-28 04:00:00,55.7
2022-10-28 05:00:00,55.7
2022-10-28 06:00:00,55.7
2022-10-28 07:00:00,55.7
2022-10-28 08:00:00,55.7
2022-10-28 09:00:00,55.7
2022-10-28 10:00:00,55.7
2022-10-28 11:00:00,55.7
2022-10-28 12:00:00,55.7
2022-10-28 13:00:00,55.7
2022-10-28 14:00:00,55.7
2022-10-28 15:00:00,55.7
2022-10-28 16:00:00,55.7
2022-10-28 17:00:00,55.7
2022-10-28 18:00:00,55.7
2022-10-28 19:00:00,55.7
2022-10-28 20:00:00,55.7
2022-10-28 21:00:00,55.7
2022-10-28 22:00:00,55.7
2022-10-28 23:00:00,55.7
2022-10-29 00:00:00,55.7
2022-10-29 01:00:00,55.7
2022-10-29 02:00:00,55.7
2022-10-29 03:00:00,55.7
2022-10-29 04:00:00,55.7
2022-10-29 05:00:00,55.7
2022-10-29 06:00:00,55.7
2022-10-29 07:00:00,55.7
2022-10-29 08:00:00,55.7
2022-10-29 09:00:00,55.7
2022-10-29 10:00:00,55.7
2022-10-29 11:00:00,55.7
2022-10-29 12:00:00,55.7
2022-10-29 13:00:00,55.7
2022-10-29 14:00:00,55.7
2022-10-29 15:00:00,55.7
2022-10-29 16:00:00,55.7
2022-10-29 17:00:00,55.7
2022-10-29 18:00:00,55.7
2022-10-29 19:00:00,55.7
2022-10-29 20:00:00,55.7
2022-10-29 21:00:00,55.7
2022-10-29 22:00:00,55.7
2022-10-29 23:00:00,55.7
2022-10-30 00:00:00,55.7
2022-10-30 01:00:00,55.7
2022-10-30 02:00:00,55.7
2022-10-30 03:00:00,55.7
2022-10-30 04:00:00,55.7
2022-10-30 05:00:00,55.7
2022-10-30 06:00:00,55.7
2022-10-30 07:00:00,55.7
2022-10-30 08:00:00,55.7
2022-10-30 09:00:00,55.7
2022-10-30 10:00:00,55.7
2022-10-30 11:00:00,55.7
2022-10-30 12:00:00,55.7
2022-10-30 13:00:00,55.7
2022-10-30 14:00:00,55.7
2022-10-30 15:00:00,55.7
2022-10-30 16:00:00,55.7
2022-10-30 17:00:00,55.7
2022-10-30 18:00:00,55.7
2022-10-30 19:00:00,55.7
2022-10-30 20:00:00,55.7
2022-10-30 21:00:00,55.7
2022-10-30 22:00:00,55.7
2022-10-30 23:00:00,55.7
2022-10-31 00:00:00,55.7
2022-10-31 01:00:00,55.7
2022-10-31 02:00:00,55.7
2022-10-31 03:00:00,55.7
2022-10-31 04:00:00,55.7
2022-10-31 05:00:00,55.7
2022-10-31 06:00:00,55.7
2022-10-31 07:00:00,55.7
2022-10-31 08:00:00,55.7
2022-10-31 09:00:00,55.7
2022-10-31 10:00:00,55.7
2022-10-31 11:00:00,55.7
2022-10-31 12:00:00,55.7
2022-10-31 13:00:00,55.7
2022-10-31 14:00:00,55.7
2022-10-31 15:00:00,55.7
2022-10-31 16:00:00,55.7
2022-10-31 17:00:00,55.7
2022-10-31 18:00:00,55.7
2022-10-31 19:00:00,55.7
2022-10-31 20:00:00,55.7
2022-10-31 21:00:00,55.7
2022-10-31 22:00:00,55.7
2022-10-31 23:00:00,55.7
2022-11-01 00:00:00,55.7
2022-11-01 01:00:00,55.7
2022-11-01 02:00:00,55.7
2022-11-01 03:00:00,55.7
2022-11-01 04:00:00,55.7
2022-11-01 05:00:00,55.7
2022-11-01 06:00:00,55.7
2022-11-01 07:00:00,55.7
2022-11-01 08:00:00,55.7
2022-11-01 09:00:00,55.7
2022-11-01 10:00:00,55.7
2022-11-01 11:00:00,55.7
2022-11-01 12:00:00,55.7
2022-11-01 13:00:00,55.7
2022-11-01 14:00:00,55.7
2022-11-01 15:00:00,55.7
2022-11-01 16:00:00,55.7
2022-11-01 17:00:00,55.7
2022-11-01 18:00:00,55.7
2022-11-01 19:00:00,55.7
2022-11-01 20:00:00,55.7
2022-11-01 21:00:00,55.7
2022-11-01 22:00:00,55.7
2022-11-01 23:00:00,55.7
2022-11-02 00:00:00,55.7
2022-11-02 01:00:00,55.7
2022-11-02 02:00:00,55.7
2022-11-02 03:00:00,55.7
2022-11-02 04:00:00,55.7
2022-11-02 05:00:00,55.7
2022-11-02 06:00:00,55.7
2022-11-02 07:00:00,55.7
2022-11-02 08:00:00,55.7
2022-11-02 09:00:00,55.7
2022-11-02 10:00:00,55.7
2022-11-02 11:00:00,55.7
2022-11-02 12:00:00,55.7
2022-11-02 13:00:00,55.7
2022-11-02 14:00:00,55.7
2022-11-02 15:00:00,55.7
2022-11-02 16:00:00,55.7
2022-11-02 17:00:00,55.7
2022-11-02 18:00:00,55.7
2022-11-02 19:00:00,55.7
2022-11-02 20:00:00,55.7
2022-11-02 21:00:00,55.7
2022-11-02 22:00:00,55.7
2022-11-02 23:00:00,55.7
2022-11-03 00:00:00,55.7
2022-11-03 01:00:00,55.7
2022-11-03 02:00:00,55.7
2022-11-03 03:00:00,55.7
2022-11-03 04:00:00,55.7
2022-11-03 05:00:00,55.7
2022-11-03 06:00:00,55.7
2022-11-03 07:00:00,55.7
2022-11-03 08:00:00,55.7
2022-11-03 09:00:00,55.7
2022-11-03 10:00:00,55.7
2022-11-03 11:00:00,55.7
2022-11-03 12:00:00,55.7
2022-11-03 13:00:00,55.7
2022-11-03 14:00:00,55.7
2022-11-03 15:00:00,55.7
2022-11-03 16:00:00,55.7
2022-11-03 17:00:00,55.7
2022-11-03 18:00:00,55.7
2022-11-03 19:00:00,55.7
2022-11-03 20:00:00,55.7
2022-11-03 21:00:00,55.7
2022-11-03 22:00:00,55.7
2022-11-03 23:00:00,55.7
2022-11-04 00:00:00,55.7
2022-11-04 01:00:00,55.7
2022-11-04 02:00:00,55.7
2022-11-04 03:00:00,55.7
2022-11-04 04:00:00,55.7
2022-11-04 05:00:00,55.7
2022-11-04 06:00:00,55.7
2022-11-04 07:00:00,55.7
2022-11-04 08:00:00,55.7
2022-11-04 09:00:00,55.7
2022-11-04 10:00:00,55.7
2022-11-04 11:00:00,55.7
2022-11-04 12:00:00,55.7
2022-11-04 13:00:00,55.7
2022-11-04 14:00:00,55.7
2022-11-04 15:00:00,55.7
2022-11-04 16:00:00,55.7
2022-11-04 17:00:00,55.7
2022-11-04 18:00:00,55.7
2022-11-04 19:00:00,55.7
2022-11-04 20:00:00,55.7
2022-11-04 21:00:00,55.7
2022-11-04 22:00:00,55.7
2022-11-04 23:00:00,55.7
2022-11-05 00:00:00,55.7
2022-11-05 01:00:00,55.7
2022-11-05 02:00:00,55.7
2022-11-05 03:00:00,55.7
2022-11-05 04:00:00,55.7
2022-11-05 05:00:00,55.7
2022-11-05 06:00:00,55.7
2022-11-05 07:00:00,55.7
2022-11-05 08:00:00,55.7
2022-11-05 09:00:00,55.7
2022-11-05 10:00:00,55.7
2022-11-05 11:00:00,55.7
2022-11-05 12:00:00,55.7
2022-11-05 13:00:00,55.7
2022-11-05 14:00:00,55.7
2022-11-05 15:00:00,55.7
2022-11-05 16:00:00,55.7
2022-11-05 17:00:00,55.7
2022-11-05 18:00:00,55.7
2022-11-05 19:00:00,55.7
2022-11-05 20:00:00,55.7
2022-11-05 21:00:00,55.7
2022-11-05 22:00:00,55.7
2022-11-05 23:00:00,55.7
2022-11-06 00:00:00,55.7
2022-11-06 01:00:00,55.7
2022-11-06 02:00:00,55.7
2022-11-06 03:00:00,55.7
2022-11-06 04:00:00,55.7
2022-11-06 05:00:00,55.7
2022-11-06 06:00:00,55.7
2022-11-06 07:00:00,55.7
2022-11-06 08:00:00,55.7
2022-11-06 09:00:00,55.7
2022-11-06 10:00:00,55.7
2022-11-06 11:00:00,55.7
2022-11-06 12:00:00,55.7
2022-11-06 13:00:00,55.7
2022-11-06 14:00:00,55.7
2022-11-06 15:00:00,55.7
2022-11-06 16:00:00,55.7
2022-11-06 17:00:00,55.7
2022-11-06 18:00:00,55.7
2022-11-06 19:00:00,55.7
2022-11-06 20:00:00,55.7
2022-11-06 21:00:00,55.7
2022-11-06 22:00:00,55.7
2022-11-06 23:00:00,55.7
2022-11-07 00:00:00,55.7
2022-11-07 01:00:00,55.7
2022-11-07 02:00:00,55.7
2022-11-07 03:00:00,55.7
2022-11-07 04:00:00,55.7
2022-11-07 05:00:00,55.7
2022-11-07 06:00:00,55.7
2022-11-07 07:00:00,55.7
2022-11-07 08:00:00,55.7
2022-11-07 09:00:00,55.7
2022-11-07 10:00:00,55.7
2022-11-07 11:00:00,55.7
2022-11-07 12:00:00,55.7
2022-11-07 13:00:00,55.7
2022-11-07 14:00:00,55.7
2022-11-07 15:00:00,55.7
2022-11-07 16:00:00,55.7
2022-11-07 17:00:00,55.7
2022-11-07 18:00:00,55.7
2022-11-07 19:00:00,55.7
2022-11-07 20:00:00,55.7
2022-11-07 21:00:00,55.7
2022-11-07 22:00:00,55.7
2022-11-07 23:00:00,55.7
2022-11-08 00:00:00,55.7
2022-11-08 01:00:00,55.7
2022-11-08 02:00:00,55.7
2022-11-08 03:00:00,55.7
2022-11-08 04:00:00,55.7
2022-11-08 05:00:00,55.7
2022-11-08 06:00:00,55.7
2022-11-08 07:00:00,55.7
2022-11-08 08:00:00,55.7
2022-11-08 09:00:00,55.7
2022-11-08 10:00:00,55.7
2022-11-08 11:00:00,55.7
2022-11-08 12:00:00,55.7
2022-11-08 13:00:00,55.7
2022-11-08 14:00:00,55.7
2022-11-08 15:00:00,55.7
2022-11-08 16:00:00,55.7
2022-11-08 17:00:00,55.7
2022-11-08 18:00:00,55.7
2022-11-08 19:00:00,55.7
2022-11-08 20:00:00,55.7
2022-11-08 21:00:00,55.7
2022-11-08 22:00:00,55.7
2022-11-08 23:00:00,55.7
2022-11-09 00:00:00,55.7
2022-11-09 01:00:00,55.7
2022-11-09 02:00:00,55.7
2022-11-09 03:00:00,55.7
2022-11-09 04:00:00,55.7
2022-11-09 05:00:00,55.7
2022-11-09 06:00:00,55.7
2022-11-09 07:00:00,55.7
2022-11-09 08:00:00,55.7
2022-11-09 09:00:00,55.7
2022-11-09 10:00:00,55.7
2022-11-09 11:00:00,55.7
2022-11-09 12:00:00,55.7
2022-11-09 13:00:00,55.7
2022-11-09 14:00:00,55.7
2022-11-09 15:00:00,55.7
2022-11-09 16:00:00,55.7
2022-11-09 17:00:00,55.7
2022-11-09 18:00:00,55.7
2022-11-09 19:00:00,55.7
2022-11-09 20:00:00,55.7
2022-11-09 21:00:00,55.7
2022-11-09 22:00:00,55.7
2022-11-09 23:00:00,55.7
2022-11-10 00:00:00,55.7
2022-11-10 01:00:00,55.7
2022-11-10 02:00:00,55.7
2022-11-10 03:00:00,55.7
2022-11-10 04:00:00,55.7
2022-11-10 05:00:00,55.7
2022-11-10 06:00:00,55.7
2022-11-10 07:00:00,55.7
2022-11-10 08:00:00,55.7
2022-11-10 09:00:00,55.7
2022-11-10 10:00:00,55.7
2022-11-10 11:00:00,55.7
2022-11-10 12:00:00,55.7
2022-11-10 13:00:00,55.7
2022-11-10 14:00:00,55.7
2022-11-10 15:00:00,55.7
2022-11-10 16:00:00,55.7
2022-11-10 17:00:00,55.7
2022-11-10 18:00:00,55.7
2022-11-10 19:00:00,55.7
2022-11-10 20:00:00,55.7
2022-11-10 21:00:00,55.7
2022-11-10 22:00:00,55.7
2022-11-10 23:00:00,55.7
2022-11-11 00:00:00,55.7
2022-11-11 01:00:00,55.7
2022-11-11 02:00:00,55.7
2022-11-11 03:00:00,55.7
2022-11-11 04:00:00,55.7
2022-11-11 05:00:00,55.7
2022-11-11 06:00:00,55.7
2022-11-11 07:00:00,55.7
2022-11-11 08:00:00,55.7
2022-11-11 09:00:00,55.7
2022-11-11 10:00:00,55.7
2022-11-11 11:00:00,55.7
2022-11-11 12:00:00,55.7
2022-11-11 13:00:00,55.7
2022-11-11 14:00:00,55.7
2022-11-11 15:00:00,55.7
2022-11-11 16:00:00,55.7
2022-11-11 17:00:00,55.7
2022-11-11 18:00:00,55.7
2022-11-11 19:00:00,55.7
2022-11-11 20:00:00,55.7
2022-11-11 21:00:00,55.7
2022-11-11 22:00:00,55.7
2022-11-11 23:00:00,55.7
2022-11-12 00:00:00,55.7
2022-11-12 01:00:00,55.7
2022-11-12 02:00:00,55.7
2022-11-12 03:00:00,55.7
2022-11-12 04:00:00,55.7
2022-11-12 05:00:00,55.7
2022-11-12 06:00:00,55.7
2022-11-12 07:00:00,55.7
2022-11-12 08:00:00,55.7
2022-11-12 09:00:00,55.7
2022-11-12 10:00:00,55.7
2022-11-12 11:00:00,55.7
2022-11-12 12:00:00,55.7
2022-11-12 13:00:00,55.7
2022-11-12 14:00:00,55.7
2022-11-12 15:00:00,55.7
2022-11-12 16:00:00,55.7
2022-11-12 17:00:00,55.7
2022-11-12 18:00:00,55.7
2022-11-12 19:00:00,55.7
2022-11-12 20:00:00,55.7
2022-11-12 21:00:00,55.7
2022-11-12 22:00:00,55.7
2022-11-12 23:00:00,55.7
2022-11-13 00:00:00,55.7
2022-11-13 01:00:00,55.7
2022-11-13 02:00:00,55.7
2022-11-13 03:00:00,55.7
2022-11-13 04:00:00,55.7
2022-11-13 05:00:00,55.7
2022-11-13 06:00:00,55.7
2022-11-13 07:00:00,55.7
2022-11-13 08:00:00,55.7
2022-11-13 09:00:00,55.7
2022-11-13 10:00:00,55.7
2022-11-13 11:00:00,55.7
2022-11-13 12:00:00,55.7
2022-11-13 13:00:00,55.7
2022-11-13 14:00:00,55.7
2022-11-13 15:00:00,55.7
2022-11-13 16:00:00,55.7
2022-11-13 17:00:00,55.7
2022-11-13 18:00:00,55.7
2022-11-13 19:00:00,55.7
2022-11-13 20:00:00,55.7
2022-11-13 21:00:00,55.7
2022-11-13 22:00:00,55.7
2022-11-13 23:00:00,55.7
2022-11-14 00:00:00,55.7
2022-11-14 01:00:00,55.7
2022-11-14 02:00:00,55.7
2022-11-14 03:00:00,55.7
2022-11-14 04:00:00,55.7
2022-11-14 05:00:00,55.7
2022-11-14 06:00:00,55.7
2022-11-14 07:00:00,55.7
2022-11-14 08:00:00,55.7
2022-11-14 09:00:00,55.7
2022-11-14 10:00:00,55.7
2022-11-14 11:00:00,55.7
2022-11-14 12:00:00,55.7
2022-11-14 13:00:00,55.7
2022-11-14 14:00:00,55.7
2022-11-14 15:00:00,55.7
2022-11-14 16:00:00,55.7
2022-11-14 17:00:00,55.7
2022-11-14 18:00:00,55.7
2022-11-14 19:00:00,55.7
2022-11-14 20:00:00,55.7
2022-11-14 21:00:00,55.7
2022-11-14 22:00:00,55.7
2022-11-14 23:00:00,55.7
2022-11-15 00:00:00,55.7
2022-11-15 01:00:00,55.7
2022-11-15 02:00:00,55.7
2022-11-15 03:00:00,55.7
2022-11-15 04:00:00,55.7
2022-11-15 05:00:00,55.7
2022-11-15 06:00:00,55.7
2022-11-15 07:00:00,55.7
2022-11-15 08:00:00,55.7
2022-11-15 09:00:00,55.7
2022-11-15 10:00:00,55.7
2022-11-15 11:00:00,55.7
2022-11-15 12:00:00,55.7
2022-11-15 13:00:00,55.7
2022-11-15 14:00:00,55.7
2022-11-15 15:00:00,55.7
2022-11-15 16:00:00,55.7
2022-11-15 17:00:00,55.7
2022-11-15 18:00:00,55.7
2022-11-15 19:00:00,55.7
2022-11-15 20:00:00,55.7
2022-11-15 21:00:00,55.7
2022-11-15 22:00:00,55.7
2022-11-15 23:00:00,55.7
2022-11-16 00:00:00,55.7
2022-11-16 01:00:00,55.7
2022-11-16 02:00:00,55.7
2022-11-16 03:00:00,55.7
2022-11-16 04:00:00,55.7
2022-11-16 05:00:00,55.7
2022-11-16 06:00:00,55.7
2022-11-16 07:00:00,55.7
2022-11-16 08:00:00,55.7
2022-11-16 09:00:00,55.7
2022-11-16 10:00:00,55.7
2022-11-16 11:00:00,55.7
2022-11-16 12:00:00,55.7
2022-11-16 13:00:00,55.7
2022-11-16 14:00:00,55.7
2022-11-16 15:00:00,55.7
2022-11-16 16:00:00,55.7
2022-11-16 17:00:00,55.7
2022-11-16 18:00:00,55.7
2022-11-16 19:00:00,55.7
2022-11-16 20:00:00,55.7
2022-11-16 21:00:00,55.7
2022-11-16 22:00:00,55.7
2022-11-16 23:00:00,55.7
2022-11-17 00:00:00,55.7
2022-11-17 01:00:00,55.7
2022-11-17 02:00:00,55.7
2022-11-17 03:00:00,55.7
2022-11-17 04:00:00,55.7
2022-11-17 05:00:00,55.7
2022-11-17 06:00:00,55.7
2022-11-17 07:00:00,55.7
2022-11-17 08:00:00,55.7
2022-11-17 09:00:00,55.7
2022-11-17 10:00:00,55.7
2022-11-17 11:00:00,55.7
2022-11-17 12:00:00,55.7
2022-11-17 13:00:00,55.7
2022-11-17 14:00:00,55.7
2022-11-17 15:00:00,55.7
2022-11-17 16:00:00,55.7
2022-11-17 17:00:00,55.7
2022-11-17 18:00:00,55.7
2022-11-17 19:00:00,55.7
2022-11-17 20:00:00,55.7
2022-11-17 21:00:00,55.7
2022-11-17 22:00:00,55.7
2022-11-17 23:00:00,55.7
2022-11-18 00:00:00,55.7
2022-11-18 01:00:00,55.7
2022-11-18 02:00:00,55.7
2022-11-18 03:00:00,55.7
2022-11-18 04:00:00,55.7
2022-11-18 05:00:00,55.7
2022-11-18 06:00:00,55.7
2022-11-18 07:00:00,55.7
2022-11-18 08:00:00,55.7
2022-11-18 09:00:00,55.7
2022-11-18 10:00:00,55.7
2022-11-18 11:00:00,55.7
2022-11-18 12:00:00,55.7
2022-11-18 13:00:00,55.7
2022-11-18 14:00:00,55.7
2022-11-18 15:00:00,55.7
2022-11-18 16:00:00,55.7
2022-11-18 17:00:00,55.7
2022-11-18 18:00:00,55.7
2022-11-18 19:00:00,55.7
2022-11-18 20:00:00,55.7
2022-11-18 21:00:00,55.7
2022-11-18 22:00:00,55.7
2022-11-18 23:00:00,55.7
2022-11-19 00:00:00,55.7
2022-11-19 01:00:00,55.7
2022-11-19 02:00:00,55.7
2022-11-19 03:00:00,55.7
2022-11-19 04:00:00,55.7
2022-11-19 05:00:00,55.7
2022-11-19 06:00:00,55.7
2022-11-19 07:00:00,55.7
2022-11-19 08:00:00,55.7
2022-11-19 09:00:00,55.7
2022-11-19 10:00:00,55.7
2022-11-19 11:00:00,55.7
2022-11-19 12:00:00,55.7
2022-11-19 13:00:00,55.7
2022-11-19 14:00:00,55.7
2022-11-19 15:00:00,55.7
2022-11-19 16:00:00,55.7
2022-11-19 17:00:00,55.7
2022-11-19 18:00:00,55.7
2022-11-19 19:00:00,55.7
2022-11-19 20:00:00,55.7
2022-11-19 21:00:00,55.7
2022-11-19 22:00:00,55.7
2022-11-19 23:00:00,55.7
2022-11-20 00:00:00,55.7
2022-11-20 01:00:00,55.7
2022-11-20 02:00:00,55.7
2022-11-20 03:00:00,55.7
2022-11-20 04:00:00,55.7
2022-11-20 05:00:00,55.7
2022-11-20 06:00:00,55.7
2022-11-20 07:00:00,55.7
2022-11-20 08:00:00,55.7
2022-11-20 09:00:00,55.7
2022-11-20 10:00:00,55.7
2022-11-20 11:00:00,55.7
2022-11-20 12:00:00,55.7
2022-11-20 13:00:00,55.7
2022-11-20 14:00:00,55.7
2022-11-20 15:00:00,55.7
2022-11-20 16:00:00,55.7
2022-11-20 17:00:00,55.7
2022-11-20 18:00:00,55.7
2022-11-20 19:00:00,55.7
2022-11-20 20:00:00,55.7
2022-11-20 21:00:00,55.7
2022-11-20 22:00:00,55.7
2022-11-20 23:00:00,55.7
2022-11-21 00:00:00,55.7
2022-11-21 01:00:00,55.7
2022-11-21 02:00:00,55.7
2022-11-21 03:00:00,55.7
2022-11-21 04:00:00,55.7
2022-11-21 05:00:00,55.7
2022-11-21 06:00:00,55.7
2022-11-21 07:00:00,55.7
2022-11-21 08:00:00,55.7
2022-11-21 09:00:00,55.7
2022-11-21 10:00:00,55.7
2022-11-21 11:00:00,55.7
2022-11-21 12:00:00,55.7
2022-11-21 13:00:00,55.7
2022-11-21 14:00:00,55.7
2022-11-21 15:00:00,55.7
2022-11-21 16:00:00,55.7
2022-11-21 17:00:00,55.7
2022-11-21 18:00:00,55.7
2022-11-21 19:00:00,55.7
2022-11-21 20:00:00,55.7
2022-11-21 21:00:00,55.7
2022-11-21 22:00:00,55.7
2022-11-21 23:00:00,55.7
2022-11-22 00:00:00,55.7
2022-11-22 01:00:00,55.7
2022-11-22 02:00:00,55.7
2022-11-22 03:00:00,55.7
2022-11-22 04:00:00,55.7
2022-11-22 05:00:00,55.7
2022-11-22 06:00:00,55.7
2022-11-22 07:00:00,55.7
2022-11-22 08:00:00,55.7
2022-11-22 09:00:00,55.7
2022-11-22 10:00:00,55.7
2022-11-22 11:00:00,55.7
2022-11-22 12:00:00,55.7
2022-11-22 13:00:00,55.7
2022-11-22 14:00:00,55.7
2022-11-22 15:00:00,55.7
2022-11-22 16:00:00,55.7
2022-11-22 17:00:00,55.7
2022-11-22 18:00:00,55.7
2022-11-22 19:00:00,55.7
2022-11-22 20:00:00,55.7
2022-11-22 21:00:00,55.7
2022-11-22 22:00:00,55.7
2022-11-22 23:00:00,55.7
2022-11-23 00:00:00,55.7
2022-11-23 01:00:00,55.7
2022-11-23 02:00:00,55.7
2022-11-23 03:00:00,55.7
2022-11-23 04:00:00,55.7
2022-11-23 05:00:00,55.7
2022-11-23 06:00:00,55.7
2022-11-23 07:00:00,55.7
2022-11-23 08:00:00,55.7
2022-11-23 09:00:00,55.7
2022-11-23 10:00:00,55.7
2022-11-23 11:00:00,55.7
2022-11-23 12:00:00,55.7
2022-11-23 13:00:00,55.7
2022-11-23 14:00:00,55.7
2022-11-23 15:00:00,55.7
2022-11-23 16:00:00,55.7
2022-11-23 17:00:00,55.7
2022-11-23 18:00:00,55.7
2022-11-23 19:00:00,55.7
2022-11-23 20:00:00,55.7
2022-11-23 21:00:00,55.7
2022-11-23 22:00:00,55.7
2022-11-23 23:00:00,55.7
2022-11-24 00:00:00,55.7
2022-11-24 01:00:00,55.7
2022-11-24 02:00:00,55.7
2022-11-24 03:00:00,55.7
2022-11-24 04:00:00,55.7
2022-11-24 05:00:00,55.7
2022-11-24 06:00:00,55.7
2022-11-24 07:00:00,55.7
2022-11-24 08:00:00,55.7
2022-11-24 09:00:00,55.7
2022-11-24 10:00:00,55.7
2022-11-24 11:00:00,55.7
2022-11-24 12:00:00,55.7
2022-11-24 13:00:00,55.7
2022-11-24 14:00:00,55.7
2022-11-24 15:00:00,55.7
2022-11-24 16:00:00,55.7
2022-11-24 17:00:00,55.7
2022-11-24 18:00:00,55.7
2022-11-24 19:00:00,55.7
2022-11-24 20:00:00,55.7
2022-11-24 21:00:00,55.7
2022-11-24 22:00:00,55.7
2022-11-24 23:00:00,55.7
2022-11-25 00:00:00,55.7
2022-11-25 01:00:00,55.7
2022-11-25 02:00:00,55.7
2022-11-25 03:00:00,55.7
2022-11-25 04:00:00,55.7
2022-11-25 05:00:00,55.7
2022-11-25 06:00:00,55.7
2022-11-25 07:00:00,55.7
2022-11-25 08:00:00,55.7
2022-11-25 09:00:00,55.7
2022-11-25 10:00:00,55.7
2022-11-25 11:00:00,55.7
2022-11-25 12:00:00,55.7
2022-11-25 13:00:00,55.7
2022-11-25 14:00:00,55.7
2022-11-25 15:00:00,55.7
2022-11-25 16:00:00,55.7
2022-11-25 17:00:00,55.7
2022-11-25 18:00:00,55.7
2022-11-25 19:00:00,55.7
2022-11-25 20:00:00,55.7
2022-11-25 21:00:00,55.7
2022-11-25 22:00:00,55.7
2022-11-25 23:00:00,55.7
2022-11-26 00:00:00,55.7
2022-11-26 01:00:00,55.7
2022-11-26 02:00:00,55.7
2022-11-26 03:00:00,55.7
2022-11-26 04:00:00,55.7
2022-11-26 05:00:00,55.7
2022-11-26 06:00:00,55.7
2022-11-26 07:00:00,55.7
2022-11-26 08:00:00,55.7
2022-11-26 09:00:00,55.7
2022-11-26 10:00:00,55.7
2022-11-26 11:00:00,55.7
2022-11-26 12:00:00,55.7
2022-11-26 13:00:00,55.7
2022-11-26 14:00:00,55.7
2022-11-26 15:00:00,55.7
2022-11-26 16:00:00,55.7
2022-11-26 17:00:00,55.7
2022-11-26 18:00:00,55.7
2022-11-26 19:00:00,55.7
2022-11-26 20:00:00,55.7
2022-11-26 21:00:00,55.7
2022-11-26 22:00:00,55.7
2022-11-26 23:00:00,55.7
2022-11-27 00:00:00,55.7
2022-11-27 01:00:00,55.7
2022-11-27 02:00:00,55.7
2022-11-27 03:00:00,55.7
2022-11-27 04:00:00,55.7
2022-11-27 05:00:00,55.7
2022-11-27 06:00:00,55.7
2022-11-27 07:00:00,55.7
2022-11-27 08:00:00,55.7
2022-11-27 09:00:00,55.7
2022-11-27 10:00:00,55.7
2022-11-27 11:00:00,55.7
2022-11-27 12:00:00,55.7
2022-11-27 13:00:00,55.7
2022-11-27 14:00:00,55.7
2022-11-27 15:00:00,55.7
2022-11-27 16:00:00,55.7
2022-11-27 17:00:00,55.7
2022-11-27 18:00:00,55.7
2022-11-27 19:00:00,55.7
2022-11-27 20:00:00,55.7
2022-11-27 21:00:00,55.7
2022-11-27 22:00:00,55.7
2022-11-27 23:00:00,55.7
2022-11-28 00:00:00,55.7
2022-11-28 01:00:00,55.7
2022-11-28 02:00:00,55.7
2022-11-28 03:00:00,55.7
2022-11-28 04:00:00,55.7
2022-11-28 05:00:00,55.7
2022-11-28 06:00:00,55.7
2022-11-28 07:00:00,55.7
2022-11-28 08:00:00,55.7
2022-11-28 09:00:00,55.7
2022-11-28 10:00:00,55.7
2022-11-28 11:00:00,55.7
2022-11-28 12:00:00,55.7
2022-11-28 13:00:00,55.7
2022-11-28 14:00:00,55.7
2022-11-28 15:00:00,55.7
2022-11-28 16:00:00,55.7
2022-11-28 17:00:00,55.7
2022-11-28 18:00:00,55.7
2022-11-28 19:00:00,55.7
2022-11-28 20:00:00,55.7
2022-11-28 21:00:00,55.7
2022-11-28 22:00:00,55.7
2022-11-28 23:00:00,55.7
2022-11-29 00:00:00,55.7
2022-11-29 01:00:00,55.7
2022-11-29 02:00:00,55.7
2022-11-29 03:00:00,55.7
2022-11-29 04:00:00,55.7
2022-11-29 05:00:00,55.7
2022-11-29 06:00:00,55.7
2022-11-29 07:00:00,55.7
2022-11-29 08:00:00,55.7
2022-11-29 09:00:00,55.7
2022-11-29 10:00:00,55.7
2022-11-29 11:00:00,55.7
2022-11-29 12:00:00,55.7
2022-11-29 13:00:00,55.7
2022-11-29 14:00:00,55.7
2022-11-29 15:00:00,55.7
2022-11-29 16:00:00,55.7
2022-11-29 17:00:00,55.7
2022-11-29 18:00:00,55.7
2022-11-29 19:00:00,55.7
2022-11-29 20:00:00,55.7
2022-11-29 21:00:00,55.7
2022-11-29 22:00:00,55.7
2022-11-29 23:00:00,55.7
2022-11-30 00:00:00,55.7
2022-11-30 01:00:00,55.7
2022-11-30 02:00:00,55.7
2022-11-30 03:00:00,55.7
2022-11-30 04:00:00,55.7
2022-11-30 05:00:00,55.7
2022-11-30 06:00:00,55.7
2022-11-30 07:00:00,55.7
2022-11-30 08:00:00,55.7
2022-11-30 09:00:00,55.7
2022-11-30 10:00:00,55.7
2022-11-30 11:00:00,55.7
2022-11-30 12:00:00,55.7
2022-11-30 13:00:00,55.7
2022-11-30 14:00:00,55.7
2022-11-30 15:00:00,55.7
2022-11-30 16:00:00,55.7
2022-11-30 17:00:00,55.7
2022-11-30 18:00:00,55.7
2022-11-30 19:00:00,55.7
2022-11-30 20:00:00,55.7
2022-11-30 21:00:00,55.7
2022-11-30 22:00:00,55.7
2022-11-30 23:00:00,55.7
2022-12-01 00:00:00,55.7
2022-12-01 01:00:00,55.7
2022-12-01 02:00:00,55.7
2022-12-01 03:00:00,55.7
2022-12-01 04:00:00,55.7
2022-12-01 05:00:00,55.7
2022-12-01 06:00:00,55.7
2022-12-01 07:00:00,55.7
2022-12-01 08:00:00,55.7
2022-12-01 09:00:00,55.7
2022-12-01 10:00:00,55.7
2022-12-01 11:00:00,55.7
2022-12-01 12:00:00,55.7
2022-12-01 13:00:00,55.7
2022-12-01 14:00:00,55.7
2022-12-01 15:00:00,55.7
2022-12-01 16:00:00,55.7
2022-12-01 17:00:00,55.7
2022-12-01 18:00:00,55.7
2022-12-01 19:00:00,55.7
2022-12-01 20:00:00,55.7
2022-12-01 21:00:00,55.7
2022-12-01 22:00:00,55.7
2022-12-01 23:00:00,55.7
2022-12-02 00:00:00,55.7
2022-12-02 01:00:00,55.7
2022-12-02 02:00:00,55.7
2022-12-02 03:00:00,55.7
2022-12-02 04:00:00,55.7
2022-12-02 05:00:00,55.7
2022-12-02 06:00:00,55.7
2022-12-02 07:00:00,55.7
2022-12-02 08:00:00,55.7
2022-12-02 09:00:00,55.7
2022-12-02 10:00:00,55.7
2022-12-02 11:00:00,55.7
2022-12-02 12:00:00,55.7
2022-12-02 13:00:00,55.7
2022-12-02 14:00:00,55.7
2022-12-02 15:00:00,55.7
2022-12-02 16:00:00,55.7
2022-12-02 17:00:00,55.7
2022-12-02 18:00:00,55.7
2022-12-02 19:00:00,55.7
2022-12-02 20:00:00,55.7
2022-12-02 21:00:00,55.7
2022-12-02 22:00:00,55.7
2022-12-02 23:00:00,55.7
2022-12-03 00:00:00,55.7
2022-12-03 01:00:00,55.7
2022-12-03 02:00:00,55.7
2022-12-03 03:00:00,55.7
2022-12-03 04:00:00,55.7
2022-12-03 05:00:00,55.7
2022-12-03 06:00:00,55.7
2022-12-03 07:00:00,55.7
2022-12-03 08:00:00,55.7
2022-12-03 09:00:00,55.7
2022-12-03 10:00:00,55.7
2022-12-03 11:00:00,55.7
2022-12-03 12:00:00,55.7
2022-12-03 13:00:00,55.7
2022-12-03 14:00:00,55.7
2022-12-03 15:00:00,55.7
2022-12-03 16:00:00,55.7
2022-12-03 17:00:00,55.7
2022-12-03 18:00:00,55.7
2022-12-03 19:00:00,55.7
2022-12-03 20:00:00,55.7
2022-12-03 21:00:00,55.7
2022-12-03 22:00:00,55.7
2022-12-03 23:00:00,55.7
2022-12-04 00:00:00,55.7
2022-12-04 01:00:00,55.7
2022-12-04 02:00:00,55.7
2022-12-04 03:00:00,55.7
2022-12-04 04:00:00,55.7
2022-12-04 05:00:00,55.7
2022-12-04 06:00:00,55.7
2022-12-04 07:00:00,55.7
2022-12-04 08:00:00,55.7
2022-12-04 09:00:00,55.7
2022-12-04 10:00:00,55.7
2022-12-04 11:00:00,55.7
2022-12-04 12:00:00,55.7
2022-12-04 13:00:00,55.7
2022-12-04 14:00:00,55.7
2022-12-04 15:00:00,55.7
2022-12-04 16:00:00,55.7
2022-12-04 17:00:00,55.7
2022-12-04 18:00:00,55.7
2022-12-04 19:00:00,55.7
2022-12-04 20:00:00,55.7
2022-12-04 21:00:00,55.7
2022-12-04 22:00:00,55.7
2022-12-04 23:00:00,55.7
2022-12-05 00:00:00,55.7
2022-12-05 01:00:00,55.7
2022-12-05 02:00:00,55.7
2022-12-05 03:00:00,55.7
2022-12-05 04:00:00,55.7
2022-12-05 05:00:00,55.7
2022-12-05 06:00:00,55.7
2022-12-05 07:00:00,55.7
2022-12-05 08:00:00,55.7
2022-12-05 09:00:00,55.7
2022-12-05 10:00:00,55.7
2022-12-05 11:00:00,55.7
2022-12-05 12:00:00,55.7
2022-12-05 13:00:00,55.7
2022-12-05 14:00:00,55.7
2022-12-05 15:00:00,55.7
2022-12-05 16:00:00,55.7
2022-12-05 17:00:00,55.7
2022-12-05 18:00:00,55.7
2022-12-05 19:00:00,55.7
2022-12-05 20:00:00,55.7
2022-12-05 21:00:00,55.7
2022-12-05 22:00:00,55.7
2022-12-05 23:00:00,55.7
2022-12-06 00:00:00,55.7
2022-12-06 01:00:00,55.7
2022-12-06 02:00:00,55.7
2022-12-06 03:00:00,55.7
2022-12-06 04:00:00,55.7
2022-12-06 05:00:00,55.7
2022-12-06 06:00:00,55.7
2022-12-06 07:00:00,55.7
2022-12-06 08:00:00,55.7
2022-12-06 09:00:00,55.7
2022-12-06 10:00:00,55.7
2022-12-06 11:00:00,55.7
2022-12-06 12:00:00,55.7
2022-12-06 13:00:00,55.7
2022-12-06 14:00:00,55.7
2022-12-06 15:00:00,55.7
2022-12-06 16:00:00,55.7
2022-12-06 17:00:00,55.7
2022-12-06 18:00:00,55.7
2022-12-06 19:00:00,55.7
2022-12-06 20:00:00,55.7
2022-12-06 21:00:00,55.7
2022-12-06 22:00:00,55.7
2022-12-06 23:00:00,55.7
2022-12-07 00:00:00,55.7
2022-12-07 01:00:00,55.7
2022-12-07 02:00:00,55.7
2022-12-07 03:00:00,55.7
2022-12-07 04:00:00,55.7
2022-12-07 05:00:00,55.7
2022-12-07 06:00:00,55.7
2022-12-07 07:00:00,55.7
2022-12-07 08:00:00,55.7
2022-12-07 09:00:00,55.7
2022-12-07 10:00:00,55.7
2022-12-07 11:00:00,55.7
2022-12-07 12:00:00,55.7
2022-12-07 13:00:00,55.7
2022-12-07 14:00:00,55.7
2022-12-07 15:00:00,55.7
2022-12-07 16:00:00,55.7
2022-12-07 17:00:00,55.7
2022-12-07 18:00:00,55.7
2022-12-07 19:00:00,55.7
2022-12-07 20:00:00,55.7
2022-12-07 21:00:00,55.7
2022-12-07 22:00:00,55.7
2022-12-07 23:00:00,55.7
2022-12-08 00:00:00,55.7
2022-12-08 01:00:00,55.7
2022-12-08 02:00:00,55.7
2022-12-08 03:00:00,55.7
2022-12-08 04:00:00,55.7
2022-12-08 05:00:00,55.7
2022-12-08 06:00:00,55.7
2022-12-08 07:00:00,55.7
2022-12-08 08:00:00,55.7
2022-12-08 09:00:00,55.7
2022-12-08 10:00:00,55.7
2022-12-08 11:00:00,55.7
2022-12-08 12:00:00,55.7
2022-12-08 13:00:00,55.7
2022-12-08 14:00:00,55.7
2022-12-08 15:00:00,55.7
2022-12-08 16:00:00,55.7
2022-12-08 17:00:00,55.7
2022-12-08 18:00:00,55.7
2022-12-08 19:00:00,55.7
2022-12-08 20:00:00,55.7
2022-12-08 21:00:00,55.7
2022-12-08 22:00:00,55.7
2022-12-08 23:00:00,55.7
2022-12-09 00:00:00,55.7
2022-12-09 01:00:00,55.7
2022-12-09 02:00:00,55.7
2022-12-09 03:00:00,55.7
2022-12-09 04:00:00,55.7
2022-12-09 05:00:00,55.7
2022-12-09 06:00:00,55.7
2022-12-09 07:00:00,55.7
2022-12-09 08:00:00,55.7
2022-12-09 09:00:00,55.7
2022-12-09 10:00:00,55.7
2022-12-09 11:00:00,55.7
2022-12-09 12:00:00,55.7
2022-12-09 13:00:00,55.7
2022-12-09 14:00:00,55.7
2022-12-09 15:00:00,55.7
2022-12-09 16:00:00,55.7
2022-12-09 17:00:00,55.7
2022-12-09 18:00:00,55.7
2022-12-09 19:00:00,55.7
2022-12-09 20:00:00,55.7
2022-12-09 21:00:00,55.7
2022-12-09 22:00:00,55.7
2022-12-09 23:00:00,55.7
2022-12-10 00:00:00,55.7
2022-12-10 01:00:00,55.7
2022-12-10 02:00:00,55.7
2022-12-10 03:00:00,55.7
2022-12-10 04:00:00,55.7
2022-12-10 05:00:00,55.7
2022-12-10 06:00:00,55.7
2022-12-10 07:00:00,55.7
2022-12-10 08:00:00,55.7
2022-12-10 09:00:00,55.7
2022-12-10 10:00:00,55.7
2022-12-10 11:00:00,55.7
2022-12-10 12:00:00,55.7
2022-12-10 13:00:00,55.7
2022-12-10 14:00:00,55.7
2022-12-10 15:00:00,55.7
2022-12-10 16:00:00,55.7
2022-12-10 17:00:00,55.7
2022-12-10 18:00:00,55.7
2022-12-10 19:00:00,55.7
2022-12-10 20:00:00,55.7
2022-12-10 21:00:00,55.7
2022-12-10 22:00:00,55.7
2022-12-10 23:00:00,55.7
2022-12-11 00:00:00,55.7
2022-12-11 01:00:00,55.7
2022-12-11 02:00:00,55.7
2022-12-11 03:00:00,55.7
2022-12-11 04:00:00,55.7
2022-12-11 05:00:00,55.7
2022-12-11 06:00:00,55.7
2022-12-11 07:00:00,55.7
2022-12-11 08:00:00,55.7
2022-12-11 09:00:00,55.7
2022-12-11 10:00:00,55.7
2022-12-11 11:00:00,55.7
2022-12-11 12:00:00,55.7
2022-12-11 13:00:00,55.7
2022-12-11 14:00:00,55.7
2022-12-11 15:00:00,55.7
2022-12-11 16:00:00,55.7
2022-12-11 17:00:00,55.7
2022-12-11 18:00:00,55.7
2022-12-11 19:00:00,55.7
2022-12-11 20:00:00,55.7
2022-12-11 21:00:00,55.7
2022-12-11 22:00:00,55.7
2022-12-11 23:00:00,55.7
2022-12-12 00:00:00,55.7
2022-12-12 01:00:00,55.7
2022-12-12 02:00:00,55.7
2022-12-12 03:00:00,55.7
2022-12-12 04:00:00,55.7
2022-12-12 05:00:00,55.7
2022-12-12 06:00:00,55.7
2022-12-12 07:00:00,55.7
2022-12-12 08:00:00,55.7
2022-12-12 09:00:00,55.7
2022-12-12 10:00:00,55.7
2022-12-12 11:00:00,55.7
2022-12-12 12:00:00,55.7
2022-12-12 13:00:00,55.7
2022-12-12 14:00:00,55.7
2022-12-12 15:00:00,55.7
2022-12-12 16:00:00,55.7
2022-12-12 17:00:00,55.7
2022-12-12 18:00:00,55.7
2022-12-12 19:00:00,55.7
2022-12-12 20:00:00,55.7
2022-12-12 21:00:00,55.7
2022-12-12 22:00:00,55.7
2022-12-12 23:00:00,55.7
2022-12-13 00:00:00,55.7
2022-12-13 01:00:00,55.7
2022-12-13 02:00:00,55.7
2022-12-13 03:00:00,55.7
2022-12-13 04:00:00,55.7
2022-12-13 05:00:00,55.7
2022-12-13 06:00:00,55.7
2022-12-13 07:00:00,55.7
2022-12-13 08:00:00,55.7
2022-12-13 09:00:00,55.7
2022-12-13 10:00:00,55.7
2022-12-13 11:00:00,55.7
2022-12-13 12:00:00,55.7
2022-12-13 13:00:00,55.7
2022-12-13 14:00:00,55.7
2022-12-13 15:00:00,55.7
2022-12-13 16:00:00,55.7
2022-12-13 17:00:00,55.7
2022-12-13 18:00:00,55.7
2022-12-13 19:00:00,55.7
2022-12-13 20:00:00,55.7
2022-12-13 21:00:00,55.7
2022-12-13 22:00:00,55.7
2022-12-13 23:00:00,55.7
2022-12-14 00:00:00,55.7
2022-12-14 01:00:00,55.7
2022-12-14 02:00:00,55.7
2022-12-14 03:00:00,55.7
2022-12-14 04:00:00,55.7
2022-12-14 05:00:00,55.7
2022-12-14 06:00:00,55.7
2022-12-14 07:00:00,55.7
2022-12-14 08:00:00,55.7
2022-12-14 09:00:00,55.7
2022-12-14 10:00:00,55.7
2022-12-14 11:00:00,55.7
2022-12-14 12:00:00,55.7
2022-12-14 13:00:00,55.7
2022-12-14 14:00:00,55.7
2022-12-14 15:00:00,55.7
2022-12-14 16:00:00,55.7
2022-12-14 17:00:00,55.7
2022-12-14 18:00:00,55.7
2022-12-14 19:00:00,55.7
2022-12-14 20:00:00,55.7
2022-12-14 21:00:00,55.7
2022-12-14 22:00:00,55.7
2022-12-14 23:00:00,55.7
2022-12-15 00:00:00,55.7
2022-12-15 01:00:00,55.7
2022-12-15 02:00:00,55.7
2022-12-15 03:00:00,55.7
2022-12-15 04:00:00,55.7
2022-12-15 05:00:00,55.7
2022-12-15 06:00:00,55.7
2022-12-15 07:00:00,55.7
2022-12-15 08:00:00,55.7
2022-12-15 09:00:00,55.7
2022-12-15 10:00:00,55.7
2022-12-15 11:00:00,55.7
2022-12-15 12:00:00,55.7
2022-12-15 13:00:00,55.7
2022-12-15 14:00:00,55.7
2022-12-15 15:00:00,55.7
2022-12-15 16:00:00,55.7
2022-12-15 17:00:00,55.7
2022-12-15 18:00:00,55.7
2022-12-15 19:00:00,55.7
2022-12-15 20:00:00,55.7
2022-12-15 21:00:00,55.7
2022-12-15 22:00:00,55.7
2022-12-15 23:00:00,55.7
2022-12-16 00:00:00,55.7
2022-12-16 01:00:00,55.7
2022-12-16 02:00:00,55.7
2022-12-16 03:00:00,55.7
2022-12-16 04:00:00,55.7
2022-12-16 05:00:00,55.7
2022-12-16 06:00:00,55.7
2022-12-16 07:00:00,55.7
2022-12-16 08:00:00,55.7
2022-12-16 09:00:00,55.7
2022-12-16 10:00:00,55.7
2022-12-16 11:00:00,55.7
2022-12-16 12:00:00,55.7
2022-12-16 13:00:00,55.7
2022-12-16 14:00:00,55.7
2022-12-16 15:00:00,55.7
2022-12-16 16:00:00,55.7
2022-12-16 17:00:00,55.7
2022-12-16 18:00:00,55.7
2022-12-16 19:00:00,55.7
2022-12-16 20:00:00,55.7
2022-12-16 21:00:00,55.7
2022-12-16 22:00:00,55.7
2022-12-16 23:00:00,55.7
2022-12-17 00:00:00,55.7
2022-12-17 01:00:00,55.7
2022-12-17 02:00:00,55.7
2022-12-17 03:00:00,55.7
2022-12-17 04:00:00,55.7
2022-12-17 05:00:00,55.7
2022-12-17 06:00:00,55.7
2022-12-17 07:00:00,55.7
2022-12-17 08:00:00,55.7
2022-12-17 09:00:00,55.7
2022-12-17 10:00:00,55.7
2022-12-17 11:00:00,55.7
2022-12-17 12:00:00,55.7
2022-12-17 13:00:00,55.7
2022-12-17 14:00:00,55.7
2022-12-17 15:00:00,55.7
2022-12-17 16:00:00,55.7
2022-12-17 17:00:00,55.7
2022-12-17 18:00:00,55.7
2022-12-17 19:00:00,55.7
2022-12-17 20:00:00,55.7
2022-12-17 21:00:00,55.7
2022-12-17 22:00:00,55.7
2022-12-17 23:00:00,55.7
2022-12-18 00:00:00,55.7
2022-12-18 01:00:00,55.7
2022-12-18 02:00:00,55.7
2022-12-18 03:00:00,55.7
2022-12-18 04:00:00,55.7
2022-12-18 05:00:00,55.7
2022-12-18 06:00:00,55.7
2022-12-18 07:00:00,55.7
2022-12-18 08:00:00,55.7
2022-12-18 09:00:00,55.7
2022-12-18 10:00:00,55.7
2022-12-18 11:00:00,55.7
2022-12-18 12:00:00,55.7
2022-12-18 13:00:00,55.7
2022-12-18 14:00:00,55.7
2022-12-18 15:00:00,55.7
2022-12-18 16:00:00,55.7
2022-12-18 17:00:00,55.7
2022-12-18 18:00:00,55.7
2022-12-18 19:00:00,55.7
2022-12-18 20:00:00,55.7
2022-12-18 21:00:00,55.7
2022-12-18 22:00:00,55.7
2022-12-18 23:00:00,55.7
2022-12-19 00:00:00,55.7
2022-12-19 01:00:00,55.7
2022-12-19 02:00:00,55.7
2022-12-19 03:00:00,55.7
2022-12-19 04:00:00,55.7
2022-12-19 05:00:00,55.7
2022-12-19 06:00:00,55.7
2022-12-19 07:00:00,55.7
2022-12-19 08:00:00,55.7
2022-12-19 09:00:00,55.7
2022-12-19 10:00:00,55.7
2022-12-19 11:00:00,55.7
2022-12-19 12:00:00,55.7
2022-12-19 13:00:00,55.7
2022-12-19 14:00:00,55.7
2022-12-19 15:00:00,55.7
2022-12-19 16:00:00,55.7
2022-12-19 17:00:00,55.7
2022-12-19 18:00:00,55.7
2022-12-19 19:00:00,55.7
2022-12-19 20:00:00,55.7
2022-12-19 21:00:00,55.7
2022-12-19 22:00:00,55.7
2022-12-19 23:00:00,55.7
2022-12-20 00:00:00,55.7
2022-12-20 01:00:00,55.7
2022-12-20 02:00:00,55.7
2022-12-20 03:00:00,55.7
2022-12-20 04:00:00,55.7
2022-12-20 05:00:00,55.7
2022-12-20 06:00:00,55.7
2022-12-20 07:00:00,55.7
2022-12-20 08:00:00,55.7
2022-12-20 09:00:00,55.7
2022-12-20 10:00:00,55.7
2022-12-20 11:00:00,55.7
2022-12-20 12:00:00,55.7
2022-12-20 13:00:00,55.7
2022-12-20 14:00:00,55.7
2022-12-20 15:00:00,55.7
2022-12-20 16:00:00,55.7
2022-12-20 17:00:00,55.7
2022-12-20 18:00:00,55.7
2022-12-20 19:00:00,55.7
2022-12-20 20:00:00,55.7
2022-12-20 21:00:00,55.7
2022-12-20 22:00:00,55.7
2022-12-20 23:00:00,55.7
2022-12-21 00:00:00,55.7
2022-12-21 01:00:00,55.7
2022-12-21 02:00:00,55.7
2022-12-21 03:00:00,55.7
2022-12-21 04:00:00,55.7
2022-12-21 05:00:00,55.7
2022-12-21 06:00:00,55.7
2022-12-21 07:00:00,55.7
2022-12-21 08:00:00,55.7
2022-12-21 09:00:00,55.7
2022-12-21 10:00:00,55.7
2022-12-21 11:00:00,55.7
2022-12-21 12:00:00,55.7
2022-12-21 13:00:00,55.7
2022-12-21 14:00:00,55.7
2022-12-21 15:00:00,55.7
2022-12-21 16:00:00,55.7
2022-12-21 17:00:00,55.7
2022-12-21 18:00:00,55.7
2022-12-21 19:00:00,55.7
2022-12-21 20:00:00,55.7
2022-12-21 21:00:00,55.7
2022-12-21 22:00:00,55.7
2022-12-21 23:00:00,55.7
2022-12-22 00:00:00,55.7
2022-12-22 01:00:00,55.7
2022-12-22 02:00:00,55.7
2022-12-22 03:00:00,55.7
2022-12-22 04:00:00,55.7
2022-12-22 05:00:00,55.7
2022-12-22 06:00:00,55.7
2022-12-22 07:00:00,55.7
2022-12-22 08:00:00,55.7
2022-12-22 09:00:00,55.7
2022-12-22 10:00:00,55.7
2022-12-22 11:00:00,55.7
2022-12-22 12:00:00,55.7
2022-12-22 13:00:00,55.7
2022-12-22 14:00:00,55.7
2022-12-22 15:00:00,55.7
2022-12-22 16:00:00,55.7
2022-12-22 17:00:00,55.7
2022-12-22 18:00:00,55.7
2022-12-22 19:00:00,55.7
2022-12-22 20:00:00,55.7
2022-12-22 21:00:00,55.7
2022-12-22 22:00:00,55.7
2022-12-22 23:00:00,55.7
2022-12-23 00:00:00,55.7
2022-12-23 01:00:00,55.7
2022-12-23 02:00:00,55.7
2022-12-23 03:00:00,55.7
2022-12-23 04:00:00,55.7
2022-12-23 05:00:00,55.7
2022-12-23 06:00:00,55.7
2022-12-23 07:00:00,55.7
2022-12-23 08:00:00,55.7
2022-12-23 09:00:00,55.7
2022-12-23 10:00:00,55.7
2022-12-23 11:00:00,55.7
2022-12-23 12:00:00,55.7
2022-12-23 13:00:00,55.7
2022-12-23 14:00:00,55.7
2022-12-23 15:00:00,55.7
2022-12-23 16:00:00,55.7
2022-12-23 17:00:00,55.7
2022-12-23 18:00:00,55.7
2022-12-23 19:00:00,55.7
2022-12-23 20:00:00,55.7
2022-12-23 21:00:00,55.7
2022-12-23 22:00:00,55.7
2022-12-23 23:00:00,55.7
2022-12-24 00:00:00,55.7
2022-12-24 01:00:00,55.7
2022-12-24 02:00:00,55.7
2022-12-24 03:00:00,55.7
2022-12-24 04:00:00,55.7
2022-12-24 05:00:00,55.7
2022-12-24 06:00:00,55.7
2022-12-24 07:00:00,55.7
2022-12-24 08:00:00,55.7
2022-12-24 09:00:00,55.7
2022-12-24 10:00:00,55.7
2022-12-24 11:00:00,55.7
2022-12-24 12:00:00,55.7
2022-12-24 13:00:00,55.7
2022-12-24 14:00:00,55.7
2022-12-24 15:00:00,55.7
2022-12-24 16:00:00,55.7
2022-12-24 17:00:00,55.7
2022-12-24 18:00:00,55.7
2022-12-24 19:00:00,55.7
2022-12-24 20:00:00,55.7
2022-12-24 21:00:00,55.7
2022-12-24 22:00:00,55.7
2022-12-24 23:00:00,55.7
2022-12-25 00:00:00,55.7
2022-12-25 01:00:00,55.7
2022-12-25 02:00:00,55.7
2022-12-25 03:00:00,55.7
2022-12-25 04:00:00,55.7
2022-12-25 05:00:00,55.7
2022-12-25 06:00:00,55.7
2022-12-25 07:00:00,55.7
2022-12-25 08:00:00,55.7
2022-12-25 09:00:00,55.7
2022-12-25 10:00:00,55.7
2022-12-25 11:00:00,55.7
2022-12-25 12:00:00,55.7
2022-12-25 13:00:00,55.7
2022-12-25 14:00:00,55.7
2022-12-25 15:00:00,55.7
2022-12-25 16:00:00,55.7
2022-12-25 17:00:00,55.7
2022-12-25 18:00:00,55.7
2022-12-25 19:00:00,55.7
2022-12-25 20:00:00,55.7
2022-12-25 21:00:00,55.7
2022-12-25 22:00:00,55.7
2022-12-25 23:00:00,55.7
2022-12-26 00:00:00,55.7
2022-12-26 01:00:00,55.7
2022-12-26 02:00:00,55.7
2022-12-26 03:00:00,55.7
2022-12-26 04:00:00,55.7
2022-12-26 05:00:00,55.7
2022-12-26 06:00:00,55.7
2022-12-26 07:00:00,55.7
2022-12-26 08:00:00,55.7
2022-12-26 09:00:00,55.7
2022-12-26 10:00:00,55.7
2022-12-26 11:00:00,55.7
2022-12-26 12:00:00,55.7
2022-12-26 13:00:00,55.7
2022-12-26 14:00:00,55.7
2022-12-26 15:00:00,55.7
2022-12-26 16:00:00,55.7
2022-12-26 17:00:00,55.7
2022-12-26 18:00:00,55.7
2022-12-26 19:00:00,55.7
2022-12-26 20:00:00,55.7
2022-12-26 21:00:00,55.7
2022-12-26 22:00:00,55.7
2022-12-26 23:00:00,55.7
2022-12-27 00:00:00,55.7
2022-12-27 01:00:00,55.7
2022-12-27 02:00:00,55.7
2022-12-27 03:00:00,55.7
2022-12-27 04:00:00,55.7
2022-12-27 05:00:00,55.7
2022-12-27 06:00:00,55.7
2022-12-27 07:00:00,55.7
2022-12-27 08:00:00,55.7
2022-12-27 09:00:00,55.7
2022-12-27 10:00:00,55.7
2022-12-27 11:00:00,55.7
2022-12-27 12:00:00,55.7
2022-12-27 13:00:00,55.7
2022-12-27 14:00:00,55.7
2022-12-27 15:00:00,55.7
2022-12-27 16:00:00,55.7
2022-12-27 17:00:00,55.7
2022-12-27 18:00:00,55.7
2022-12-27 19:00:00,55.7
2022-12-27 20:00:00,55.7
2022-12-27 21:00:00,55.7
2022-12-27 22:00:00,55.7
2022-12-27 23:00:00,55.7
2022-12-28 00:00:00,55.7
2022-12-28 01:00:00,55.7
2022-12-28 02:00:00,55.7
2022-12-28 03:00:00,55.7
2022-12-28 04:00:00,55.7
2022-12-28 05:00:00,55.7
2022-12-28 06:00:00,55.7
2022-12-28 07:00:00,55.7
2022-12-28 08:00:00,55.7
2022-12-28 09:00:00,55.7
2022-12-28 10:00:00,55.7
2022-12-28 11:00:00,55.7
2022-12-28 12:00:00,55.7
2022-12-28 13:00:00,55.7
2022-12-28 14:00:00,55.7
2022-12-28 15:00:00,55.7
2022-12-28 16:00:00,55.7
2022-12-28 17:00:00,55.7
2022-12-28 18:00:00,55.7
2022-12-28 19:00:00,55.7
2022-12-28 20:00:00,55.7
2022-12-28 21:00:00,55.7
2022-12-28 22:00:00,55.7
2022-12-28 23:00:00,55.7
2022-12-29 00:00:00,55.7
2022-12-29 01:00:00,55.7
2022-12-29 02:00:00,55.7
2022-12-29 03:00:00,55.7
2022-12-29 04:00:00,55.7
2022-12-29 05:00:00,55.7
2022-12-29 06:00:00,55.7
2022-12-29 07:00:00,55.7
2022-12-29 08:00:00,55.7
2022-12-29 09:00:00,55.7
2022-12-29 10:00:00,55.7
2022-12-29 11:00:00,55.7
2022-12-29 12:00:00,55.7
2022-12-29 13:00:00,55.7
2022-12-29 14:00:00,55.7
2022-12-29 15:00:00,55.7
2022-12-29 16:00:00,55.7
2022-12-29 17:00:00,55.7
2022-12-29 18:00:00,55.7
2022-12-29 19:00:00,55.7
2022-12-29 20:00:00,55.7
2022-12-29 21:00:00,55.7
2022-12-29 22:00:00,55.7
2022-12-29 23:00:00,55.7
2022-12-30 00:00:00,55.7
2022-12-30 01:00:00,55.7
2022-12-30 02:00:00,55.7
2022-12-30 03:00:00,55.7
2022-12-30 04:00:00,55.7
2022-12-30 05:00:00,55.7
2022-12-30 06:00:00,55.7
2022-12-30 07:00:00,55.7
2022-12-30 08:00:00,55.7
2022-12-30 09:00:00,55.7
2022-12-30 10:00:00,55.7
2022-12-30 11:00:00,55.7
2022-12-30 12:00:00,55.7
2022-12-30 13:00:00,55.7
2022-12-30 14:00:00,55.7
2022-12-30 15:00:00,55.7
2022-12-30 16:00:00,55.7
2022-12-30 17:00:00,55.7
2022-12-30 18:00:00,55.7
2022-12-30 19:00:00,55.7
2022-12-30 20:00:00,55.7
2022-12-30 21:00:00,55.7
2022-12-30 22:00:00,55.7
2022-12-30 23:00:00,55.7
2022-12-31 00:00:00,55.7
2022-12-31 01:00:00,55.7
2022-12-31 02:00:00,55.7
2022-12-31 03:00:00,55.7
2022-12-31 04:00:00,55.7
2022-12-31 05:00:00,55.7
2022-12-31 06:00:00,55.7
2022-12-31 07:00:00,55.7
2022-12-31 08:00:00,55.7
2022-12-31 09:00:00,55.7
2022-12-31 10:00:00,55.7
2022-12-31 11:00:00,55.7
2022-12-31 12:00:00,55.7
2022-12-31 13:00:00,55.7
2022-12-31 14:00:00,55.7
2022-12-31 15:00:00,55.7
2022-12-31 16:00:00,55.7
2022-12-31 17:00:00,55.7
2022-12-31 18:00:00,55.7
2022-12-31 19:00:00,55.7
2022-12-31 20:00:00,55.7
2022-12-31 21:00:00,55.7
2022-12-31 22:00:00,55.7
2022-12-31 23:00:00,55.7
2023-01-01 00:00:00,69.04
2023-01-01 01:00:00,69.04
2023-01-01 02:00:00,69.04
2023-01-01 03:00:00,69.04
2023-01-01 04:00:00,69.04
2023-01-01 05:00:00,69.04
2023-01-01 06:00:00,69.04
2023-01-01 07:00:00,69.04
2023-01-01 08:00:00,69.04
2023-01-01 09:00:00,69.04
2023-01-01 10:00:00,69.04
2023-01-01 11:00:00,69.04
2023-01-01 12:00:00,69.04
2023-01-01 13:00:00,69.04
2023-01-01 14:00:00,69.04
2023-01-01 15:00:00,69.04
2023-01-01 16:00:00,69.04
2023-01-01 17:00:00,69.04
2023-01-01 18:00:00,69.04
2023-01-01 19:00:00,69.04
2023-01-01 20:00:00,69.04
2023-01-01 21:00:00,69.04
2023-01-01 22:00:00,69.04
2023-01-01 23:00:00,69.04
2023-01-02 00:00:00,69.04
2023-01-02 01:00:00,69.04
2023-01-02 02:00:00,69.04
2023-01-02 03:00:00,69.04
2023-01-02 04:00:00,69.04
2023-01-02 05:00:00,69.04
2023-01-02 06:00:00,69.04
2023-01-02 07:00:00,69.04
2023-01-02 08:00:00,69.04
2023-01-02 09:00:00,69.04
2023-01-02 10:00:00,69.04
2023-01-02 11:00:00,69.04
2023-01-02 12:00:00,69.04
2023-01-02 13:00:00,69.04
2023-01-02 14:00:00,69.04
2023-01-02 15:00:00,69.04
2023-01-02 16:00:00,69.04
2023-01-02 17:00:00,69.04
2023-01-02 18:00:00,69.04
2023-01-02 19:00:00,69.04
2023-01-02 20:00:00,69.04
2023-01-02 21:00:00,69.04
2023-01-02 22:00:00,69.04
2023-01-02 23:00:00,69.04
2023-01-03 00:00:00,69.04
2023-01-03 01:00:00,69.04
2023-01-03 02:00:00,69.04
2023-01-03 03:00:00,69.04
2023-01-03 04:00:00,69.04
2023-01-03 05:00:00,69.04
2023-01-03 06:00:00,69.04
2023-01-03 07:00:00,69.04
2023-01-03 08:00:00,69.04
2023-01-03 09:00:00,69.04
2023-01-03 10:00:00,69.04
2023-01-03 11:00:00,69.04
2023-01-03 12:00:00,69.04
2023-01-03 13:00:00,69.04
2023-01-03 14:00:00,69.04
2023-01-03 15:00:00,69.04
2023-01-03 16:00:00,69.04
2023-01-03 17:00:00,69.04
2023-01-03 18:00:00,69.04
2023-01-03 19:00:00,69.04
2023-01-03 20:00:00,69.04
2023-01-03 21:00:00,69.04
2023-01-03 22:00:00,69.04
2023-01-03 23:00:00,69.04
2023-01-04 00:00:00,69.04
2023-01-04 01:00:00,69.04
2023-01-04 02:00:00,69.04
2023-01-04 03:00:00,69.04
2023-01-04 04:00:00,69.04
2023-01-04 05:00:00,69.04
2023-01-04 06:00:00,69.04
2023-01-04 07:00:00,69.04
2023-01-04 08:00:00,69.04
2023-01-04 09:00:00,69.04
2023-01-04 10:00:00,69.04
2023-01-04 11:00:00,69.04
2023-01-04 12:00:00,69.04
2023-01-04 13:00:00,69.04
2023-01-04 14:00:00,69.04
2023-01-04 15:00:00,69.04
2023-01-04 16:00:00,69.04
2023-01-04 17:00:00,69.04
2023-01-04 18:00:00,69.04
2023-01-04 19:00:00,69.04
2023-01-04 20:00:00,69.04
2023-01-04 21:00:00,69.04
2023-01-04 22:00:00,69.04
2023-01-04 23:00:00,69.04
2023-01-05 00:00:00,69.04
2023-01-05 01:00:00,69.04
2023-01-05 02:00:00,69.04
2023-01-05 03:00:00,69.04
2023-01-05 04:00:00,69.04
2023-01-05 05:00:00,69.04
2023-01-05 06:00:00,69.04
2023-01-05 07:00:00,69.04
2023-01-05 08:00:00,69.04
2023-01-05 09:00:00,69.04
2023-01-05 10:00:00,69.04
2023-01-05 11:00:00,69.04
2023-01-05 12:00:00,69.04
2023-01-05 13:00:00,69.04
2023-01-05 14:00:00,69.04
2023-01-05 15:00:00,69.04
2023-01-05 16:00:00,69.04
2023-01-05 17:00:00,69.04
2023-01-05 18:00:00,69.04
2023-01-05 19:00:00,69.04
2023-01-05 20:00:00,69.04
2023-01-05 21:00:00,69.04
2023-01-05 22:00:00,69.04
2023-01-05 23:00:00,69.04
2023-01-06 00:00:00,69.04
2023-01-06 01:00:00,69.04
2023-01-06 02:00:00,69.04
2023-01-06 03:00:00,69.04
2023-01-06 04:00:00,69.04
2023-01-06 05:00:00,69.04
2023-01-06 06:00:00,69.04
2023-01-06 07:00:00,69.04
2023-01-06 08:00:00,69.04
2023-01-06 09:00:00,69.04
2023-01-06 10:00:00,69.04
2023-01-06 11:00:00,69.04
2023-01-06 12:00:00,69.04
2023-01-06 13:00:00,69.04
2023-01-06 14:00:00,69.04
2023-01-06 15:00:00,69.04
2023-01-06 16:00:00,69.04
2023-01-06 17:00:00,69.04
2023-01-06 18:00:00,69.04
2023-01-06 19:00:00,69.04
2023-01-06 20:00:00,69.04
2023-01-06 21:00:00,69.04
2023-01-06 22:00:00,69.04
2023-01-06 23:00:00,69.04
2023-01-07 00:00:00,69.04
2023-01-07 01:00:00,69.04
2023-01-07 02:00:00,69.04
2023-01-07 03:00:00,69.04
2023-01-07 04:00:00,69.04
2023-01-07 05:00:00,69.04
2023-01-07 06:00:00,69.04
2023-01-07 07:00:00,69.04
2023-01-07 08:00:00,69.04
2023-01-07 09:00:00,69.04
2023-01-07 10:00:00,69.04
2023-01-07 11:00:00,69.04
2023-01-07 12:00:00,69.04
2023-01-07 13:00:00,69.04
2023-01-07 14:00:00,69.04
2023-01-07 15:00:00,69.04
2023-01-07 16:00:00,69.04
2023-01-07 17:00:00,69.04
2023-01-07 18:00:00,69.04
2023-01-07 19:00:00,69.04
2023-01-07 20:00:00,69.04
2023-01-07 21:00:00,69.04
2023-01-07 22:00:00,69.04
2023-01-07 23:00:00,69.04
2023-01-08 00:00:00,69.04
2023-01-08 01:00:00,69.04
2023-01-08 02:00:00,69.04
2023-01-08 03:00:00,69.04
2023-01-08 04:00:00,69.04
2023-01-08 05:00:00,69.04
2023-01-08 06:00:00,69.04
2023-01-08 07:00:00,69.04
2023-01-08 08:00:00,69.04
2023-01-08 09:00:00,69.04
2023-01-08 10:00:00,69.04
2023-01-08 11:00:00,69.04
2023-01-08 12:00:00,69.04
2023-01-08 13:00:00,69.04
2023-01-08 14:00:00,69.04
2023-01-08 15:00:00,69.04
2023-01-08 16:00:00,69.04
2023-01-08 17:00:00,69.04
2023-01-08 18:00:00,69.04
2023-01-08 19:00:00,69.04
2023-01-08 20:00:00,69.04
2023-01-08 21:00:00,69.04
2023-01-08 22:00:00,69.04
2023-01-08 23:00:00,69.04
2023-01-09 00:00:00,69.04
2023-01-09 01:00:00,69.04
2023-01-09 02:00:00,69.04
2023-01-09 03:00:00,69.04
2023-01-09 04:00:00,69.04
2023-01-09 05:00:00,69.04
2023-01-09 06:00:00,69.04
2023-01-09 07:00:00,69.04
2023-01-09 08:00:00,69.04
2023-01-09 09:00:00,69.04
2023-01-09 10:00:00,69.04
2023-01-09 11:00:00,69.04
2023-01-09 12:00:00,69.04
2023-01-09 13:00:00,69.04
2023-01-09 14:00:00,69.04
2023-01-09 15:00:00,69.04
2023-01-09 16:00:00,69.04
2023-01-09 17:00:00,69.04
2023-01-09 18:00:00,69.04
2023-01-09 19:00:00,69.04
2023-01-09 20:00:00,69.04
2023-01-09 21:00:00,69.04
2023-01-09 22:00:00,69.04
2023-01-09 23:00:00,69.04
2023-01-10 00:00:00,69.04
2023-01-10 01:00:00,69.04
2023-01-10 02:00:00,69.04
2023-01-10 03:00:00,69.04
2023-01-10 04:00:00,69.04
2023-01-10 05:00:00,69.04
2023-01-10 06:00:00,69.04
2023-01-10 07:00:00,69.04
2023-01-10 08:00:00,69.04
2023-01-10 09:00:00,69.04
2023-01-10 10:00:00,69.04
2023-01-10 11:00:00,69.04
2023-01-10 12:00:00,69.04
2023-01-10 13:00:00,69.04
2023-01-10 14:00:00,69.04
2023-01-10 15:00:00,69.04
2023-01-10 16:00:00,69.04
2023-01-10 17:00:00,69.04
2023-01-10 18:00:00,69.04
2023-01-10 19:00:00,69.04
2023-01-10 20:00:00,69.04
2023-01-10 21:00:00,69.04
2023-01-10 22:00:00,69.04
2023-01-10 23:00:00,69.04
2023-01-11 00:00:00,69.04
2023-01-11 01:00:00,69.04
2023-01-11 02:00:00,69.04
2023-01-11 03:00:00,69.04
2023-01-11 04:00:00,69.04
2023-01-11 05:00:00,69.04
2023-01-11 06:00:00,69.04
2023-01-11 07:00:00,69.04
2023-01-11 08:00:00,69.04
2023-01-11 09:00:00,69.04
2023-01-11 10:00:00,69.04
2023-01-11 11:00:00,69.04
2023-01-11 12:00:00,69.04
2023-01-11 13:00:00,69.04
2023-01-11 14:00:00,69.04
2023-01-11 15:00:00,69.04
2023-01-11 16:00:00,69.04
2023-01-11 17:00:00,69.04
2023-01-11 18:00:00,69.04
2023-01-11 19:00:00,69.04
2023-01-11 20:00:00,69.04
2023-01-11 21:00:00,69.04
2023-01-11 22:00:00,69.04
2023-01-11 23:00:00,69.04
2023-01-12 00:00:00,69.04
2023-01-12 01:00:00,69.04
2023-01-12 02:00:00,69.04
2023-01-12 03:00:00,69.04
2023-01-12 04:00:00,69.04
2023-01-12 05:00:00,69.04
2023-01-12 06:00:00,69.04
2023-01-12 07:00:00,69.04
2023-01-12 08:00:00,69.04
2023-01-12 09:00:00,69.04
2023-01-12 10:00:00,69.04
2023-01-12 11:00:00,69.04
2023-01-12 12:00:00,69.04
2023-01-12 13:00:00,69.04
2023-01-12 14:00:00,69.04
2023-01-12 15:00:00,69.04
2023-01-12 16:00:00,69.04
2023-01-12 17:00:00,69.04
2023-01-12 18:00:00,69.04
2023-01-12 19:00:00,69.04
2023-01-12 20:00:00,69.04
2023-01-12 21:00:00,69.04
2023-01-12 22:00:00,69.04
2023-01-12 23:00:00,69.04
2023-01-13 00:00:00,69.04
2023-01-13 01:00:00,69.04
2023-01-13 02:00:00,69.04
2023-01-13 03:00:00,69.04
2023-01-13 04:00:00,69.04
2023-01-13 05:00:00,69.04
2023-01-13 06:00:00,69.04
2023-01-13 07:00:00,69.04
2023-01-13 08:00:00,69.04
2023-01-13 09:00:00,69.04
2023-01-13 10:00:00,69.04
2023-01-13 11:00:00,69.04
2023-01-13 12:00:00,69.04
2023-01-13 13:00:00,69.04
2023-01-13 14:00:00,69.04
2023-01-13 15:00:00,69.04
2023-01-13 16:00:00,69.04
2023-01-13 17:00:00,69.04
2023-01-13 18:00:00,69.04
2023-01-13 19:00:00,69.04
2023-01-13 20:00:00,69.04
2023-01-13 21:00:00,69.04
2023-01-13 22:00:00,69.04
2023-01-13 23:00:00,69.04
2023-01-14 00:00:00,69.04
2023-01-14 01:00:00,69.04
2023-01-14 02:00:00,69.04
2023-01-14 03:00:00,69.04
2023-01-14 04:00:00,69.04
2023-01-14 05:00:00,69.04
2023-01-14 06:00:00,69.04
2023-01-14 07:00:00,69.04
2023-01-14 08:00:00,69.04
2023-01-14 09:00:00,69.04
2023-01-14 10:00:00,69.04
2023-01-14 11:00:00,69.04
2023-01-14 12:00:00,69.04
2023-01-14 13:00:00,69.04
2023-01-14 14:00:00,69.04
2023-01-14 15:00:00,69.04
2023-01-14 16:00:00,69.04
2023-01-14 17:00:00,69.04
2023-01-14 18:00:00,69.04
2023-01-14 19:00:00,69.04
2023-01-14 20:00:00,69.04
2023-01-14 21:00:00,69.04
2023-01-14 22:00:00,69.04
2023-01-14 23:00:00,69.04
2023-01-15 00:00:00,69.04
2023-01-15 01:00:00,69.04
2023-01-15 02:00:00,69.04
2023-01-15 03:00:00,69.04
2023-01-15 04:00:00,69.04
2023-01-15 05:00:00,69.04
2023-01-15 06:00:00,69.04
2023-01-15 07:00:00,69.04
2023-01-15 08:00:00,69.04
2023-01-15 09:00:00,69.04
2023-01-15 10:00:00,69.04
2023-01-15 11:00:00,69.04
2023-01-15 12:00:00,69.04
2023-01-15 13:00:00,69.04
2023-01-15 14:00:00,69.04
2023-01-15 15:00:00,69.04
2023-01-15 16:00:00,69.04
2023-01-15 17:00:00,69.04
2023-01-15 18:00:00,69.04
2023-01-15 19:00:00,69.04
2023-01-15 20:00:00,69.04
2023-01-15 21:00:00,69.04
2023-01-15 22:00:00,69.04
2023-01-15 23:00:00,69.04
2023-01-16 00:00:00,69.04
2023-01-16 01:00:00,69.04
2023-01-16 02:00:00,69.04
2023-01-16 03:00:00,69.04
2023-01-16 04:00:00,69.04
2023-01-16 05:00:00,69.04
2023-01-16 06:00:00,69.04
2023-01-16 07:00:00,69.04
2023-01-16 08:00:00,69.04
2023-01-16 09:00:00,69.04
2023-01-16 10:00:00,69.04
2023-01-16 11:00:00,69.04
2023-01-16 12:00:00,69.04
2023-01-16 13:00:00,69.04
2023-01-16 14:00:00,69.04
2023-01-16 15:00:00,69.04
2023-01-16 16:00:00,69.04
2023-01-16 17:00:00,69.04
2023-01-16 18:00:00,69.04
2023-01-16 19:00:00,69.04
2023-01-16 20:00:00,69.04
2023-01-16 21:00:00,69.04
2023-01-16 22:00:00,69.04
2023-01-16 23:00:00,69.04
2023-01-17 00:00:00,69.04
2023-01-17 01:00:00,69.04
2023-01-17 02:00:00,69.04
2023-01-17 03:00:00,69.04
2023-01-17 04:00:00,69.04
2023-01-17 05:00:00,69.04
2023-01-17 06:00:00,69.04
2023-01-17 07:00:00,69.04
2023-01-17 08:00:00,69.04
2023-01-17 09:00:00,69.04
2023-01-17 10:00:00,69.04
2023-01-17 11:00:00,69.04
2023-01-17 12:00:00,69.04
2023-01-17 13:00:00,69.04
2023-01-17 14:00:00,69.04
2023-01-17 15:00:00,69.04
2023-01-17 16:00:00,69.04
2023-01-17 17:00:00,69.04
2023-01-17 18:00:00,69.04
2023-01-17 19:00:00,69.04
2023-01-17 20:00:00,69.04
2023-01-17 21:00:00,69.04
2023-01-17 22:00:00,69.04
2023-01-17 23:00:00,69.04
2023-01-18 00:00:00,69.04
2023-01-18 01:00:00,69.04
2023-01-18 02:00:00,69.04
2023-01-18 03:00:00,69.04
2023-01-18 04:00:00,69.04
2023-01-18 05:00:00,69.04
2023-01-18 06:00:00,69.04
2023-01-18 07:00:00,69.04
2023-01-18 08:00:00,69.04
2023-01-18 09:00:00,69.04
2023-01-18 10:00:00,69.04
2023-01-18 11:00:00,69.04
2023-01-18 12:00:00,69.04
2023-01-18 13:00:00,69.04
2023-01-18 14:00:00,69.04
2023-01-18 15:00:00,69.04
2023-01-18 16:00:00,69.04
2023-01-18 17:00:00,69.04
2023-01-18 18:00:00,69.04
2023-01-18 19:00:00,69.04
2023-01-18 20:00:00,69.04
2023-01-18 21:00:00,69.04
2023-01-18 22:00:00,69.04
2023-01-18 23:00:00,69.04
2023-01-19 00:00:00,69.04
2023-01-19 01:00:00,69.04
2023-01-19 02:00:00,69.04
2023-01-19 03:00:00,69.04
2023-01-19 04:00:00,69.04
2023-01-19 05:00:00,69.04
2023-01-19 06:00:00,69.04
2023-01-19 07:00:00,69.04
2023-01-19 08:00:00,69.04
2023-01-19 09:00:00,69.04
2023-01-19 10:00:00,69.04
2023-01-19 11:00:00,69.04
2023-01-19 12:00:00,69.04
2023-01-19 13:00:00,69.04
2023-01-19 14:00:00,69.04
2023-01-19 15:00:00,69.04
2023-01-19 16:00:00,69.04
2023-01-19 17:00:00,69.04
2023-01-19 18:00:00,69.04
2023-01-19 19:00:00,69.04
2023-01-19 20:00:00,69.04
2023-01-19 21:00:00,69.04
2023-01-19 22:00:00,69.04
2023-01-19 23:00:00,69.04
2023-01-20 00:00:00,69.04
2023-01-20 01:00:00,69.04
2023-01-20 02:00:00,69.04
2023-01-20 03:00:00,69.04
2023-01-20 04:00:00,69.04
2023-01-20 05:00:00,69.04
2023-01-20 06:00:00,69.04
2023-01-20 07:00:00,69.04
2023-01-20 08:00:00,69.04
2023-01-20 09:00:00,69.04
2023-01-20 10:00:00,69.04
2023-01-20 11:00:00,69.04
2023-01-20 12:00:00,69.04
2023-01-20 13:00:00,69.04
2023-01-20 14:00:00,69.04
2023-01-20 15:00:00,69.04
2023-01-20 16:00:00,69.04
2023-01-20 17:00:00,69.04
2023-01-20 18:00:00,69.04
2023-01-20 19:00:00,69.04
2023-01-20 20:00:00,69.04
2023-01-20 21:00:00,69.04
2023-01-20 22:00:00,69.04
2023-01-20 23:00:00,69.04
2023-01-21 00:00:00,69.04
2023-01-21 01:00:00,69.04
2023-01-21 02:00:00,69.04
2023-01-21 03:00:00,69.04
2023-01-21 04:00:00,69.04
2023-01-21 05:00:00,69.04
2023-01-21 06:00:00,69.04
2023-01-21 07:00:00,69.04
2023-01-21 08:00:00,69.04
2023-01-21 09:00:00,69.04
2023-01-21 10:00:00,69.04
2023-01-21 11:00:00,69.04
2023-01-21 12:00:00,69.04
2023-01-21 13:00:00,69.04
2023-01-21 14:00:00,69.04
2023-01-21 15:00:00,69.04
2023-01-21 16:00:00,69.04
2023-01-21 17:00:00,69.04
2023-01-21 18:00:00,69.04
2023-01-21 19:00:00,69.04
2023-01-21 20:00:00,69.04
2023-01-21 21:00:00,69.04
2023-01-21 22:00:00,69.04
2023-01-21 23:00:00,69.04
2023-01-22 00:00:00,69.04
2023-01-22 01:00:00,69.04
2023-01-22 02:00:00,69.04
2023-01-22 03:00:00,69.04
2023-01-22 04:00:00,69.04
2023-01-22 05:00:00,69.04
2023-01-22 06:00:00,69.04
2023-01-22 07:00:00,69.04
2023-01-22 08:00:00,69.04
2023-01-22 09:00:00,69.04
2023-01-22 10:00:00,69.04
2023-01-22 11:00:00,69.04
2023-01-22 12:00:00,69.04
2023-01-22 13:00:00,69.04
2023-01-22 14:00:00,69.04
2023-01-22 15:00:00,69.04
2023-01-22 16:00:00,69.04
2023-01-22 17:00:00,69.04
2023-01-22 18:00:00,69.04
2023-01-22 19:00:00,69.04
2023-01-22 20:00:00,69.04
2023-01-22 21:00:00,69.04
2023-01-22 22:00:00,69.04
2023-01-22 23:00:00,69.04
2023-01-23 00:00:00,69.04
2023-01-23 01:00:00,69.04
2023-01-23 02:00:00,69.04
2023-01-23 03:00:00,69.04
2023-01-23 04:00:00,69.04
2023-01-23 05:00:00,69.04
2023-01-23 06:00:00,69.04
2023-01-23 07:00:00,69.04
2023-01-23 08:00:00,69.04
2023-01-23 09:00:00,69.04
2023-01-23 10:00:00,69.04
2023-01-23 11:00:00,69.04
2023-01-23 12:00:00,69.04
2023-01-23 13:00:00,69.04
2023-01-23 14:00:00,69.04
2023-01-23 15:00:00,69.04
2023-01-23 16:00:00,69.04
2023-01-23 17:00:00,69.04
2023-01-23 18:00:00,69.04
2023-01-23 19:00:00,69.04
2023-01-23 20:00:00,69.04
2023-01-23 21:00:00,69.04
2023-01-23 22:00:00,69.04
2023-01-23 23:00:00,69.04
2023-01-24 00:00:00,69.04
2023-01-24 01:00:00,69.04
2023-01-24 02:00:00,69.04
2023-01-24 03:00:00,69.04
2023-01-24 04:00:00,69.04
2023-01-24 05:00:00,69.04
2023-01-24 06:00:00,69.04
2023-01-24 07:00:00,69.04
2023-01-24 08:00:00,69.04
2023-01-24 09:00:00,69.04
2023-01-24 10:00:00,69.04
2023-01-24 11:00:00,69.04
2023-01-24 12:00:00,69.04
2023-01-24 13:00:00,69.04
2023-01-24 14:00:00,69.04
2023-01-24 15:00:00,69.04
2023-01-24 16:00:00,69.04
2023-01-24 17:00:00,69.04
2023-01-24 18:00:00,69.04
2023-01-24 19:00:00,69.04
2023-01-24 20:00:00,69.04
2023-01-24 21:00:00,69.04
2023-01-24 22:00:00,69.04
2023-01-24 23:00:00,69.04
2023-01-25 00:00:00,69.04
2023-01-25 01:00:00,69.04
2023-01-25 02:00:00,69.04
2023-01-25 03:00:00,69.04
2023-01-25 04:00:00,69.04
2023-01-25 05:00:00,69.04
2023-01-25 06:00:00,69.04
2023-01-25 07:00:00,69.04
2023-01-25 08:00:00,69.04
2023-01-25 09:00:00,69.04
2023-01-25 10:00:00,69.04
2023-01-25 11:00:00,69.04
2023-01-25 12:00:00,69.04
2023-01-25 13:00:00,69.04
2023-01-25 14:00:00,69.04
2023-01-25 15:00:00,69.04
2023-01-25 16:00:00,69.04
2023-01-25 17:00:00,69.04
2023-01-25 18:00:00,69.04
2023-01-25 19:00:00,69.04
2023-01-25 20:00:00,69.04
2023-01-25 21:00:00,69.04
2023-01-25 22:00:00,69.04
2023-01-25 23:00:00,69.04
2023-01-26 00:00:00,69.04
2023-01-26 01:00:00,69.04
2023-01-26 02:00:00,69.04
2023-01-26 03:00:00,69.04
2023-01-26 04:00:00,69.04
2023-01-26 05:00:00,69.04
2023-01-26 06:00:00,69.04
2023-01-26 07:00:00,69.04
2023-01-26 08:00:00,69.04
2023-01-26 09:00:00,69.04
2023-01-26 10:00:00,69.04
2023-01-26 11:00:00,69.04
2023-01-26 12:00:00,69.04
2023-01-26 13:00:00,69.04
2023-01-26 14:00:00,69.04
2023-01-26 15:00:00,69.04
2023-01-26 16:00:00,69.04
2023-01-26 17:00:00,69.04
2023-01-26 18:00:00,69.04
2023-01-26 19:00:00,69.04
2023-01-26 20:00:00,69.04
2023-01-26 21:00:00,69.04
2023-01-26 22:00:00,69.04
2023-01-26 23:00:00,69.04
2023-01-27 00:00:00,69.04
2023-01-27 01:00:00,69.04
2023-01-27 02:00:00,69.04
2023-01-27 03:00:00,69.04
2023-01-27 04:00:00,69.04
2023-01-27 05:00:00,69.04
2023-01-27 06:00:00,69.04
2023-01-27 07:00:00,69.04
2023-01-27 08:00:00,69.04
2023-01-27 09:00:00,69.04
2023-01-27 10:00:00,69.04
2023-01-27 11:00:00,69.04
2023-01-27 12:00:00,69.04
2023-01-27 13:00:00,69.04
2023-01-27 14:00:00,69.04
2023-01-27 15:00:00,69.04
2023-01-27 16:00:00,69.04
2023-01-27 17:00:00,69.04
2023-01-27 18:00:00,69.04
2023-01-27 19:00:00,69.04
2023-01-27 20:00:00,69.04
2023-01-27 21:00:00,69.04
2023-01-27 22:00:00,69.04
2023-01-27 23:00:00,69.04
2023-01-28 00:00:00,69.04
2023-01-28 01:00:00,69.04
2023-01-28 02:00:00,69.04
2023-01-28 03:00:00,69.04
2023-01-28 04:00:00,69.04
2023-01-28 05:00:00,69.04
2023-01-28 06:00:00,69.04
2023-01-28 07:00:00,69.04
2023-01-28 08:00:00,69.04
2023-01-28 09:00:00,69.04
2023-01-28 10:00:00,69.04
2023-01-28 11:00:00,69.04
2023-01-28 12:00:00,69.04
2023-01-28 13:00:00,69.04
2023-01-28 14:00:00,69.04
2023-01-28 15:00:00,69.04
2023-01-28 16:00:00,69.04
2023-01-28 17:00:00,69.04
2023-01-28 18:00:00,69.04
2023-01-28 19:00:00,69.04
2023-01-28 20:00:00,69.04
2023-01-28 21:00:00,69.04
2023-01-28 22:00:00,69.04
2023-01-28 23:00:00,69.04
2023-01-29 00:00:00,69.04
2023-01-29 01:00:00,69.04
2023-01-29 02:00:00,69.04
2023-01-29 03:00:00,69.04
2023-01-29 04:00:00,69.04
2023-01-29 05:00:00,69.04
2023-01-29 06:00:00,69.04
2023-01-29 07:00:00,69.04
2023-01-29 08:00:00,69.04
2023-01-29 09:00:00,69.04
2023-01-29 10:00:00,69.04
2023-01-29 11:00:00,69.04
2023-01-29 12:00:00,69.04
2023-01-29 13:00:00,69.04
2023-01-29 14:00:00,69.04
2023-01-29 15:00:00,69.04
2023-01-29 16:00:00,69.04
2023-01-29 17:00:00,69.04
2023-01-29 18:00:00,69.04
2023-01-29 19:00:00,69.04
2023-01-29 20:00:00,69.04
2023-01-29 21:00:00,69.04
2023-01-29 22:00:00,69.04
2023-01-29 23:00:00,69.04
2023-01-30 00:00:00,69.04
2023-01-30 01:00:00,69.04
2023-01-30 02:00:00,69.04
2023-01-30 03:00:00,69.04
2023-01-30 04:00:00,69.04
2023-01-30 05:00:00,69.04
2023-01-30 06:00:00,69.04
2023-01-30 07:00:00,69.04
2023-01-30 08:00:00,69.04
2023-01-30 09:00:00,69.04
2023-01-30 10:00:00,69.04
2023-01-30 11:00:00,69.04
2023-01-30 12:00:00,69.04
2023-01-30 13:00:00,69.04
2023-01-30 14:00:00,69.04
2023-01-30 15:00:00,69.04
2023-01-30 16:00:00,69.04
2023-01-30 17:00:00,69.04
2023-01-30 18:00:00,69.04
2023-01-30 19:00:00,69.04
2023-01-30 20:00:00,69.04
2023-01-30 21:00:00,69.04
2023-01-30 22:00:00,69.04
2023-01-30 23:00:00,69.04
2023-01-31 00:00:00,69.04
2023-01-31 01:00:00,69.04
2023-01-31 02:00:00,69.04
2023-01-31 03:00:00,69.04
2023-01-31 04:00:00,69.04
2023-01-31 05:00:00,69.04
2023-01-31 06:00:00,69.04
2023-01-31 07:00:00,69.04
2023-01-31 08:00:00,69.04
2023-01-31 09:00:00,69.04
2023-01-31 10:00:00,69.04
2023-01-31 11:00:00,69.04
2023-01-31 12:00:00,69.04
2023-01-31 13:00:00,69.04
2023-01-31 14:00:00,69.04
2023-01-31 15:00:00,69.04
2023-01-31 16:00:00,69.04
2023-01-31 17:00:00,69.04
2023-01-31 18:00:00,69.04
2023-01-31 19:00:00,69.04
2023-01-31 20:00:00,69.04
2023-01-31 21:00:00,69.04
2023-01-31 22:00:00,69.04
2023-01-31 23:00:00,69.04
2023-02-01 00:00:00,69.04
2023-02-01 01:00:00,69.04
2023-02-01 02:00:00,69.04
2023-02-01 03:00:00,69.04
2023-02-01 04:00:00,69.04
2023-02-01 05:00:00,69.04
2023-02-01 06:00:00,69.04
2023-02-01 07:00:00,69.04
2023-02-01 08:00:00,69.04
2023-02-01 09:00:00,69.04
2023-02-01 10:00:00,69.04
2023-02-01 11:00:00,69.04
2023-02-01 12:00:00,69.04
2023-02-01 13:00:00,69.04
2023-02-01 14:00:00,69.04
2023-02-01 15:00:00,69.04
2023-02-01 16:00:00,69.04
2023-02-01 17:00:00,69.04
2023-02-01 18:00:00,69.04
2023-02-01 19:00:00,69.04
2023-02-01 20:00:00,69.04
2023-02-01 21:00:00,69.04
2023-02-01 22:00:00,69.04
2023-02-01 23:00:00,69.04
2023-02-02 00:00:00,69.04
2023-02-02 01:00:00,69.04
2023-02-02 02:00:00,69.04
2023-02-02 03:00:00,69.04
2023-02-02 04:00:00,69.04
2023-02-02 05:00:00,69.04
2023-02-02 06:00:00,69.04
2023-02-02 07:00:00,69.04
2023-02-02 08:00:00,69.04
2023-02-02 09:00:00,69.04
2023-02-02 10:00:00,69.04
2023-02-02 11:00:00,69.04
2023-02-02 12:00:00,69.04
2023-02-02 13:00:00,69.04
2023-02-02 14:00:00,69.04
2023-02-02 15:00:00,69.04
2023-02-02 16:00:00,69.04
2023-02-02 17:00:00,69.04
2023-02-02 18:00:00,69.04
2023-02-02 19:00:00,69.04
2023-02-02 20:00:00,69.04
2023-02-02 21:00:00,69.04
2023-02-02 22:00:00,69.04
2023-02-02 23:00:00,69.04
2023-02-03 00:00:00,69.04
2023-02-03 01:00:00,69.04
2023-02-03 02:00:00,69.04
2023-02-03 03:00:00,69.04
2023-02-03 04:00:00,69.04
2023-02-03 05:00:00,69.04
2023-02-03 06:00:00,69.04
2023-02-03 07:00:00,69.04
2023-02-03 08:00:00,69.04
2023-02-03 09:00:00,69.04
2023-02-03 10:00:00,69.04
2023-02-03 11:00:00,69.04
2023-02-03 12:00:00,69.04
2023-02-03 13:00:00,69.04
2023-02-03 14:00:00,69.04
2023-02-03 15:00:00,69.04
2023-02-03 16:00:00,69.04
2023-02-03 17:00:00,69.04
2023-02-03 18:00:00,69.04
2023-02-03 19:00:00,69.04
2023-02-03 20:00:00,69.04
2023-02-03 21:00:00,69.04
2023-02-03 22:00:00,69.04
2023-02-03 23:00:00,69.04
2023-02-04 00:00:00,69.04
2023-02-04 01:00:00,69.04
2023-02-04 02:00:00,69.04
2023-02-04 03:00:00,69.04
2023-02-04 04:00:00,69.04
2023-02-04 05:00:00,69.04
2023-02-04 06:00:00,69.04
2023-02-04 07:00:00,69.04
2023-02-04 08:00:00,69.04
2023-02-04 09:00:00,69.04
2023-02-04 10:00:00,69.04
2023-02-04 11:00:00,69.04
2023-02-04 12:00:00,69.04
2023-02-04 13:00:00,69.04
2023-02-04 14:00:00,69.04
2023-02-04 15:00:00,69.04
2023-02-04 16:00:00,69.04
2023-02-04 17:00:00,69.04
2023-02-04 18:00:00,69.04
2023-02-04 19:00:00,69.04
2023-02-04 20:00:00,69.04
2023-02-04 21:00:00,69.04
2023-02-04 22:00:00,69.04
2023-02-04 23:00:00,69.04
2023-02-05 00:00:00,69.04
2023-02-05 01:00:00,69.04
2023-02-05 02:00:00,69.04
2023-02-05 03:00:00,69.04
2023-02-05 04:00:00,69.04
2023-02-05 05:00:00,69.04
2023-02-05 06:00:00,69.04
2023-02-05 07:00:00,69.04
2023-02-05 08:00:00,69.04
2023-02-05 09:00:00,69.04
2023-02-05 10:00:00,69.04
2023-02-05 11:00:00,69.04
2023-02-05 12:00:00,69.04
2023-02-05 13:00:00,69.04
2023-02-05 14:00:00,69.04
2023-02-05 15:00:00,69.04
2023-02-05 16:00:00,69.04
2023-02-05 17:00:00,69.04
2023-02-05 18:00:00,69.04
2023-02-05 19:00:00,69.04
2023-02-05 20:00:00,69.04
2023-02-05 21:00:00,69.04
2023-02-05 22:00:00,69.04
2023-02-05 23:00:00,69.04
2023-02-06 00:00:00,69.04
2023-02-06 01:00:00,69.04
2023-02-06 02:00:00,69.04
2023-02-06 03:00:00,69.04
2023-02-06 04:00:00,69.04
2023-02-06 05:00:00,69.04
2023-02-06 06:00:00,69.04
2023-02-06 07:00:00,69.04
2023-02-06 08:00:00,69.04
2023-02-06 09:00:00,69.04
2023-02-06 10:00:00,69.04
2023-02-06 11:00:00,69.04
2023-02-06 12:00:00,69.04
2023-02-06 13:00:00,69.04
2023-02-06 14:00:00,69.04
2023-02-06 15:00:00,69.04
2023-02-06 16:00:00,69.04
2023-02-06 17:00:00,69.04
2023-02-06 18:00:00,69.04
2023-02-06 19:00:00,69.04
2023-02-06 20:00:00,69.04
2023-02-06 21:00:00,69.04
2023-02-06 22:00:00,69.04
2023-02-06 23:00:00,69.04
2023-02-07 00:00:00,69.04
2023-02-07 01:00:00,69.04
2023-02-07 02:00:00,69.04
2023-02-07 03:00:00,69.04
2023-02-07 04:00:00,69.04
2023-02-07 05:00:00,69.04
2023-02-07 06:00:00,69.04
2023-02-07 07:00:00,69.04
2023-02-07 08:00:00,69.04
2023-02-07 09:00:00,69.04
2023-02-07 10:00:00,69.04
2023-02-07 11:00:00,69.04
2023-02-07 12:00:00,69.04
2023-02-07 13:00:00,69.04
2023-02-07 14:00:00,69.04
2023-02-07 15:00:00,69.04
2023-02-07 16:00:00,69.04
2023-02-07 17:00:00,69.04
2023-02-07 18:00:00,69.04
2023-02-07 19:00:00,69.04
2023-02-07 20:00:00,69.04
2023-02-07 21:00:00,69.04
2023-02-07 22:00:00,69.04
2023-02-07 23:00:00,69.04
2023-02-08 00:00:00,69.04
2023-02-08 01:00:00,69.04
2023-02-08 02:00:00,69.04
2023-02-08 03:00:00,69.04
2023-02-08 04:00:00,69.04
2023-02-08 05:00:00,69.04
2023-02-08 06:00:00,69.04
2023-02-08 07:00:00,69.04
2023-02-08 08:00:00,69.04
2023-02-08 09:00:00,69.04
2023-02-08 10:00:00,69.04
2023-02-08 11:00:00,69.04
2023-02-08 12:00:00,69.04
2023-02-08 13:00:00,69.04
2023-02-08 14:00:00,69.04
2023-02-08 15:00:00,69.04
2023-02-08 16:00:00,69.04
2023-02-08 17:00:00,69.04
2023-02-08 18:00:00,69.04
2023-02-08 19:00:00,69.04
2023-02-08 20:00:00,69.04
2023-02-08 21:00:00,69.04
2023-02-08 22:00:00,69.04
2023-02-08 23:00:00,69.04
2023-02-09 00:00:00,69.04
2023-02-09 01:00:00,69.04
2023-02-09 02:00:00,69.04
2023-02-09 03:00:00,69.04
2023-02-09 04:00:00,69.04
2023-02-09 05:00:00,69.04
2023-02-09 06:00:00,69.04
2023-02-09 07:00:00,69.04
2023-02-09 08:00:00,69.04
2023-02-09 09:00:00,69.04
2023-02-09 10:00:00,69.04
2023-02-09 11:00:00,69.04
2023-02-09 12:00:00,69.04
2023-02-09 13:00:00,69.04
2023-02-09 14:00:00,69.04
2023-02-09 15:00:00,69.04
2023-02-09 16:00:00,69.04
2023-02-09 17:00:00,69.04
2023-02-09 18:00:00,69.04
2023-02-09 19:00:00,69.04
2023-02-09 20:00:00,69.04
2023-02-09 21:00:00,69.04
2023-02-09 22:00:00,69.04
2023-02-09 23:00:00,69.04
2023-02-10 00:00:00,69.04
2023-02-10 01:00:00,69.04
2023-02-10 02:00:00,69.04
2023-02-10 03:00:00,69.04
2023-02-10 04:00:00,69.04
2023-02-10 05:00:00,69.04
2023-02-10 06:00:00,69.04
2023-02-10 07:00:00,69.04
2023-02-10 08:00:00,69.04
2023-02-10 09:00:00,69.04
2023-02-10 10:00:00,69.04
2023-02-10 11:00:00,69.04
2023-02-10 12:00:00,69.04
2023-02-10 13:00:00,69.04
2023-02-10 14:00:00,69.04
2023-02-10 15:00:00,69.04
2023-02-10 16:00:00,69.04
2023-02-10 17:00:00,69.04
2023-02-10 18:00:00,69.04
2023-02-10 19:00:00,69.04
2023-02-10 20:00:00,69.04
2023-02-10 21:00:00,69.04
2023-02-10 22:00:00,69.04
2023-02-10 23:00:00,69.04
2023-02-11 00:00:00,69.04
2023-02-11 01:00:00,69.04
2023-02-11 02:00:00,69.04
2023-02-11 03:00:00,69.04
2023-02-11 04:00:00,69.04
2023-02-11 05:00:00,69.04
2023-02-11 06:00:00,69.04
2023-02-11 07:00:00,69.04
2023-02-11 08:00:00,69.04
2023-02-11 09:00:00,69.04
2023-02-11 10:00:00,69.04
2023-02-11 11:00:00,69.04
2023-02-11 12:00:00,69.04
2023-02-11 13:00:00,69.04
2023-02-11 14:00:00,69.04
2023-02-11 15:00:00,69.04
2023-02-11 16:00:00,69.04
2023-02-11 17:00:00,69.04
2023-02-11 18:00:00,69.04
2023-02-11 19:00:00,69.04
2023-02-11 20:00:00,69.04
2023-02-11 21:00:00,69.04
2023-02-11 22:00:00,69.04
2023-02-11 23:00:00,69.04
2023-02-12 00:00:00,69.04
2023-02-12 01:00:00,69.04
2023-02-12 02:00:00,69.04
2023-02-12 03:00:00,69.04
2023-02-12 04:00:00,69.04
2023-02-12 05:00:00,69.04
2023-02-12 06:00:00,69.04
2023-02-12 07:00:00,69.04
2023-02-12 08:00:00,69.04
2023-02-12 09:00:00,69.04
2023-02-12 10:00:00,69.04
2023-02-12 11:00:00,69.04
2023-02-12 12:00:00,69.04
2023-02-12 13:00:00,69.04
2023-02-12 14:00:00,69.04
2023-02-12 15:00:00,69.04
2023-02-12 16:00:00,69.04
2023-02-12 17:00:00,69.04
2023-02-12 18:00:00,69.04
2023-02-12 19:00:00,69.04
2023-02-12 20:00:00,69.04
2023-02-12 21:00:00,69.04
2023-02-12 22:00:00,69.04
2023-02-12 23:00:00,69.04
2023-02-13 00:00:00,69.04
2023-02-13 01:00:00,69.04
2023-02-13 02:00:00,69.04
2023-02-13 03:00:00,69.04
2023-02-13 04:00:00,69.04
2023-02-13 05:00:00,69.04
2023-02-13 06:00:00,69.04
2023-02-13 07:00:00,69.04
2023-02-13 08:00:00,69.04
2023-02-13 09:00:00,69.04
2023-02-13 10:00:00,69.04
2023-02-13 11:00:00,69.04
2023-02-13 12:00:00,69.04
2023-02-13 13:00:00,69.04
2023-02-13 14:00:00,69.04
2023-02-13 15:00:00,69.04
2023-02-13 16:00:00,69.04
2023-02-13 17:00:00,69.04
2023-02-13 18:00:00,69.04
2023-02-13 19:00:00,69.04
2023-02-13 20:00:00,69.04
2023-02-13 21:00:00,69.04
2023-02-13 22:00:00,69.04
2023-02-13 23:00:00,69.04
2023-02-14 00:00:00,69.04
2023-02-14 01:00:00,69.04
2023-02-14 02:00:00,69.04
2023-02-14 03:00:00,69.04
2023-02-14 04:00:00,69.04
2023-02-14 05:00:00,69.04
2023-02-14 06:00:00,69.04
2023-02-14 07:00:00,69.04
2023-02-14 08:00:00,69.04
2023-02-14 09:00:00,69.04
2023-02-14 10:00:00,69.04
2023-02-14 11:00:00,69.04
2023-02-14 12:00:00,69.04
2023-02-14 13:00:00,69.04
2023-02-14 14:00:00,69.04
2023-02-14 15:00:00,69.04
2023-02-14 16:00:00,69.04
2023-02-14 17:00:00,69.04
2023-02-14 18:00:00,69.04
2023-02-14 19:00:00,69.04
2023-02-14 20:00:00,69.04
2023-02-14 21:00:00,69.04
2023-02-14 22:00:00,69.04
2023-02-14 23:00:00,69.04
2023-02-15 00:00:00,69.04
2023-02-15 01:00:00,69.04
2023-02-15 02:00:00,69.04
2023-02-15 03:00:00,69.04
2023-02-15 04:00:00,69.04
2023-02-15 05:00:00,69.04
2023-02-15 06:00:00,69.04
2023-02-15 07:00:00,69.04
2023-02-15 08:00:00,69.04
2023-02-15 09:00:00,69.04
2023-02-15 10:00:00,69.04
2023-02-15 11:00:00,69.04
2023-02-15 12:00:00,69.04
2023-02-15 13:00:00,69.04
2023-02-15 14:00:00,69.04
2023-02-15 15:00:00,69.04
2023-02-15 16:00:00,69.04
2023-02-15 17:00:00,69.04
2023-02-15 18:00:00,69.04
2023-02-15 19:00:00,69.04
2023-02-15 20:00:00,69.04
2023-02-15 21:00:00,69.04
2023-02-15 22:00:00,69.04
2023-02-15 23:00:00,69.04
2023-02-16 00:00:00,69.04
2023-02-16 01:00:00,69.04
2023-02-16 02:00:00,69.04
2023-02-16 03:00:00,69.04
2023-02-16 04:00:00,69.04
2023-02-16 05:00:00,69.04
2023-02-16 06:00:00,69.04
2023-02-16 07:00:00,69.04
2023-02-16 08:00:00,69.04
2023-02-16 09:00:00,69.04
2023-02-16 10:00:00,69.04
2023-02-16 11:00:00,69.04
2023-02-16 12:00:00,69.04
2023-02-16 13:00:00,69.04
2023-02-16 14:00:00,69.04
2023-02-16 15:00:00,69.04
2023-02-16 16:00:00,69.04
2023-02-16 17:00:00,69.04
2023-02-16 18:00:00,69.04
2023-02-16 19:00:00,69.04
2023-02-16 20:00:00,69.04
2023-02-16 21:00:00,69.04
2023-02-16 22:00:00,69.04
2023-02-16 23:00:00,69.04
2023-02-17 00:00:00,69.04
2023-02-17 01:00:00,69.04
2023-02-17 02:00:00,69.04
2023-02-17 03:00:00,69.04
2023-02-17 04:00:00,69.04
2023-02-17 05:00:00,69.04
2023-02-17 06:00:00,69.04
2023-02-17 07:00:00,69.04
2023-02-17 08:00:00,69.04
2023-02-17 09:00:00,69.04
2023-02-17 10:00:00,69.04
2023-02-17 11:00:00,69.04
2023-02-17 12:00:00,69.04
2023-02-17 13:00:00,69.04
2023-02-17 14:00:00,69.04
2023-02-17 15:00:00,69.04
2023-02-17 16:00:00,69.04
2023-02-17 17:00:00,69.04
2023-02-17 18:00:00,69.04
2023-02-17 19:00:00,69.04
2023-02-17 20:00:00,69.04
2023-02-17 21:00:00,69.04
2023-02-17 22:00:00,69.04
2023-02-17 23:00:00,69.04
2023-02-18 00:00:00,69.04
2023-02-18 01:00:00,69.04
2023-02-18 02:00:00,69.04
2023-02-18 03:00:00,69.04
2023-02-18 04:00:00,69.04
2023-02-18 05:00:00,69.04
2023-02-18 06:00:00,69.04
2023-02-18 07:00:00,69.04
2023-02-18 08:00:00,69.04
2023-02-18 09:00:00,69.04
2023-02-18 10:00:00,69.04
2023-02-18 11:00:00,69.04
2023-02-18 12:00:00,69.04
2023-02-18 13:00:00,69.04
2023-02-18 14:00:00,69.04
2023-02-18 15:00:00,69.04
2023-02-18 16:00:00,69.04
2023-02-18 17:00:00,69.04
2023-02-18 18:00:00,69.04
2023-02-18 19:00:00,69.04
2023-02-18 20:00:00,69.04
2023-02-18 21:00:00,69.04
2023-02-18 22:00:00,69.04
2023-02-18 23:00:00,69.04
2023-02-19 00:00:00,69.04
2023-02-19 01:00:00,69.04
2023-02-19 02:00:00,69.04
2023-02-19 03:00:00,69.04
2023-02-19 04:00:00,69.04
2023-02-19 05:00:00,69.04
2023-02-19 06:00:00,69.04
2023-02-19 07:00:00,69.04
2023-02-19 08:00:00,69.04
2023-02-19 09:00:00,69.04
2023-02-19 10:00:00,69.04
2023-02-19 11:00:00,69.04
2023-02-19 12:00:00,69.04
2023-02-19 13:00:00,69.04
2023-02-19 14:00:00,69.04
2023-02-19 15:00:00,69.04
2023-02-19 16:00:00,69.04
2023-02-19 17:00:00,69.04
2023-02-19 18:00:00,69.04
2023-02-19 19:00:00,69.04
2023-02-19 20:00:00,69.04
2023-02-19 21:00:00,69.04
2023-02-19 22:00:00,69.04
2023-02-19 23:00:00,69.04
2023-02-20 00:00:00,69.04
2023-02-20 01:00:00,69.04
2023-02-20 02:00:00,69.04
2023-02-20 03:00:00,69.04
2023-02-20 04:00:00,69.04
2023-02-20 05:00:00,69.04
2023-02-20 06:00:00,69.04
2023-02-20 07:00:00,69.04
2023-02-20 08:00:00,69.04
2023-02-20 09:00:00,69.04
2023-02-20 10:00:00,69.04
2023-02-20 11:00:00,69.04
2023-02-20 12:00:00,69.04
2023-02-20 13:00:00,69.04
2023-02-20 14:00:00,69.04
2023-02-20 15:00:00,69.04
2023-02-20 16:00:00,69.04
2023-02-20 17:00:00,69.04
2023-02-20 18:00:00,69.04
2023-02-20 19:00:00,69.04
2023-02-20 20:00:00,69.04
2023-02-20 21:00:00,69.04
2023-02-20 22:00:00,69.04
2023-02-20 23:00:00,69.04
2023-02-21 00:00:00,69.04
2023-02-21 01:00:00,69.04
2023-02-21 02:00:00,69.04
2023-02-21 03:00:00,69.04
2023-02-21 04:00:00,69.04
2023-02-21 05:00:00,69.04
2023-02-21 06:00:00,69.04
2023-02-21 07:00:00,69.04
2023-02-21 08:00:00,69.04
2023-02-21 09:00:00,69.04
2023-02-21 10:00:00,69.04
2023-02-21 11:00:00,69.04
2023-02-21 12:00:00,69.04
2023-02-21 13:00:00,69.04
2023-02-21 14:00:00,69.04
2023-02-21 15:00:00,69.04
2023-02-21 16:00:00,69.04
2023-02-21 17:00:00,69.04
2023-02-21 18:00:00,69.04
2023-02-21 19:00:00,69.04
2023-02-21 20:00:00,69.04
2023-02-21 21:00:00,69.04
2023-02-21 22:00:00,69.04
2023-02-21 23:00:00,69.04
2023-02-22 00:00:00,69.04
2023-02-22 01:00:00,69.04
2023-02-22 02:00:00,69.04
2023-02-22 03:00:00,69.04
2023-02-22 04:00:00,69.04
2023-02-22 05:00:00,69.04
2023-02-22 06:00:00,69.04
2023-02-22 07:00:00,69.04
2023-02-22 08:00:00,69.04
2023-02-22 09:00:00,69.04
2023-02-22 10:00:00,69.04
2023-02-22 11:00:00,69.04
2023-02-22 12:00:00,69.04
2023-02-22 13:00:00,69.04
2023-02-22 14:00:00,69.04
2023-02-22 15:00:00,69.04
2023-02-22 16:00:00,69.04
2023-02-22 17:00:00,69.04
2023-02-22 18:00:00,69.04
2023-02-22 19:00:00,69.04
2023-02-22 20:00:00,69.04
2023-02-22 21:00:00,69.04
2023-02-22 22:00:00,69.04
2023-02-22 23:00:00,69.04
2023-02-23 00:00:00,69.04
2023-02-23 01:00:00,69.04
2023-02-23 02:00:00,69.04
2023-02-23 03:00:00,69.04
2023-02-23 04:00:00,69.04
2023-02-23 05:00:00,69.04
2023-02-23 06:00:00,69.04
2023-02-23 07:00:00,69.04
2023-02-23 08:00:00,69.04
2023-02-23 09:00:00,69.04
2023-02-23 10:00:00,69.04
2023-02-23 11:00:00,69.04
2023-02-23 12:00:00,69.04
2023-02-23 13:00:00,69.04
2023-02-23 14:00:00,69.04
2023-02-23 15:00:00,69.04
2023-02-23 16:00:00,69.04
2023-02-23 17:00:00,69.04
2023-02-23 18:00:00,69.04
2023-02-23 19:00:00,69.04
2023-02-23 20:00:00,69.04
2023-02-23 21:00:00,69.04
2023-02-23 22:00:00,69.04
2023-02-23 23:00:00,69.04
2023-02-24 00:00:00,69.04
2023-02-24 01:00:00,69.04
2023-02-24 02:00:00,69.04
2023-02-24 03:00:00,69.04
2023-02-24 04:00:00,69.04
2023-02-24 05:00:00,69.04
2023-02-24 06:00:00,69.04
2023-02-24 07:00:00,69.04
2023-02-24 08:00:00,69.04
2023-02-24 09:00:00,69.04
2023-02-24 10:00:00,69.04
2023-02-24 11:00:00,69.04
2023-02-24 12:00:00,69.04
2023-02-24 13:00:00,69.04
2023-02-24 14:00:00,69.04
2023-02-24 15:00:00,69.04
2023-02-24 16:00:00,69.04
2023-02-24 17:00:00,69.04
2023-02-24 18:00:00,69.04
2023-02-24 19:00:00,69.04
2023-02-24 20:00:00,69.04
2023-02-24 21:00:00,69.04
2023-02-24 22:00:00,69.04
2023-02-24 23:00:00,69.04
2023-02-25 00:00:00,69.04
2023-02-25 01:00:00,69.04
2023-02-25 02:00:00,69.04
2023-02-25 03:00:00,69.04
2023-02-25 04:00:00,69.04
2023-02-25 05:00:00,69.04
2023-02-25 06:00:00,69.04
2023-02-25 07:00:00,69.04
2023-02-25 08:00:00,69.04
2023-02-25 09:00:00,69.04
2023-02-25 10:00:00,69.04
2023-02-25 11:00:00,69.04
2023-02-25 12:00:00,69.04
2023-02-25 13:00:00,69.04
2023-02-25 14:00:00,69.04
2023-02-25 15:00:00,69.04
2023-02-25 16:00:00,69.04
2023-02-25 17:00:00,69.04
2023-02-25 18:00:00,69.04
2023-02-25 19:00:00,69.04
2023-02-25 20:00:00,69.04
2023-02-25 21:00:00,69.04
2023-02-25 22:00:00,69.04
2023-02-25 23:00:00,69.04
2023-02-26 00:00:00,69.04
2023-02-26 01:00:00,69.04
2023-02-26 02:00:00,69.04
2023-02-26 03:00:00,69.04
2023-02-26 04:00:00,69.04
2023-02-26 05:00:00,69.04
2023-02-26 06:00:00,69.04
2023-02-26 07:00:00,69.04
2023-02-26 08:00:00,69.04
2023-02-26 09:00:00,69.04
2023-02-26 10:00:00,69.04
2023-02-26 11:00:00,69.04
2023-02-26 12:00:00,69.04
2023-02-26 13:00:00,69.04
2023-02-26 14:00:00,69.04
2023-02-26 15:00:00,69.04
2023-02-26 16:00:00,69.04
2023-02-26 17:00:00,69.04
2023-02-26 18:00:00,69.04
2023-02-26 19:00:00,69.04
2023-02-26 20:00:00,69.04
2023-02-26 21:00:00,69.04
2023-02-26 22:00:00,69.04
2023-02-26 23:00:00,69.04
2023-02-27 00:00:00,69.04
2023-02-27 01:00:00,69.04
2023-02-27 02:00:00,69.04
2023-02-27 03:00:00,69.04
2023-02-27 04:00:00,69.04
2023-02-27 05:00:00,69.04
2023-02-27 06:00:00,69.04
2023-02-27 07:00:00,69.04
2023-02-27 08:00:00,69.04
2023-02-27 09:00:00,69.04
2023-02-27 10:00:00,69.04
2023-02-27 11:00:00,69.04
2023-02-27 12:00:00,69.04
2023-02-27 13:00:00,69.04
2023-02-27 14:00:00,69.04
2023-02-27 15:00:00,69.04
2023-02-27 16:00:00,69.04
2023-02-27 17:00:00,69.04
2023-02-27 18:00:00,69.04
2023-02-27 19:00:00,69.04
2023-02-27 20:00:00,69.04
2023-02-27 21:00:00,69.04
2023-02-27 22:00:00,69.04
2023-02-27 23:00:00,69.04
2023-02-28 00:00:00,69.04
2023-02-28 01:00:00,69.04
2023-02-28 02:00:00,69.04
2023-02-28 03:00:00,69.04
2023-02-28 04:00:00,69.04
2023-02-28 05:00:00,69.04
2023-02-28 06:00:00,69.04
2023-02-28 07:00:00,69.04
2023-02-28 08:00:00,69.04
2023-02-28 09:00:00,69.04
2023-02-28 10:00:00,69.04
2023-02-28 11:00:00,69.04
2023-02-28 12:00:00,69.04
2023-02-28 13:00:00,69.04
2023-02-28 14:00:00,69.04
2023-02-28 15:00:00,69.04
2023-02-28 16:00:00,69.04
2023-02-28 17:00:00,69.04
2023-02-28 18:00:00,69.04
2023-02-28 19:00:00,69.04
2023-02-28 20:00:00,69.04
2023-02-28 21:00:00,69.04
2023-02-28 22:00:00,69.04
2023-02-28 23:00:00,69.04
2023-03-01 00:00:00,69.04
2023-03-01 01:00:00,69.04
2023-03-01 02:00:00,69.04
2023-03-01 03:00:00,69.04
2023-03-01 04:00:00,69.04
2023-03-01 05:00:00,69.04
2023-03-01 06:00:00,69.04
2023-03-01 07:00:00,69.04
2023-03-01 08:00:00,69.04
2023-03-01 09:00:00,69.04
2023-03-01 10:00:00,69.04
2023-03-01 11:00:00,69.04
2023-03-01 12:00:00,69.04
2023-03-01 13:00:00,69.04
2023-03-01 14:00:00,69.04
2023-03-01 15:00:00,69.04
2023-03-01 16:00:00,69.04
2023-03-01 17:00:00,69.04
2023-03-01 18:00:00,69.04
2023-03-01 19:00:00,69.04
2023-03-01 20:00:00,69.04
2023-03-01 21:00:00,69.04
2023-03-01 22:00:00,69.04
2023-03-01 23:00:00,69.04
2023-03-02 00:00:00,69.04
2023-03-02 01:00:00,69.04
2023-03-02 02:00:00,69.04
2023-03-02 03:00:00,69.04
2023-03-02 04:00:00,69.04
2023-03-02 05:00:00,69.04
2023-03-02 06:00:00,69.04
2023-03-02 07:00:00,69.04
2023-03-02 08:00:00,69.04
2023-03-02 09:00:00,69.04
2023-03-02 10:00:00,69.04
2023-03-02 11:00:00,69.04
2023-03-02 12:00:00,69.04
2023-03-02 13:00:00,69.04
2023-03-02 14:00:00,69.04
2023-03-02 15:00:00,69.04
2023-03-02 16:00:00,69.04
2023-03-02 17:00:00,69.04
2023-03-02 18:00:00,69.04
2023-03-02 19:00:00,69.04
2023-03-02 20:00:00,69.04
2023-03-02 21:00:00,69.04
2023-03-02 22:00:00,69.04
2023-03-02 23:00:00,69.04
2023-03-03 00:00:00,69.04
2023-03-03 01:00:00,69.04
2023-03-03 02:00:00,69.04
2023-03-03 03:00:00,69.04
2023-03-03 04:00:00,69.04
2023-03-03 05:00:00,69.04
2023-03-03 06:00:00,69.04
2023-03-03 07:00:00,69.04
2023-03-03 08:00:00,69.04
2023-03-03 09:00:00,69.04
2023-03-03 10:00:00,69.04
2023-03-03 11:00:00,69.04
2023-03-03 12:00:00,69.04
2023-03-03 13:00:00,69.04
2023-03-03 14:00:00,69.04
2023-03-03 15:00:00,69.04
2023-03-03 16:00:00,69.04
2023-03-03 17:00:00,69.04
2023-03-03 18:00:00,69.04
2023-03-03 19:00:00,69.04
2023-03-03 20:00:00,69.04
2023-03-03 21:00:00,69.04
2023-03-03 22:00:00,69.04
2023-03-03 23:00:00,69.04
2023-03-04 00:00:00,69.04
2023-03-04 01:00:00,69.04
2023-03-04 02:00:00,69.04
2023-03-04 03:00:00,69.04
2023-03-04 04:00:00,69.04
2023-03-04 05:00:00,69.04
2023-03-04 06:00:00,69.04
2023-03-04 07:00:00,69.04
2023-03-04 08:00:00,69.04
2023-03-04 09:00:00,69.04
2023-03-04 10:00:00,69.04
2023-03-04 11:00:00,69.04
2023-03-04 12:00:00,69.04
2023-03-04 13:00:00,69.04
2023-03-04 14:00:00,69.04
2023-03-04 15:00:00,69.04
2023-03-04 16:00:00,69.04
2023-03-04 17:00:00,69.04
2023-03-04 18:00:00,69.04
2023-03-04 19:00:00,69.04
2023-03-04 20:00:00,69.04
2023-03-04 21:00:00,69.04
2023-03-04 22:00:00,69.04
2023-03-04 23:00:00,69.04
2023-03-05 00:00:00,69.04
2023-03-05 01:00:00,69.04
2023-03-05 02:00:00,69.04
2023-03-05 03:00:00,69.04
2023-03-05 04:00:00,69.04
2023-03-05 05:00:00,69.04
2023-03-05 06:00:00,69.04
2023-03-05 07:00:00,69.04
2023-03-05 08:00:00,69.04
2023-03-05 09:00:00,69.04
2023-03-05 10:00:00,69.04
2023-03-05 11:00:00,69.04
2023-03-05 12:00:00,69.04
2023-03-05 13:00:00,69.04
2023-03-05 14:00:00,69.04
2023-03-05 15:00:00,69.04
2023-03-05 16:00:00,69.04
2023-03-05 17:00:00,69.04
2023-03-05 18:00:00,69.04
2023-03-05 19:00:00,69.04
2023-03-05 20:00:00,69.04
2023-03-05 21:00:00,69.04
2023-03-05 22:00:00,69.04
2023-03-05 23:00:00,69.04
2023-03-06 00:00:00,69.04
2023-03-06 01:00:00,69.04
2023-03-06 02:00:00,69.04
2023-03-06 03:00:00,69.04
2023-03-06 04:00:00,69.04
2023-03-06 05:00:00,69.04
2023-03-06 06:00:00,69.04
2023-03-06 07:00:00,69.04
2023-03-06 08:00:00,69.04
2023-03-06 09:00:00,69.04
2023-03-06 10:00:00,69.04
2023-03-06 11:00:00,69.04
2023-03-06 12:00:00,69.04
2023-03-06 13:00:00,69.04
2023-03-06 14:00:00,69.04
2023-03-06 15:00:00,69.04
2023-03-06 16:00:00,69.04
2023-03-06 17:00:00,69.04
2023-03-06 18:00:00,69.04
2023-03-06 19:00:00,69.04
2023-03-06 20:00:00,69.04
2023-03-06 21:00:00,69.04
2023-03-06 22:00:00,69.04
2023-03-06 23:00:00,69.04
2023-03-07 00:00:00,69.04
2023-03-07 01:00:00,69.04
2023-03-07 02:00:00,69.04
2023-03-07 03:00:00,69.04
2023-03-07 04:00:00,69.04
2023-03-07 05:00:00,69.04
2023-03-07 06:00:00,69.04
2023-03-07 07:00:00,69.04
2023-03-07 08:00:00,69.04
2023-03-07 09:00:00,69.04
2023-03-07 10:00:00,69.04
2023-03-07 11:00:00,69.04
2023-03-07 12:00:00,69.04
2023-03-07 13:00:00,69.04
2023-03-07 14:00:00,69.04
2023-03-07 15:00:00,69.04
2023-03-07 16:00:00,69.04
2023-03-07 17:00:00,69.04
2023-03-07 18:00:00,69.04
2023-03-07 19:00:00,69.04
2023-03-07 20:00:00,69.04
2023-03-07 21:00:00,69.04
2023-03-07 22:00:00,69.04
2023-03-07 23:00:00,69.04
2023-03-08 00:00:00,69.04
2023-03-08 01:00:00,69.04
2023-03-08 02:00:00,69.04
2023-03-08 03:00:00,69.04
2023-03-08 04:00:00,69.04
2023-03-08 05:00:00,69.04
2023-03-08 06:00:00,69.04
2023-03-08 07:00:00,69.04
2023-03-08 08:00:00,69.04
2023-03-08 09:00:00,69.04
2023-03-08 10:00:00,69.04
2023-03-08 11:00:00,69.04
2023-03-08 12:00:00,69.04
2023-03-08 13:00:00,69.04
2023-03-08 14:00:00,69.04
2023-03-08 15:00:00,69.04
2023-03-08 16:00:00,69.04
2023-03-08 17:00:00,69.04
2023-03-08 18:00:00,69.04
2023-03-08 19:00:00,69.04
2023-03-08 20:00:00,69.04
2023-03-08 21:00:00,69.04
2023-03-08 22:00:00,69.04
2023-03-08 23:00:00,69.04
2023-03-09 00:00:00,69.04
2023-03-09 01:00:00,69.04
2023-03-09 02:00:00,69.04
2023-03-09 03:00:00,69.04
2023-03-09 04:00:00,69.04
2023-03-09 05:00:00,69.04
2023-03-09 06:00:00,69.04
2023-03-09 07:00:00,69.04
2023-03-09 08:00:00,69.04
2023-03-09 09:00:00,69.04
2023-03-09 10:00:00,69.04
2023-03-09 11:00:00,69.04
2023-03-09 12:00:00,69.04
2023-03-09 13:00:00,69.04
2023-03-09 14:00:00,69.04
2023-03-09 15:00:00,69.04
2023-03-09 16:00:00,69.04
2023-03-09 17:00:00,69.04
2023-03-09 18:00:00,69.04
2023-03-09 19:00:00,69.04
2023-03-09 20:00:00,69.04
2023-03-09 21:00:00,69.04
2023-03-09 22:00:00,69.04
2023-03-09 23:00:00,69.04
2023-03-10 00:00:00,69.04
2023-03-10 01:00:00,69.04
2023-03-10 02:00:00,69.04
2023-03-10 03:00:00,69.04
2023-03-10 04:00:00,69.04
2023-03-10 05:00:00,69.04
2023-03-10 06:00:00,69.04
2023-03-10 07:00:00,69.04
2023-03-10 08:00:00,69.04
2023-03-10 09:00:00,69.04
2023-03-10 10:00:00,69.04
2023-03-10 11:00:00,69.04
2023-03-10 12:00:00,69.04
2023-03-10 13:00:00,69.04
2023-03-10 14:00:00,69.04
2023-03-10 15:00:00,69.04
2023-03-10 16:00:00,69.04
2023-03-10 17:00:00,69.04
2023-03-10 18:00:00,69.04
2023-03-10 19:00:00,69.04
2023-03-10 20:00:00,69.04
2023-03-10 21:00:00,69.04
2023-03-10 22:00:00,69.04
2023-03-10 23:00:00,69.04
2023-03-11 00:00:00,69.04
2023-03-11 01:00:00,69.04
2023-03-11 02:00:00,69.04
2023-03-11 03:00:00,69.04
2023-03-11 04:00:00,69.04
2023-03-11 05:00:00,69.04
2023-03-11 06:00:00,69.04
2023-03-11 07:00:00,69.04
2023-03-11 08:00:00,69.04
2023-03-11 09:00:00,69.04
2023-03-11 10:00:00,69.04
2023-03-11 11:00:00,69.04
2023-03-11 12:00:00,69.04
2023-03-11 13:00:00,69.04
2023-03-11 14:00:00,69.04
2023-03-11 15:00:00,69.04
2023-03-11 16:00:00,69.04
2023-03-11 17:00:00,69.04
2023-03-11 18:00:00,69.04
2023-03-11 19:00:00,69.04
2023-03-11 20:00:00,69.04
2023-03-11 21:00:00,69.04
2023-03-11 22:00:00,69.04
2023-03-11 23:00:00,69.04
2023-03-12 00:00:00,69.04
2023-03-12 01:00:00,69.04
2023-03-12 02:00:00,69.04
2023-03-12 03:00:00,69.04
2023-03-12 04:00:00,69.04
2023-03-12 05:00:00,69.04
2023-03-12 06:00:00,69.04
2023-03-12 07:00:00,69.04
2023-03-12 08:00:00,69.04
2023-03-12 09:00:00,69.04
2023-03-12 10:00:00,69.04
2023-03-12 11:00:00,69.04
2023-03-12 12:00:00,69.04
2023-03-12 13:00:00,69.04
2023-03-12 14:00:00,69.04
2023-03-12 15:00:00,69.04
2023-03-12 16:00:00,69.04
2023-03-12 17:00:00,69.04
2023-03-12 18:00:00,69.04
2023-03-12 19:00:00,69.04
2023-03-12 20:00:00,69.04
2023-03-12 21:00:00,69.04
2023-03-12 22:00:00,69.04
2023-03-12 23:00:00,69.04
2023-03-13 00:00:00,69.04
2023-03-13 01:00:00,69.04
2023-03-13 02:00:00,69.04
2023-03-13 03:00:00,69.04
2023-03-13 04:00:00,69.04
2023-03-13 05:00:00,69.04
2023-03-13 06:00:00,69.04
2023-03-13 07:00:00,69.04
2023-03-13 08:00:00,69.04
2023-03-13 09:00:00,69.04
2023-03-13 10:00:00,69.04
2023-03-13 11:00:00,69.04
2023-03-13 12:00:00,69.04
2023-03-13 13:00:00,69.04
2023-03-13 14:00:00,69.04
2023-03-13 15:00:00,69.04
2023-03-13 16:00:00,69.04
2023-03-13 17:00:00,69.04
2023-03-13 18:00:00,69.04
2023-03-13 19:00:00,69.04
2023-03-13 20:00:00,69.04
2023-03-13 21:00:00,69.04
2023-03-13 22:00:00,69.04
2023-03-13 23:00:00,69.04
2023-03-14 00:00:00,69.04
2023-03-14 01:00:00,69.04
2023-03-14 02:00:00,69.04
2023-03-14 03:00:00,69.04
2023-03-14 04:00:00,69.04
2023-03-14 05:00:00,69.04
2023-03-14 06:00:00,69.04
2023-03-14 07:00:00,69.04
2023-03-14 08:00:00,69.04
2023-03-14 09:00:00,69.04
2023-03-14 10:00:00,69.04
2023-03-14 11:00:00,69.04
2023-03-14 12:00:00,69.04
2023-03-14 13:00:00,69.04
2023-03-14 14:00:00,69.04
2023-03-14 15:00:00,69.04
2023-03-14 16:00:00,69.04
2023-03-14 17:00:00,69.04
2023-03-14 18:00:00,69.04
2023-03-14 19:00:00,69.04
2023-03-14 20:00:00,69.04
2023-03-14 21:00:00,69.04
2023-03-14 22:00:00,69.04
2023-03-14 23:00:00,69.04
2023-03-15 00:00:00,69.04
2023-03-15 01:00:00,69.04
2023-03-15 02:00:00,69.04
2023-03-15 03:00:00,69.04
2023-03-15 04:00:00,69.04
2023-03-15 05:00:00,69.04
2023-03-15 06:00:00,69.04
2023-03-15 07:00:00,69.04
2023-03-15 08:00:00,69.04
2023-03-15 09:00:00,69.04
2023-03-15 10:00:00,69.04
2023-03-15 11:00:00,69.04
2023-03-15 12:00:00,69.04
2023-03-15 13:00:00,69.04
2023-03-15 14:00:00,69.04
2023-03-15 15:00:00,69.04
2023-03-15 16:00:00,69.04
2023-03-15 17:00:00,69.04
2023-03-15 18:00:00,69.04
2023-03-15 19:00:00,69.04
2023-03-15 20:00:00,69.04
2023-03-15 21:00:00,69.04
2023-03-15 22:00:00,69.04
2023-03-15 23:00:00,69.04
2023-03-16 00:00:00,69.04
2023-03-16 01:00:00,69.04
2023-03-16 02:00:00,69.04
2023-03-16 03:00:00,69.04
2023-03-16 04:00:00,69.04
2023-03-16 05:00:00,69.04
2023-03-16 06:00:00,69.04
2023-03-16 07:00:00,69.04
2023-03-16 08:00:00,69.04
2023-03-16 09:00:00,69.04
2023-03-16 10:00:00,69.04
2023-03-16 11:00:00,69.04
2023-03-16 12:00:00,69.04
2023-03-16 13:00:00,69.04
2023-03-16 14:00:00,69.04
2023-03-16 15:00:00,69.04
2023-03-16 16:00:00,69.04
2023-03-16 17:00:00,69.04
2023-03-16 18:00:00,69.04
2023-03-16 19:00:00,69.04
2023-03-16 20:00:00,69.04
2023-03-16 21:00:00,69.04
2023-03-16 22:00:00,69.04
2023-03-16 23:00:00,69.04
2023-03-17 00:00:00,69.04
2023-03-17 01:00:00,69.04
2023-03-17 02:00:00,69.04
2023-03-17 03:00:00,69.04
2023-03-17 04:00:00,69.04
2023-03-17 05:00:00,69.04
2023-03-17 06:00:00,69.04
2023-03-17 07:00:00,69.04
2023-03-17 08:00:00,69.04
2023-03-17 09:00:00,69.04
2023-03-17 10:00:00,69.04
2023-03-17 11:00:00,69.04
2023-03-17 12:00:00,69.04
2023-03-17 13:00:00,69.04
2023-03-17 14:00:00,69.04
2023-03-17 15:00:00,69.04
2023-03-17 16:00:00,69.04
2023-03-17 17:00:00,69.04
2023-03-17 18:00:00,69.04
2023-03-17 19:00:00,69.04
2023-03-17 20:00:00,69.04
2023-03-17 21:00:00,69.04
2023-03-17 22:00:00,69.04
2023-03-17 23:00:00,69.04
2023-03-18 00:00:00,69.04
2023-03-18 01:00:00,69.04
2023-03-18 02:00:00,69.04
2023-03-18 03:00:00,69.04
2023-03-18 04:00:00,69.04
2023-03-18 05:00:00,69.04
2023-03-18 06:00:00,69.04
2023-03-18 07:00:00,69.04
2023-03-18 08:00:00,69.04
2023-03-18 09:00:00,69.04
2023-03-18 10:00:00,69.04
2023-03-18 11:00:00,69.04
2023-03-18 12:00:00,69.04
2023-03-18 13:00:00,69.04
2023-03-18 14:00:00,69.04
2023-03-18 15:00:00,69.04
2023-03-18 16:00:00,69.04
2023-03-18 17:00:00,69.04
2023-03-18 18:00:00,69.04
2023-03-18 19:00:00,69.04
2023-03-18 20:00:00,69.04
2023-03-18 21:00:00,69.04
2023-03-18 22:00:00,69.04
2023-03-18 23:00:00,69.04
2023-03-19 00:00:00,69.04
2023-03-19 01:00:00,69.04
2023-03-19 02:00:00,69.04
2023-03-19 03:00:00,69.04
2023-03-19 04:00:00,69.04
2023-03-19 05:00:00,69.04
2023-03-19 06:00:00,69.04
2023-03-19 07:00:00,69.04
2023-03-19 08:00:00,69.04
2023-03-19 09:00:00,69.04
2023-03-19 10:00:00,69.04
2023-03-19 11:00:00,69.04
2023-03-19 12:00:00,69.04
2023-03-19 13:00:00,69.04
2023-03-19 14:00:00,69.04
2023-03-19 15:00:00,69.04
2023-03-19 16:00:00,69.04
2023-03-19 17:00:00,69.04
2023-03-19 18:00:00,69.04
2023-03-19 19:00:00,69.04
2023-03-19 20:00:00,69.04
2023-03-19 21:00:00,69.04
2023-03-19 22:00:00,69.04
2023-03-19 23:00:00,69.04
2023-03-20 00:00:00,69.04
2023-03-20 01:00:00,69.04
2023-03-20 02:00:00,69.04
2023-03-20 03:00:00,69.04
2023-03-20 04:00:00,69.04
2023-03-20 05:00:00,69.04
2023-03-20 06:00:00,69.04
2023-03-20 07:00:00,69.04
2023-03-20 08:00:00,69.04
2023-03-20 09:00:00,69.04
2023-03-20 10:00:00,69.04
2023-03-20 11:00:00,69.04
2023-03-20 12:00:00,69.04
2023-03-20 13:00:00,69.04
2023-03-20 14:00:00,69.04
2023-03-20 15:00:00,69.04
2023-03-20 16:00:00,69.04
2023-03-20 17:00:00,69.04
2023-03-20 18:00:00,69.04
2023-03-20 19:00:00,69.04
2023-03-20 20:00:00,69.04
2023-03-20 21:00:00,69.04
2023-03-20 22:00:00,69.04
2023-03-20 23:00:00,69.04
2023-03-21 00:00:00,69.04
2023-03-21 01:00:00,69.04
2023-03-21 02:00:00,69.04
2023-03-21 03:00:00,69.04
2023-03-21 04:00:00,69.04
2023-03-21 05:00:00,69.04
2023-03-21 06:00:00,69.04
2023-03-21 07:00:00,69.04
2023-03-21 08:00:00,69.04
2023-03-21 09:00:00,69.04
2023-03-21 10:00:00,69.04
2023-03-21 11:00:00,69.04
2023-03-21 12:00:00,69.04
2023-03-21 13:00:00,69.04
2023-03-21 14:00:00,69.04
2023-03-21 15:00:00,69.04
2023-03-21 16:00:00,69.04
2023-03-21 17:00:00,69.04
2023-03-21 18:00:00,69.04
2023-03-21 19:00:00,69.04
2023-03-21 20:00:00,69.04
2023-03-21 21:00:00,69.04
2023-03-21 22:00:00,69.04
2023-03-21 23:00:00,69.04
2023-03-22 00:00:00,69.04
2023-03-22 01:00:00,69.04
2023-03-22 02:00:00,69.04
2023-03-22 03:00:00,69.04
2023-03-22 04:00:00,69.04
2023-03-22 05:00:00,69.04
2023-03-22 06:00:00,69.04
2023-03-22 07:00:00,69.04
2023-03-22 08:00:00,69.04
2023-03-22 09:00:00,69.04
2023-03-22 10:00:00,69.04
2023-03-22 11:00:00,69.04
2023-03-22 12:00:00,69.04
2023-03-22 13:00:00,69.04
2023-03-22 14:00:00,69.04
2023-03-22 15:00:00,69.04
2023-03-22 16:00:00,69.04
2023-03-22 17:00:00,69.04
2023-03-22 18:00:00,69.04
2023-03-22 19:00:00,69.04
2023-03-22 20:00:00,69.04
2023-03-22 21:00:00,69.04
2023-03-22 22:00:00,69.04
2023-03-22 23:00:00,69.04
2023-03-23 00:00:00,69.04
2023-03-23 01:00:00,69.04
2023-03-23 02:00:00,69.04
2023-03-23 03:00:00,69.04
2023-03-23 04:00:00,69.04
2023-03-23 05:00:00,69.04
2023-03-23 06:00:00,69.04
2023-03-23 07:00:00,69.04
2023-03-23 08:00:00,69.04
2023-03-23 09:00:00,69.04
2023-03-23 10:00:00,69.04
2023-03-23 11:00:00,69.04
2023-03-23 12:00:00,69.04
2023-03-23 13:00:00,69.04
2023-03-23 14:00:00,69.04
2023-03-23 15:00:00,69.04
2023-03-23 16:00:00,69.04
2023-03-23 17:00:00,69.04
2023-03-23 18:00:00,69.04
2023-03-23 19:00:00,69.04
2023-03-23 20:00:00,69.04
2023-03-23 21:00:00,69.04
2023-03-23 22:00:00,69.04
2023-03-23 23:00:00,69.04
2023-03-24 00:00:00,69.04
2023-03-24 01:00:00,69.04
2023-03-24 02:00:00,69.04
2023-03-24 03:00:00,69.04
2023-03-24 04:00:00,69.04
2023-03-24 05:00:00,69.04
2023-03-24 06:00:00,69.04
2023-03-24 07:00:00,69.04
2023-03-24 08:00:00,69.04
2023-03-24 09:00:00,69.04
2023-03-24 10:00:00,69.04
2023-03-24 11:00:00,69.04
2023-03-24 12:00:00,69.04
2023-03-24 13:00:00,69.04
2023-03-24 14:00:00,69.04
2023-03-24 15:00:00,69.04
2023-03-24 16:00:00,69.04
2023-03-24 17:00:00,69.04
2023-03-24 18:00:00,69.04
2023-03-24 19:00:00,69.04
2023-03-24 20:00:00,69.04
2023-03-24 21:00:00,69.04
2023-03-24 22:00:00,69.04
2023-03-24 23:00:00,69.04
2023-03-25 00:00:00,69.04
2023-03-25 01:00:00,69.04
2023-03-25 02:00:00,69.04
2023-03-25 03:00:00,69.04
2023-03-25 04:00:00,69.04
2023-03-25 05:00:00,69.04
2023-03-25 06:00:00,69.04
2023-03-25 07:00:00,69.04
2023-03-25 08:00:00,69.04
2023-03-25 09:00:00,69.04
2023-03-25 10:00:00,69.04
2023-03-25 11:00:00,69.04
2023-03-25 12:00:00,69.04
2023-03-25 13:00:00,69.04
2023-03-25 14:00:00,69.04
2023-03-25 15:00:00,69.04
2023-03-25 16:00:00,69.04
2023-03-25 17:00:00,69.04
2023-03-25 18:00:00,69.04
2023-03-25 19:00:00,69.04
2023-03-25 20:00:00,69.04
2023-03-25 21:00:00,69.04
2023-03-25 22:00:00,69.04
2023-03-25 23:00:00,69.04
2023-03-26 00:00:00,69.04
2023-03-26 01:00:00,69.04
2023-03-26 02:00:00,69.04
2023-03-26 03:00:00,69.04
2023-03-26 04:00:00,69.04
2023-03-26 05:00:00,69.04
2023-03-26 06:00:00,69.04
2023-03-26 07:00:00,69.04
2023-03-26 08:00:00,69.04
2023-03-26 09:00:00,69.04
2023-03-26 10:00:00,69.04
2023-03-26 11:00:00,69.04
2023-03-26 12:00:00,69.04
2023-03-26 13:00:00,69.04
2023-03-26 14:00:00,69.04
2023-03-26 15:00:00,69.04
2023-03-26 16:00:00,69.04
2023-03-26 17:00:00,69.04
2023-03-26 18:00:00,69.04
2023-03-26 19:00:00,69.04
2023-03-26 20:00:00,69.04
2023-03-26 21:00:00,69.04
2023-03-26 22:00:00,69.04
2023-03-26 23:00:00,69.04
2023-03-27 00:00:00,69.04
2023-03-27 01:00:00,69.04
2023-03-27 02:00:00,69.04
2023-03-27 03:00:00,69.04
2023-03-27 04:00:00,69.04
2023-03-27 05:00:00,69.04
2023-03-27 06:00:00,69.04
2023-03-27 07:00:00,69.04
2023-03-27 08:00:00,69.04
2023-03-27 09:00:00,69.04
2023-03-27 10:00:00,69.04
2023-03-27 11:00:00,69.04
2023-03-27 12:00:00,69.04
2023-03-27 13:00:00,69.04
2023-03-27 14:00:00,69.04
2023-03-27 15:00:00,69.04
2023-03-27 16:00:00,69.04
2023-03-27 17:00:00,69.04
2023-03-27 18:00:00,69.04
2023-03-27 19:00:00,69.04
2023-03-27 20:00:00,69.04
2023-03-27 21:00:00,69.04
2023-03-27 22:00:00,69.04
2023-03-27 23:00:00,69.04
2023-03-28 00:00:00,69.04
2023-03-28 01:00:00,69.04
2023-03-28 02:00:00,69.04
2023-03-28 03:00:00,69.04
2023-03-28 04:00:00,69.04
2023-03-28 05:00:00,69.04
2023-03-28 06:00:00,69.04
2023-03-28 07:00:00,69.04
2023-03-28 08:00:00,69.04
2023-03-28 09:00:00,69.04
2023-03-28 10:00:00,69.04
2023-03-28 11:00:00,69.04
2023-03-28 12:00:00,69.04
2023-03-28 13:00:00,69.04
2023-03-28 14:00:00,69.04
2023-03-28 15:00:00,69.04
2023-03-28 16:00:00,69.04
2023-03-28 17:00:00,69.04
2023-03-28 18:00:00,69.04
2023-03-28 19:00:00,69.04
2023-03-28 20:00:00,69.04
2023-03-28 21:00:00,69.04
2023-03-28 22:00:00,69.04
2023-03-28 23:00:00,69.04
2023-03-29 00:00:00,69.04
2023-03-29 01:00:00,69.04
2023-03-29 02:00:00,69.04
2023-03-29 03:00:00,69.04
2023-03-29 04:00:00,69.04
2023-03-29 05:00:00,69.04
2023-03-29 06:00:00,69.04
2023-03-29 07:00:00,69.04
2023-03-29 08:00:00,69.04
2023-03-29 09:00:00,69.04
2023-03-29 10:00:00,69.04
2023-03-29 11:00:00,69.04
2023-03-29 12:00:00,69.04
2023-03-29 13:00:00,69.04
2023-03-29 14:00:00,69.04
2023-03-29 15:00:00,69.04
2023-03-29 16:00:00,69.04
2023-03-29 17:00:00,69.04
2023-03-29 18:00:00,69.04
2023-03-29 19:00:00,69.04
2023-03-29 20:00:00,69.04
2023-03-29 21:00:00,69.04
2023-03-29 22:00:00,69.04
2023-03-29 23:00:00,69.04
2023-03-30 00:00:00,69.04
2023-03-30 01:00:00,69.04
2023-03-30 02:00:00,69.04
2023-03-30 03:00:00,69.04
2023-03-30 04:00:00,69.04
2023-03-30 05:00:00,69.04
2023-03-30 06:00:00,69.04
2023-03-30 07:00:00,69.04
2023-03-30 08:00:00,69.04
2023-03-30 09:00:00,69.04
2023-03-30 10:00:00,69.04
2023-03-30 11:00:00,69.04
2023-03-30 12:00:00,69.04
2023-03-30 13:00:00,69.04
2023-03-30 14:00:00,69.04
2023-03-30 15:00:00,69.04
2023-03-30 16:00:00,69.04
2023-03-30 17:00:00,69.04
2023-03-30 18:00:00,69.04
2023-03-30 19:00:00,69.04
2023-03-30 20:00:00,69.04
2023-03-30 21:00:00,69.04
2023-03-30 22:00:00,69.04
2023-03-30 23:00:00,69.04
2023-03-31 00:00:00,69.04
2023-03-31 01:00:00,69.04
2023-03-31 02:00:00,69.04
2023-03-31 03:00:00,69.04
2023-03-31 04:00:00,69.04
2023-03-31 05:00:00,69.04
2023-03-31 06:00:00,69.04
2023-03-31 07:00:00,69.04
2023-03-31 08:00:00,69.04
2023-03-31 09:00:00,69.04
2023-03-31 10:00:00,69.04
2023-03-31 11:00:00,69.04
2023-03-31 12:00:00,69.04
2023-03-31 13:00:00,69.04
2023-03-31 14:00:00,69.04
2023-03-31 15:00:00,69.04
2023-03-31 16:00:00,69.04
2023-03-31 17:00:00,69.04
2023-03-31 18:00:00,69.04
2023-03-31 19:00:00,69.04
2023-03-31 20:00:00,69.04
2023-03-31 21:00:00,69.04
2023-03-31 22:00:00,69.04
2023-03-31 23:00:00,69.04
2023-04-01 00:00:00,69.04
2023-04-01 01:00:00,69.04
2023-04-01 02:00:00,69.04
2023-04-01 03:00:00,69.04
2023-04-01 04:00:00,69.04
2023-04-01 05:00:00,69.04
2023-04-01 06:00:00,69.04
2023-04-01 07:00:00,69.04
2023-04-01 08:00:00,69.04
2023-04-01 09:00:00,69.04
2023-04-01 10:00:00,69.04
2023-04-01 11:00:00,69.04
2023-04-01 12:00:00,69.04
2023-04-01 13:00:00,69.04
2023-04-01 14:00:00,69.04
2023-04-01 15:00:00,69.04
2023-04-01 16:00:00,69.04
2023-04-01 17:00:00,69.04
2023-04-01 18:00:00,69.04
2023-04-01 19:00:00,69.04
2023-04-01 20:00:00,69.04
2023-04-01 21:00:00,69.04
2023-04-01 22:00:00,69.04
2023-04-01 23:00:00,69.04
2023-04-02 00:00:00,69.04
2023-04-02 01:00:00,69.04
2023-04-02 02:00:00,69.04
2023-04-02 03:00:00,69.04
2023-04-02 04:00:00,69.04
2023-04-02 05:00:00,69.04
2023-04-02 06:00:00,69.04
2023-04-02 07:00:00,69.04
2023-04-02 08:00:00,69.04
2023-04-02 09:00:00,69.04
2023-04-02 10:00:00,69.04
2023-04-02 11:00:00,69.04
2023-04-02 12:00:00,69.04
2023-04-02 13:00:00,69.04
2023-04-02 14:00:00,69.04
2023-04-02 15:00:00,69.04
2023-04-02 16:00:00,69.04
2023-04-02 17:00:00,69.04
2023-04-02 18:00:00,69.04
2023-04-02 19:00:00,69.04
2023-04-02 20:00:00,69.04
2023-04-02 21:00:00,69.04
2023-04-02 22:00:00,69.04
2023-04-02 23:00:00,69.04
2023-04-03 00:00:00,69.04
2023-04-03 01:00:00,69.04
2023-04-03 02:00:00,69.04
2023-04-03 03:00:00,69.04
2023-04-03 04:00:00,69.04
2023-04-03 05:00:00,69.04
2023-04-03 06:00:00,69.04
2023-04-03 07:00:00,69.04
2023-04-03 08:00:00,69.04
2023-04-03 09:00:00,69.04
2023-04-03 10:00:00,69.04
2023-04-03 11:00:00,69.04
2023-04-03 12:00:00,69.04
2023-04-03 13:00:00,69.04
2023-04-03 14:00:00,69.04
2023-04-03 15:00:00,69.04
2023-04-03 16:00:00,69.04
2023-04-03 17:00:00,69.04
2023-04-03 18:00:00,69.04
2023-04-03 19:00:00,69.04
2023-04-03 20:00:00,69.04
2023-04-03 21:00:00,69.04
2023-04-03 22:00:00,69.04
2023-04-03 23:00:00,69.04
2023-04-04 00:00:00,69.04
2023-04-04 01:00:00,69.04
2023-04-04 02:00:00,69.04
2023-04-04 03:00:00,69.04
2023-04-04 04:00:00,69.04
2023-04-04 05:00:00,69.04
2023-04-04 06:00:00,69.04
2023-04-04 07:00:00,69.04
2023-04-04 08:00:00,69.04
2023-04-04 09:00:00,69.04
2023-04-04 10:00:00,69.04
2023-04-04 11:00:00,69.04
2023-04-04 12:00:00,69.04
2023-04-04 13:00:00,69.04
2023-04-04 14:00:00,69.04
2023-04-04 15:00:00,69.04
2023-04-04 16:00:00,69.04
2023-04-04 17:00:00,69.04
2023-04-04 18:00:00,69.04
2023-04-04 19:00:00,69.04
2023-04-04 20:00:00,69.04
2023-04-04 21:00:00,69.04
2023-04-04 22:00:00,69.04
2023-04-04 23:00:00,69.04
2023-04-05 00:00:00,69.04
2023-04-05 01:00:00,69.04
2023-04-05 02:00:00,69.04
2023-04-05 03:00:00,69.04
2023-04-05 04:00:00,69.04
2023-04-05 05:00:00,69.04
2023-04-05 06:00:00,69.04
2023-04-05 07:00:00,69.04
2023-04-05 08:00:00,69.04
2023-04-05 09:00:00,69.04
2023-04-05 10:00:00,69.04
2023-04-05 11:00:00,69.04
2023-04-05 12:00:00,69.04
2023-04-05 13:00:00,69.04
2023-04-05 14:00:00,69.04
2023-04-05 15:00:00,69.04
2023-04-05 16:00:00,69.04
2023-04-05 17:00:00,69.04
2023-04-05 18:00:00,69.04
2023-04-05 19:00:00,69.04
2023-04-05 20:00:00,69.04
2023-04-05 21:00:00,69.04
2023-04-05 22:00:00,69.04
2023-04-05 23:00:00,69.04
2023-04-06 00:00:00,69.04
2023-04-06 01:00:00,69.04
2023-04-06 02:00:00,69.04
2023-04-06 03:00:00,69.04
2023-04-06 04:00:00,69.04
2023-04-06 05:00:00,69.04
2023-04-06 06:00:00,69.04
2023-04-06 07:00:00,69.04
2023-04-06 08:00:00,69.04
2023-04-06 09:00:00,69.04
2023-04-06 10:00:00,69.04
2023-04-06 11:00:00,69.04
2023-04-06 12:00:00,69.04
2023-04-06 13:00:00,69.04
2023-04-06 14:00:00,69.04
2023-04-06 15:00:00,69.04
2023-04-06 16:00:00,69.04
2023-04-06 17:00:00,69.04
2023-04-06 18:00:00,69.04
2023-04-06 19:00:00,69.04
2023-04-06 20:00:00,69.04
2023-04-06 21:00:00,69.04
2023-04-06 22:00:00,69.04
2023-04-06 23:00:00,69.04
2023-04-07 00:00:00,69.04
2023-04-07 01:00:00,69.04
2023-04-07 02:00:00,69.04
2023-04-07 03:00:00,69.04
2023-04-07 04:00:00,69.04
2023-04-07 05:00:00,69.04
2023-04-07 06:00:00,69.04
2023-04-07 07:00:00,69.04
2023-04-07 08:00:00,69.04
2023-04-07 09:00:00,69.04
2023-04-07 10:00:00,69.04
2023-04-07 11:00:00,69.04
2023-04-07 12:00:00,69.04
2023-04-07 13:00:00,69.04
2023-04-07 14:00:00,69.04
2023-04-07 15:00:00,69.04
2023-04-07 16:00:00,69.04
2023-04-07 17:00:00,69.04
2023-04-07 18:00:00,69.04
2023-04-07 19:00:00,69.04
2023-04-07 20:00:00,69.04
2023-04-07 21:00:00,69.04
2023-04-07 22:00:00,69.04
2023-04-07 23:00:00,69.04
2023-04-08 00:00:00,69.04
2023-04-08 01:00:00,69.04
2023-04-08 02:00:00,69.04
2023-04-08 03:00:00,69.04
2023-04-08 04:00:00,69.04
2023-04-08 05:00:00,69.04
2023-04-08 06:00:00,69.04
2023-04-08 07:00:00,69.04
2023-04-08 08:00:00,69.04
2023-04-08 09:00:00,69.04
2023-04-08 10:00:00,69.04
2023-04-08 11:00:00,69.04
2023-04-08 12:00:00,69.04
2023-04-08 13:00:00,69.04
2023-04-08 14:00:00,69.04
2023-04-08 15:00:00,69.04
2023-04-08 16:00:00,69.04
2023-04-08 17:00:00,69.04
2023-04-08 18:00:00,69.04
2023-04-08 19:00:00,69.04
2023-04-08 20:00:00,69.04
2023-04-08 21:00:00,69.04
2023-04-08 22:00:00,69.04
2023-04-08 23:00:00,69.04
2023-04-09 00:00:00,69.04
2023-04-09 01:00:00,69.04
2023-04-09 02:00:00,69.04
2023-04-09 03:00:00,69.04
2023-04-09 04:00:00,69.04
2023-04-09 05:00:00,69.04
2023-04-09 06:00:00,69.04
2023-04-09 07:00:00,69.04
2023-04-09 08:00:00,69.04
2023-04-09 09:00:00,69.04
2023-04-09 10:00:00,69.04
2023-04-09 11:00:00,69.04
2023-04-09 12:00:00,69.04
2023-04-09 13:00:00,69.04
2023-04-09 14:00:00,69.04
2023-04-09 15:00:00,69.04
2023-04-09 16:00:00,69.04
2023-04-09 17:00:00,69.04
2023-04-09 18:00:00,69.04
2023-04-09 19:00:00,69.04
2023-04-09 20:00:00,69.04
2023-04-09 21:00:00,69.04
2023-04-09 22:00:00,69.04
2023-04-09 23:00:00,69.04
2023-04-10 00:00:00,69.04
2023-04-10 01:00:00,69.04
2023-04-10 02:00:00,69.04
2023-04-10 03:00:00,69.04
2023-04-10 04:00:00,69.04
2023-04-10 05:00:00,69.04
2023-04-10 06:00:00,69.04
2023-04-10 07:00:00,69.04
2023-04-10 08:00:00,69.04
2023-04-10 09:00:00,69.04
2023-04-10 10:00:00,69.04
2023-04-10 11:00:00,69.04
2023-04-10 12:00:00,69.04
2023-04-10 13:00:00,69.04
2023-04-10 14:00:00,69.04
2023-04-10 15:00:00,69.04
2023-04-10 16:00:00,69.04
2023-04-10 17:00:00,69.04
2023-04-10 18:00:00,69.04
2023-04-10 19:00:00,69.04
2023-04-10 20:00:00,69.04
2023-04-10 21:00:00,69.04
2023-04-10 22:00:00,69.04
2023-04-10 23:00:00,69.04
2023-04-11 00:00:00,69.04
2023-04-11 01:00:00,69.04
2023-04-11 02:00:00,69.04
2023-04-11 03:00:00,69.04
2023-04-11 04:00:00,69.04
2023-04-11 05:00:00,69.04
2023-04-11 06:00:00,69.04
2023-04-11 07:00:00,69.04
2023-04-11 08:00:00,69.04
2023-04-11 09:00:00,69.04
2023-04-11 10:00:00,69.04
2023-04-11 11:00:00,69.04
2023-04-11 12:00:00,69.04
2023-04-11 13:00:00,69.04
2023-04-11 14:00:00,69.04
2023-04-11 15:00:00,69.04
2023-04-11 16:00:00,69.04
2023-04-11 17:00:00,69.04
2023-04-11 18:00:00,69.04
2023-04-11 19:00:00,69.04
2023-04-11 20:00:00,69.04
2023-04-11 21:00:00,69.04
2023-04-11 22:00:00,69.04
2023-04-11 23:00:00,69.04
2023-04-12 00:00:00,69.04
2023-04-12 01:00:00,69.04
2023-04-12 02:00:00,69.04
2023-04-12 03:00:00,69.04
2023-04-12 04:00:00,69.04
2023-04-12 05:00:00,69.04
2023-04-12 06:00:00,69.04
2023-04-12 07:00:00,69.04
2023-04-12 08:00:00,69.04
2023-04-12 09:00:00,69.04
2023-04-12 10:00:00,69.04
2023-04-12 11:00:00,69.04
2023-04-12 12:00:00,69.04
2023-04-12 13:00:00,69.04
2023-04-12 14:00:00,69.04
2023-04-12 15:00:00,69.04
2023-04-12 16:00:00,69.04
2023-04-12 17:00:00,69.04
2023-04-12 18:00:00,69.04
2023-04-12 19:00:00,69.04
2023-04-12 20:00:00,69.04
2023-04-12 21:00:00,69.04
2023-04-12 22:00:00,69.04
2023-04-12 23:00:00,69.04
2023-04-13 00:00:00,69.04
2023-04-13 01:00:00,69.04
2023-04-13 02:00:00,69.04
2023-04-13 03:00:00,69.04
2023-04-13 04:00:00,69.04
2023-04-13 05:00:00,69.04
2023-04-13 06:00:00,69.04
2023-04-13 07:00:00,69.04
2023-04-13 08:00:00,69.04
2023-04-13 09:00:00,69.04
2023-04-13 10:00:00,69.04
2023-04-13 11:00:00,69.04
2023-04-13 12:00:00,69.04
2023-04-13 13:00:00,69.04
2023-04-13 14:00:00,69.04
2023-04-13 15:00:00,69.04
2023-04-13 16:00:00,69.04
2023-04-13 17:00:00,69.04
2023-04-13 18:00:00,69.04
2023-04-13 19:00:00,69.04
2023-04-13 20:00:00,69.04
2023-04-13 21:00:00,69.04
2023-04-13 22:00:00,69.04
2023-04-13 23:00:00,69.04
2023-04-14 00:00:00,69.04
2023-04-14 01:00:00,69.04
2023-04-14 02:00:00,69.04
2023-04-14 03:00:00,69.04
2023-04-14 04:00:00,69.04
2023-04-14 05:00:00,69.04
2023-04-14 06:00:00,69.04
2023-04-14 07:00:00,69.04
2023-04-14 08:00:00,69.04
2023-04-14 09:00:00,69.04
2023-04-14 10:00:00,69.04
2023-04-14 11:00:00,69.04
2023-04-14 12:00:00,69.04
2023-04-14 13:00:00,69.04
2023-04-14 14:00:00,69.04
2023-04-14 15:00:00,69.04
2023-04-14 16:00:00,69.04
2023-04-14 17:00:00,69.04
2023-04-14 18:00:00,69.04
2023-04-14 19:00:00,69.04
2023-04-14 20:00:00,69.04
2023-04-14 21:00:00,69.04
2023-04-14 22:00:00,69.04
2023-04-14 23:00:00,69.04
2023-04-15 00:00:00,69.04
2023-04-15 01:00:00,69.04
2023-04-15 02:00:00,69.04
2023-04-15 03:00:00,69.04
2023-04-15 04:00:00,69.04
2023-04-15 05:00:00,69.04
2023-04-15 06:00:00,69.04
2023-04-15 07:00:00,69.04
2023-04-15 08:00:00,69.04
2023-04-15 09:00:00,69.04
2023-04-15 10:00:00,69.04
2023-04-15 11:00:00,69.04
2023-04-15 12:00:00,69.04
2023-04-15 13:00:00,69.04
2023-04-15 14:00:00,69.04
2023-04-15 15:00:00,69.04
2023-04-15 16:00:00,69.04
2023-04-15 17:00:00,69.04
2023-04-15 18:00:00,69.04
2023-04-15 19:00:00,69.04
2023-04-15 20:00:00,69.04
2023-04-15 21:00:00,69.04
2023-04-15 22:00:00,69.04
2023-04-15 23:00:00,69.04
2023-04-16 00:00:00,69.04
2023-04-16 01:00:00,69.04
2023-04-16 02:00:00,69.04
2023-04-16 03:00:00,69.04
2023-04-16 04:00:00,69.04
2023-04-16 05:00:00,69.04
2023-04-16 06:00:00,69.04
2023-04-16 07:00:00,69.04
2023-04-16 08:00:00,69.04
2023-04-16 09:00:00,69.04
2023-04-16 10:00:00,69.04
2023-04-16 11:00:00,69.04
2023-04-16 12:00:00,69.04
2023-04-16 13:00:00,69.04
2023-04-16 14:00:00,69.04
2023-04-16 15:00:00,69.04
2023-04-16 16:00:00,69.04
2023-04-16 17:00:00,69.04
2023-04-16 18:00:00,69.04
2023-04-16 19:00:00,69.04
2023-04-16 20:00:00,69.04
2023-04-16 21:00:00,69.04
2023-04-16 22:00:00,69.04
2023-04-16 23:00:00,69.04
2023-04-17 00:00:00,69.04
2023-04-17 01:00:00,69.04
2023-04-17 02:00:00,69.04
2023-04-17 03:00:00,69.04
2023-04-17 04:00:00,69.04
2023-04-17 05:00:00,69.04
2023-04-17 06:00:00,69.04
2023-04-17 07:00:00,69.04
2023-04-17 08:00:00,69.04
2023-04-17 09:00:00,69.04
2023-04-17 10:00:00,69.04
2023-04-17 11:00:00,69.04
2023-04-17 12:00:00,69.04
2023-04-17 13:00:00,69.04
2023-04-17 14:00:00,69.04
2023-04-17 15:00:00,69.04
2023-04-17 16:00:00,69.04
2023-04-17 17:00:00,69.04
2023-04-17 18:00:00,69.04
2023-04-17 19:00:00,69.04
2023-04-17 20:00:00,69.04
2023-04-17 21:00:00,69.04
2023-04-17 22:00:00,69.04
2023-04-17 23:00:00,69.04
2023-04-18 00:00:00,69.04
2023-04-18 01:00:00,69.04
2023-04-18 02:00:00,69.04
2023-04-18 03:00:00,69.04
2023-04-18 04:00:00,69.04
2023-04-18 05:00:00,69.04
2023-04-18 06:00:00,69.04
2023-04-18 07:00:00,69.04
2023-04-18 08:00:00,69.04
2023-04-18 09:00:00,69.04
2023-04-18 10:00:00,69.04
2023-04-18 11:00:00,69.04
2023-04-18 12:00:00,69.04
2023-04-18 13:00:00,69.04
2023-04-18 14:00:00,69.04
2023-04-18 15:00:00,69.04
2023-04-18 16:00:00,69.04
2023-04-18 17:00:00,69.04
2023-04-18 18:00:00,69.04
2023-04-18 19:00:00,69.04
2023-04-18 20:00:00,69.04
2023-04-18 21:00:00,69.04
2023-04-18 22:00:00,69.04
2023-04-18 23:00:00,69.04
2023-04-19 00:00:00,69.04
2023-04-19 01:00:00,69.04
2023-04-19 02:00:00,69.04
2023-04-19 03:00:00,69.04
2023-04-19 04:00:00,69.04
2023-04-19 05:00:00,69.04
2023-04-19 06:00:00,69.04
2023-04-19 07:00:00,69.04
2023-04-19 08:00:00,69.04
2023-04-19 09:00:00,69.04
2023-04-19 10:00:00,69.04
2023-04-19 11:00:00,69.04
2023-04-19 12:00:00,69.04
2023-04-19 13:00:00,69.04
2023-04-19 14:00:00,69.04
2023-04-19 15:00:00,69.04
2023-04-19 16:00:00,69.04
2023-04-19 17:00:00,69.04
2023-04-19 18:00:00,69.04
2023-04-19 19:00:00,69.04
2023-04-19 20:00:00,69.04
2023-04-19 21:00:00,69.04
2023-04-19 22:00:00,69.04
2023-04-19 23:00:00,69.04
2023-04-20 00:00:00,69.04
2023-04-20 01:00:00,69.04
2023-04-20 02:00:00,69.04
2023-04-20 03:00:00,69.04
2023-04-20 04:00:00,69.04
2023-04-20 05:00:00,69.04
2023-04-20 06:00:00,69.04
2023-04-20 07:00:00,69.04
2023-04-20 08:00:00,69.04
2023-04-20 09:00:00,69.04
2023-04-20 10:00:00,69.04
2023-04-20 11:00:00,69.04
2023-04-20 12:00:00,69.04
2023-04-20 13:00:00,69.04
2023-04-20 14:00:00,69.04
2023-04-20 15:00:00,69.04
2023-04-20 16:00:00,69.04
2023-04-20 17:00:00,69.04
2023-04-20 18:00:00,69.04
2023-04-20 19:00:00,69.04
2023-04-20 20:00:00,69.04
2023-04-20 21:00:00,69.04
2023-04-20 22:00:00,69.04
2023-04-20 23:00:00,69.04
2023-04-21 00:00:00,69.04
2023-04-21 01:00:00,69.04
2023-04-21 02:00:00,69.04
2023-04-21 03:00:00,69.04
2023-04-21 04:00:00,69.04
2023-04-21 05:00:00,69.04
2023-04-21 06:00:00,69.04
2023-04-21 07:00:00,69.04
2023-04-21 08:00:00,69.04
2023-04-21 09:00:00,69.04
2023-04-21 10:00:00,69.04
2023-04-21 11:00:00,69.04
2023-04-21 12:00:00,69.04
2023-04-21 13:00:00,69.04
2023-04-21 14:00:00,69.04
2023-04-21 15:00:00,69.04
2023-04-21 16:00:00,69.04
2023-04-21 17:00:00,69.04
2023-04-21 18:00:00,69.04
2023-04-21 19:00:00,69.04
2023-04-21 20:00:00,69.04
2023-04-21 21:00:00,69.04
2023-04-21 22:00:00,69.04
2023-04-21 23:00:00,69.04
2023-04-22 00:00:00,69.04
2023-04-22 01:00:00,69.04
2023-04-22 02:00:00,69.04
2023-04-22 03:00:00,69.04
2023-04-22 04:00:00,69.04
2023-04-22 05:00:00,69.04
2023-04-22 06:00:00,69.04
2023-04-22 07:00:00,69.04
2023-04-22 08:00:00,69.04
2023-04-22 09:00:00,69.04
2023-04-22 10:00:00,69.04
2023-04-22 11:00:00,69.04
2023-04-22 12:00:00,69.04
2023-04-22 13:00:00,69.04
2023-04-22 14:00:00,69.04
2023-04-22 15:00:00,69.04
2023-04-22 16:00:00,69.04
2023-04-22 17:00:00,69.04
2023-04-22 18:00:00,69.04
2023-04-22 19:00:00,69.04
2023-04-22 20:00:00,69.04
2023-04-22 21:00:00,69.04
2023-04-22 22:00:00,69.04
2023-04-22 23:00:00,69.04
2023-04-23 00:00:00,69.04
2023-04-23 01:00:00,69.04
2023-04-23 02:00:00,69.04
2023-04-23 03:00:00,69.04
2023-04-23 04:00:00,69.04
2023-04-23 05:00:00,69.04
2023-04-23 06:00:00,69.04
2023-04-23 07:00:00,69.04
2023-04-23 08:00:00,69.04
2023-04-23 09:00:00,69.04
2023-04-23 10:00:00,69.04
2023-04-23 11:00:00,69.04
2023-04-23 12:00:00,69.04
2023-04-23 13:00:00,69.04
2023-04-23 14:00:00,69.04
2023-04-23 15:00:00,69.04
2023-04-23 16:00:00,69.04
2023-04-23 17:00:00,69.04
2023-04-23 18:00:00,69.04
2023-04-23 19:00:00,69.04
2023-04-23 20:00:00,69.04
2023-04-23 21:00:00,69.04
2023-04-23 22:00:00,69.04
2023-04-23 23:00:00,69.04
2023-04-24 00:00:00,69.04
2023-04-24 01:00:00,69.04
2023-04-24 02:00:00,69.04
2023-04-24 03:00:00,69.04
2023-04-24 04:00:00,69.04
2023-04-24 05:00:00,69.04
2023-04-24 06:00:00,69.04
2023-04-24 07:00:00,69.04
2023-04-24 08:00:00,69.04
2023-04-24 09:00:00,69.04
2023-04-24 10:00:00,69.04
2023-04-24 11:00:00,69.04
2023-04-24 12:00:00,69.04
2023-04-24 13:00:00,69.04
2023-04-24 14:00:00,69.04
2023-04-24 15:00:00,69.04
2023-04-24 16:00:00,69.04
2023-04-24 17:00:00,69.04
2023-04-24 18:00:00,69.04
2023-04-24 19:00:00,69.04
2023-04-24 20:00:00,69.04
2023-04-24 21:00:00,69.04
2023-04-24 22:00:00,69.04
2023-04-24 23:00:00,69.04
2023-04-25 00:00:00,69.04
2023-04-25 01:00:00,69.04
2023-04-25 02:00:00,69.04
2023-04-25 03:00:00,69.04
2023-04-25 04:00:00,69.04
2023-04-25 05:00:00,69.04
2023-04-25 06:00:00,69.04
2023-04-25 07:00:00,69.04
2023-04-25 08:00:00,69.04
2023-04-25 09:00:00,69.04
2023-04-25 10:00:00,69.04
2023-04-25 11:00:00,69.04
2023-04-25 12:00:00,69.04
2023-04-25 13:00:00,69.04
2023-04-25 14:00:00,69.04
2023-04-25 15:00:00,69.04
2023-04-25 16:00:00,69.04
2023-04-25 17:00:00,69.04
2023-04-25 18:00:00,69.04
2023-04-25 19:00:00,69.04
2023-04-25 20:00:00,69.04
2023-04-25 21:00:00,69.04
2023-04-25 22:00:00,69.04
2023-04-25 23:00:00,69.04
2023-04-26 00:00:00,69.04
2023-04-26 01:00:00,69.04
2023-04-26 02:00:00,69.04
2023-04-26 03:00:00,69.04
2023-04-26 04:00:00,69.04
2023-04-26 05:00:00,69.04
2023-04-26 06:00:00,69.04
2023-04-26 07:00:00,69.04
2023-04-26 08:00:00,69.04
2023-04-26 09:00:00,69.04
2023-04-26 10:00:00,69.04
2023-04-26 11:00:00,69.04
2023-04-26 12:00:00,69.04
2023-04-26 13:00:00,69.04
2023-04-26 14:00:00,69.04
2023-04-26 15:00:00,69.04
2023-04-26 16:00:00,69.04
2023-04-26 17:00:00,69.04
2023-04-26 18:00:00,69.04
2023-04-26 19:00:00,69.04
2023-04-26 20:00:00,69.04
2023-04-26 21:00:00,69.04
2023-04-26 22:00:00,69.04
2023-04-26 23:00:00,69.04
2023-04-27 00:00:00,69.04
2023-04-27 01:00:00,69.04
2023-04-27 02:00:00,69.04
2023-04-27 03:00:00,69.04
2023-04-27 04:00:00,69.04
2023-04-27 05:00:00,69.04
2023-04-27 06:00:00,69.04
2023-04-27 07:00:00,69.04
2023-04-27 08:00:00,69.04
2023-04-27 09:00:00,69.04
2023-04-27 10:00:00,69.04
2023-04-27 11:00:00,69.04
2023-04-27 12:00:00,69.04
2023-04-27 13:00:00,69.04
2023-04-27 14:00:00,69.04
2023-04-27 15:00:00,69.04
2023-04-27 16:00:00,69.04
2023-04-27 17:00:00,69.04
2023-04-27 18:00:00,69.04
2023-04-27 19:00:00,69.04
2023-04-27 20:00:00,69.04
2023-04-27 21:00:00,69.04
2023-04-27 22:00:00,69.04
2023-04-27 23:00:00,69.04
2023-04-28 00:00:00,69.04
2023-04-28 01:00:00,69.04
2023-04-28 02:00:00,69.04
2023-04-28 03:00:00,69.04
2023-04-28 04:00:00,69.04
2023-04-28 05:00:00,69.04
2023-04-28 06:00:00,69.04
2023-04-28 07:00:00,69.04
2023-04-28 08:00:00,69.04
2023-04-28 09:00:00,69.04
2023-04-28 10:00:00,69.04
2023-04-28 11:00:00,69.04
2023-04-28 12:00:00,69.04
2023-04-28 13:00:00,69.04
2023-04-28 14:00:00,69.04
2023-04-28 15:00:00,69.04
2023-04-28 16:00:00,69.04
2023-04-28 17:00:00,69.04
2023-04-28 18:00:00,69.04
2023-04-28 19:00:00,69.04
2023-04-28 20:00:00,69.04
2023-04-28 21:00:00,69.04
2023-04-28 22:00:00,69.04
2023-04-28 23:00:00,69.04
2023-04-29 00:00:00,69.04
2023-04-29 01:00:00,69.04
2023-04-29 02:00:00,69.04
2023-04-29 03:00:00,69.04
2023-04-29 04:00:00,69.04
2023-04-29 05:00:00,69.04
2023-04-29 06:00:00,69.04
2023-04-29 07:00:00,69.04
2023-04-29 08:00:00,69.04
2023-04-29 09:00:00,69.04
2023-04-29 10:00:00,69.04
2023-04-29 11:00:00,69.04
2023-04-29 12:00:00,69.04
2023-04-29 13:00:00,69.04
2023-04-29 14:00:00,69.04
2023-04-29 15:00:00,69.04
2023-04-29 16:00:00,69.04
2023-04-29 17:00:00,69.04
2023-04-29 18:00:00,69.04
2023-04-29 19:00:00,69.04
2023-04-29 20:00:00,69.04
2023-04-29 21:00:00,69.04
2023-04-29 22:00:00,69.04
2023-04-29 23:00:00,69.04
2023-04-30 00:00:00,69.04
2023-04-30 01:00:00,69.04
2023-04-30 02:00:00,69.04
2023-04-30 03:00:00,69.04
2023-04-30 04:00:00,69.04
2023-04-30 05:00:00,69.04
2023-04-30 06:00:00,69.04
2023-04-30 07:00:00,69.04
2023-04-30 08:00:00,69.04
2023-04-30 09:00:00,69.04
2023-04-30 10:00:00,69.04
2023-04-30 11:00:00,69.04
2023-04-30 12:00:00,69.04
2023-04-30 13:00:00,69.04
2023-04-30 14:00:00,69.04
2023-04-30 15:00:00,69.04
2023-04-30 16:00:00,69.04
2023-04-30 17:00:00,69.04
2023-04-30 18:00:00,69.04
2023-04-30 19:00:00,69.04
2023-04-30 20:00:00,69.04
2023-04-30 21:00:00,69.04
2023-04-30 22:00:00,69.04
2023-04-30 23:00:00,69.04
2023-05-01 00:00:00,69.04
2023-05-01 01:00:00,69.04
2023-05-01 02:00:00,69.04
2023-05-01 03:00:00,69.04
2023-05-01 04:00:00,69.04
2023-05-01 05:00:00,69.04
2023-05-01 06:00:00,69.04
2023-05-01 07:00:00,69.04
2023-05-01 08:00:00,69.04
2023-05-01 09:00:00,69.04
2023-05-01 10:00:00,69.04
2023-05-01 11:00:00,69.04
2023-05-01 12:00:00,69.04
2023-05-01 13:00:00,69.04
2023-05-01 14:00:00,69.04
2023-05-01 15:00:00,69.04
2023-05-01 16:00:00,69.04
2023-05-01 17:00:00,69.04
2023-05-01 18:00:00,69.04
2023-05-01 19:00:00,69.04
2023-05-01 20:00:00,69.04
2023-05-01 21:00:00,69.04
2023-05-01 22:00:00,69.04
2023-05-01 23:00:00,69.04
2023-05-02 00:00:00,69.04
2023-05-02 01:00:00,69.04
2023-05-02 02:00:00,69.04
2023-05-02 03:00:00,69.04
2023-05-02 04:00:00,69.04
2023-05-02 05:00:00,69.04
2023-05-02 06:00:00,69.04
2023-05-02 07:00:00,69.04
2023-05-02 08:00:00,69.04
2023-05-02 09:00:00,69.04
2023-05-02 10:00:00,69.04
2023-05-02 11:00:00,69.04
2023-05-02 12:00:00,69.04
2023-05-02 13:00:00,69.04
2023-05-02 14:00:00,69.04
2023-05-02 15:00:00,69.04
2023-05-02 16:00:00,69.04
2023-05-02 17:00:00,69.04
2023-05-02 18:00:00,69.04
2023-05-02 19:00:00,69.04
2023-05-02 20:00:00,69.04
2023-05-02 21:00:00,69.04
2023-05-02 22:00:00,69.04
2023-05-02 23:00:00,69.04
2023-05-03 00:00:00,69.04
2023-05-03 01:00:00,69.04
2023-05-03 02:00:00,69.04
2023-05-03 03:00:00,69.04
2023-05-03 04:00:00,69.04
2023-05-03 05:00:00,69.04
2023-05-03 06:00:00,69.04
2023-05-03 07:00:00,69.04
2023-05-03 08:00:00,69.04
2023-05-03 09:00:00,69.04
2023-05-03 10:00:00,69.04
2023-05-03 11:00:00,69.04
2023-05-03 12:00:00,69.04
2023-05-03 13:00:00,69.04
2023-05-03 14:00:00,69.04
2023-05-03 15:00:00,69.04
2023-05-03 16:00:00,69.04
2023-05-03 17:00:00,69.04
2023-05-03 18:00:00,69.04
2023-05-03 19:00:00,69.04
2023-05-03 20:00:00,69.04
2023-05-03 21:00:00,69.04
2023-05-03 22:00:00,69.04
2023-05-03 23:00:00,69.04
2023-05-04 00:00:00,69.04
2023-05-04 01:00:00,69.04
2023-05-04 02:00:00,69.04
2023-05-04 03:00:00,69.04
2023-05-04 04:00:00,69.04
2023-05-04 05:00:00,69.04
2023-05-04 06:00:00,69.04
2023-05-04 07:00:00,69.04
2023-05-04 08:00:00,69.04
2023-05-04 09:00:00,69.04
2023-05-04 10:00:00,69.04
2023-05-04 11:00:00,69.04
2023-05-04 12:00:00,69.04
2023-05-04 13:00:00,69.04
2023-05-04 14:00:00,69.04
2023-05-04 15:00:00,69.04
2023-05-04 16:00:00,69.04
2023-05-04 17:00:00,69.04
2023-05-04 18:00:00,69.04
2023-05-04 19:00:00,69.04
2023-05-04 20:00:00,69.04
2023-05-04 21:00:00,69.04
2023-05-04 22:00:00,69.04
2023-05-04 23:00:00,69.04
2023-05-05 00:00:00,69.04
2023-05-05 01:00:00,69.04
2023-05-05 02:00:00,69.04
2023-05-05 03:00:00,69.04
2023-05-05 04:00:00,69.04
2023-05-05 05:00:00,69.04
2023-05-05 06:00:00,69.04
2023-05-05 07:00:00,69.04
2023-05-05 08:00:00,69.04
2023-05-05 09:00:00,69.04
2023-05-05 10:00:00,69.04
2023-05-05 11:00:00,69.04
2023-05-05 12:00:00,69.04
2023-05-05 13:00:00,69.04
2023-05-05 14:00:00,69.04
2023-05-05 15:00:00,69.04
2023-05-05 16:00:00,69.04
2023-05-05 17:00:00,69.04
2023-05-05 18:00:00,69.04
2023-05-05 19:00:00,69.04
2023-05-05 20:00:00,69.04
2023-05-05 21:00:00,69.04
2023-05-05 22:00:00,69.04
2023-05-05 23:00:00,69.04
2023-05-06 00:00:00,69.04
2023-05-06 01:00:00,69.04
2023-05-06 02:00:00,69.04
2023-05-06 03:00:00,69.04
2023-05-06 04:00:00,69.04
2023-05-06 05:00:00,69.04
2023-05-06 06:00:00,69.04
2023-05-06 07:00:00,69.04
2023-05-06 08:00:00,69.04
2023-05-06 09:00:00,69.04
2023-05-06 10:00:00,69.04
2023-05-06 11:00:00,69.04
2023-05-06 12:00:00,69.04
2023-05-06 13:00:00,69.04
2023-05-06 14:00:00,69.04
2023-05-06 15:00:00,69.04
2023-05-06 16:00:00,69.04
2023-05-06 17:00:00,69.04
2023-05-06 18:00:00,69.04
2023-05-06 19:00:00,69.04
2023-05-06 20:00:00,69.04
2023-05-06 21:00:00,69.04
2023-05-06 22:00:00,69.04
2023-05-06 23:00:00,69.04
2023-05-07 00:00:00,69.04
2023-05-07 01:00:00,69.04
2023-05-07 02:00:00,69.04
2023-05-07 03:00:00,69.04
2023-05-07 04:00:00,69.04
2023-05-07 05:00:00,69.04
2023-05-07 06:00:00,69.04
2023-05-07 07:00:00,69.04
2023-05-07 08:00:00,69.04
2023-05-07 09:00:00,69.04
2023-05-07 10:00:00,69.04
2023-05-07 11:00:00,69.04
2023-05-07 12:00:00,69.04
2023-05-07 13:00:00,69.04
2023-05-07 14:00:00,69.04
2023-05-07 15:00:00,69.04
2023-05-07 16:00:00,69.04
2023-05-07 17:00:00,69.04
2023-05-07 18:00:00,69.04
2023-05-07 19:00:00,69.04
2023-05-07 20:00:00,69.04
2023-05-07 21:00:00,69.04
2023-05-07 22:00:00,69.04
2023-05-07 23:00:00,69.04
2023-05-08 00:00:00,69.04
2023-05-08 01:00:00,69.04
2023-05-08 02:00:00,69.04
2023-05-08 03:00:00,69.04
2023-05-08 04:00:00,69.04
2023-05-08 05:00:00,69.04
2023-05-08 06:00:00,69.04
2023-05-08 07:00:00,69.04
2023-05-08 08:00:00,69.04
2023-05-08 09:00:00,69.04
2023-05-08 10:00:00,69.04
2023-05-08 11:00:00,69.04
2023-05-08 12:00:00,69.04
2023-05-08 13:00:00,69.04
2023-05-08 14:00:00,69.04
2023-05-08 15:00:00,69.04
2023-05-08 16:00:00,69.04
2023-05-08 17:00:00,69.04
2023-05-08 18:00:00,69.04
2023-05-08 19:00:00,69.04
2023-05-08 20:00:00,69.04
2023-05-08 21:00:00,69.04
2023-05-08 22:00:00,69.04
2023-05-08 23:00:00,69.04
2023-05-09 00:00:00,69.04
2023-05-09 01:00:00,69.04
2023-05-09 02:00:00,69.04
2023-05-09 03:00:00,69.04
2023-05-09 04:00:00,69.04
2023-05-09 05:00:00,69.04
2023-05-09 06:00:00,69.04
2023-05-09 07:00:00,69.04
2023-05-09 08:00:00,69.04
2023-05-09 09:00:00,69.04
2023-05-09 10:00:00,69.04
2023-05-09 11:00:00,69.04
2023-05-09 12:00:00,69.04
2023-05-09 13:00:00,69.04
2023-05-09 14:00:00,69.04
2023-05-09 15:00:00,69.04
2023-05-09 16:00:00,69.04
2023-05-09 17:00:00,69.04
2023-05-09 18:00:00,69.04
2023-05-09 19:00:00,69.04
2023-05-09 20:00:00,69.04
2023-05-09 21:00:00,69.04
2023-05-09 22:00:00,69.04
2023-05-09 23:00:00,69.04
2023-05-10 00:00:00,69.04
2023-05-10 01:00:00,69.04
2023-05-10 02:00:00,69.04
2023-05-10 03:00:00,69.04
2023-05-10 04:00:00,69.04
2023-05-10 05:00:00,69.04
2023-05-10 06:00:00,69.04
2023-05-10 07:00:00,69.04
2023-05-10 08:00:00,69.04
2023-05-10 09:00:00,69.04
2023-05-10 10:00:00,69.04
2023-05-10 11:00:00,69.04
2023-05-10 12:00:00,69.04
2023-05-10 13:00:00,69.04
2023-05-10 14:00:00,69.04
2023-05-10 15:00:00,69.04
2023-05-10 16:00:00,69.04
2023-05-10 17:00:00,69.04
2023-05-10 18:00:00,69.04
2023-05-10 19:00:00,69.04
2023-05-10 20:00:00,69.04
2023-05-10 21:00:00,69.04
2023-05-10 22:00:00,69.04
2023-05-10 23:00:00,69.04
2023-05-11 00:00:00,69.04
2023-05-11 01:00:00,69.04
2023-05-11 02:00:00,69.04
2023-05-11 03:00:00,69.04
2023-05-11 04:00:00,69.04
2023-05-11 05:00:00,69.04
2023-05-11 06:00:00,69.04
2023-05-11 07:00:00,69.04
2023-05-11 08:00:00,69.04
2023-05-11 09:00:00,69.04
2023-05-11 10:00:00,69.04
2023-05-11 11:00:00,69.04
2023-05-11 12:00:00,69.04
2023-05-11 13:00:00,69.04
2023-05-11 14:00:00,69.04
2023-05-11 15:00:00,69.04
2023-05-11 16:00:00,69.04
2023-05-11 17:00:00,69.04
2023-05-11 18:00:00,69.04
2023-05-11 19:00:00,69.04
2023-05-11 20:00:00,69.04
2023-05-11 21:00:00,69.04
2023-05-11 22:00:00,69.04
2023-05-11 23:00:00,69.04
2023-05-12 00:00:00,69.04
2023-05-12 01:00:00,69.04
2023-05-12 02:00:00,69.04
2023-05-12 03:00:00,69.04
2023-05-12 04:00:00,69.04
2023-05-12 05:00:00,69.04
2023-05-12 06:00:00,69.04
2023-05-12 07:00:00,69.04
2023-05-12 08:00:00,69.04
2023-05-12 09:00:00,69.04
2023-05-12 10:00:00,69.04
2023-05-12 11:00:00,69.04
2023-05-12 12:00:00,69.04
2023-05-12 13:00:00,69.04
2023-05-12 14:00:00,69.04
2023-05-12 15:00:00,69.04
2023-05-12 16:00:00,69.04
2023-05-12 17:00:00,69.04
2023-05-12 18:00:00,69.04
2023-05-12 19:00:00,69.04
2023-05-12 20:00:00,69.04
2023-05-12 21:00:00,69.04
2023-05-12 22:00:00,69.04
2023-05-12 23:00:00,69.04
2023-05-13 00:00:00,69.04
2023-05-13 01:00:00,69.04
2023-05-13 02:00:00,69.04
2023-05-13 03:00:00,69.04
2023-05-13 04:00:00,69.04
2023-05-13 05:00:00,69.04
2023-05-13 06:00:00,69.04
2023-05-13 07:00:00,69.04
2023-05-13 08:00:00,69.04
2023-05-13 09:00:00,69.04
2023-05-13 10:00:00,69.04
2023-05-13 11:00:00,69.04
2023-05-13 12:00:00,69.04
2023-05-13 13:00:00,69.04
2023-05-13 14:00:00,69.04
2023-05-13 15:00:00,69.04
2023-05-13 16:00:00,69.04
2023-05-13 17:00:00,69.04
2023-05-13 18:00:00,69.04
2023-05-13 19:00:00,69.04
2023-05-13 20:00:00,69.04
2023-05-13 21:00:00,69.04
2023-05-13 22:00:00,69.04
2023-05-13 23:00:00,69.04
2023-05-14 00:00:00,69.04
2023-05-14 01:00:00,69.04
2023-05-14 02:00:00,69.04
2023-05-14 03:00:00,69.04
2023-05-14 04:00:00,69.04
2023-05-14 05:00:00,69.04
2023-05-14 06:00:00,69.04
2023-05-14 07:00:00,69.04
2023-05-14 08:00:00,69.04
2023-05-14 09:00:00,69.04
2023-05-14 10:00:00,69.04
2023-05-14 11:00:00,69.04
2023-05-14 12:00:00,69.04
2023-05-14 13:00:00,69.04
2023-05-14 14:00:00,69.04
2023-05-14 15:00:00,69.04
2023-05-14 16:00:00,69.04
2023-05-14 17:00:00,69.04
2023-05-14 18:00:00,69.04
2023-05-14 19:00:00,69.04
2023-05-14 20:00:00,69.04
2023-05-14 21:00:00,69.04
2023-05-14 22:00:00,69.04
2023-05-14 23:00:00,69.04
2023-05-15 00:00:00,69.04
2023-05-15 01:00:00,69.04
2023-05-15 02:00:00,69.04
2023-05-15 03:00:00,69.04
2023-05-15 04:00:00,69.04
2023-05-15 05:00:00,69.04
2023-05-15 06:00:00,69.04
2023-05-15 07:00:00,69.04
2023-05-15 08:00:00,69.04
2023-05-15 09:00:00,69.04
2023-05-15 10:00:00,69.04
2023-05-15 11:00:00,69.04
2023-05-15 12:00:00,69.04
2023-05-15 13:00:00,69.04
2023-05-15 14:00:00,69.04
2023-05-15 15:00:00,69.04
2023-05-15 16:00:00,69.04
2023-05-15 17:00:00,69.04
2023-05-15 18:00:00,69.04
2023-05-15 19:00:00,69.04
2023-05-15 20:00:00,69.04
2023-05-15 21:00:00,69.04
2023-05-15 22:00:00,69.04
2023-05-15 23:00:00,69.04
2023-05-16 00:00:00,69.04
2023-05-16 01:00:00,69.04
2023-05-16 02:00:00,69.04
2023-05-16 03:00:00,69.04
2023-05-16 04:00:00,69.04
2023-05-16 05:00:00,69.04
2023-05-16 06:00:00,69.04
2023-05-16 07:00:00,69.04
2023-05-16 08:00:00,69.04
2023-05-16 09:00:00,69.04
2023-05-16 10:00:00,69.04
2023-05-16 11:00:00,69.04
2023-05-16 12:00:00,69.04
2023-05-16 13:00:00,69.04
2023-05-16 14:00:00,69.04
2023-05-16 15:00:00,69.04
2023-05-16 16:00:00,69.04
2023-05-16 17:00:00,69.04
2023-05-16 18:00:00,69.04
2023-05-16 19:00:00,69.04
2023-05-16 20:00:00,69.04
2023-05-16 21:00:00,69.04
2023-05-16 22:00:00,69.04
2023-05-16 23:00:00,69.04
2023-05-17 00:00:00,69.04
2023-05-17 01:00:00,69.04
2023-05-17 02:00:00,69.04
2023-05-17 03:00:00,69.04
2023-05-17 04:00:00,69.04
2023-05-17 05:00:00,69.04
2023-05-17 06:00:00,69.04
2023-05-17 07:00:00,69.04
2023-05-17 08:00:00,69.04
2023-05-17 09:00:00,69.04
2023-05-17 10:00:00,69.04
2023-05-17 11:00:00,69.04
2023-05-17 12:00:00,69.04
2023-05-17 13:00:00,69.04
2023-05-17 14:00:00,69.04
2023-05-17 15:00:00,69.04
2023-05-17 16:00:00,69.04
2023-05-17 17:00:00,69.04
2023-05-17 18:00:00,69.04
2023-05-17 19:00:00,69.04
2023-05-17 20:00:00,69.04
2023-05-17 21:00:00,69.04
2023-05-17 22:00:00,69.04
2023-05-17 23:00:00,69.04
2023-05-18 00:00:00,69.04
2023-05-18 01:00:00,69.04
2023-05-18 02:00:00,69.04
2023-05-18 03:00:00,69.04
2023-05-18 04:00:00,69.04
2023-05-18 05:00:00,69.04
2023-05-18 06:00:00,69.04
2023-05-18 07:00:00,69.04
2023-05-18 08:00:00,69.04
2023-05-18 09:00:00,69.04
2023-05-18 10:00:00,69.04
2023-05-18 11:00:00,69.04
2023-05-18 12:00:00,69.04
2023-05-18 13:00:00,69.04
2023-05-18 14:00:00,69.04
2023-05-18 15:00:00,69.04
2023-05-18 16:00:00,69.04
2023-05-18 17:00:00,69.04
2023-05-18 18:00:00,69.04
2023-05-18 19:00:00,69.04
2023-05-18 20:00:00,69.04
2023-05-18 21:00:00,69.04
2023-05-18 22:00:00,69.04
2023-05-18 23:00:00,69.04
2023-05-19 00:00:00,69.04
2023-05-19 01:00:00,69.04
2023-05-19 02:00:00,69.04
2023-05-19 03:00:00,69.04
2023-05-19 04:00:00,69.04
2023-05-19 05:00:00,69.04
2023-05-19 06:00:00,69.04
2023-05-19 07:00:00,69.04
2023-05-19 08:00:00,69.04
2023-05-19 09:00:00,69.04
2023-05-19 10:00:00,69.04
2023-05-19 11:00:00,69.04
2023-05-19 12:00:00,69.04
2023-05-19 13:00:00,69.04
2023-05-19 14:00:00,69.04
2023-05-19 15:00:00,69.04
2023-05-19 16:00:00,69.04
2023-05-19 17:00:00,69.04
2023-05-19 18:00:00,69.04
2023-05-19 19:00:00,69.04
2023-05-19 20:00:00,69.04
2023-05-19 21:00:00,69.04
2023-05-19 22:00:00,69.04
2023-05-19 23:00:00,69.04
2023-05-20 00:00:00,69.04
2023-05-20 01:00:00,69.04
2023-05-20 02:00:00,69.04
2023-05-20 03:00:00,69.04
2023-05-20 04:00:00,69.04
2023-05-20 05:00:00,69.04
2023-05-20 06:00:00,69.04
2023-05-20 07:00:00,69.04
2023-05-20 08:00:00,69.04
2023-05-20 09:00:00,69.04
2023-05-20 10:00:00,69.04
2023-05-20 11:00:00,69.04
2023-05-20 12:00:00,69.04
2023-05-20 13:00:00,69.04
2023-05-20 14:00:00,69.04
2023-05-20 15:00:00,69.04
2023-05-20 16:00:00,69.04
2023-05-20 17:00:00,69.04
2023-05-20 18:00:00,69.04
2023-05-20 19:00:00,69.04
2023-05-20 20:00:00,69.04
2023-05-20 21:00:00,69.04
2023-05-20 22:00:00,69.04
2023-05-20 23:00:00,69.04
2023-05-21 00:00:00,69.04
2023-05-21 01:00:00,69.04
2023-05-21 02:00:00,69.04
2023-05-21 03:00:00,69.04
2023-05-21 04:00:00,69.04
2023-05-21 05:00:00,69.04
2023-05-21 06:00:00,69.04
2023-05-21 07:00:00,69.04
2023-05-21 08:00:00,69.04
2023-05-21 09:00:00,69.04
2023-05-21 10:00:00,69.04
2023-05-21 11:00:00,69.04
2023-05-21 12:00:00,69.04
2023-05-21 13:00:00,69.04
2023-05-21 14:00:00,69.04
2023-05-21 15:00:00,69.04
2023-05-21 16:00:00,69.04
2023-05-21 17:00:00,69.04
2023-05-21 18:00:00,69.04
2023-05-21 19:00:00,69.04
2023-05-21 20:00:00,69.04
2023-05-21 21:00:00,69.04
2023-05-21 22:00:00,69.04
2023-05-21 23:00:00,69.04
2023-05-22 00:00:00,69.04
2023-05-22 01:00:00,69.04
2023-05-22 02:00:00,69.04
2023-05-22 03:00:00,69.04
2023-05-22 04:00:00,69.04
2023-05-22 05:00:00,69.04
2023-05-22 06:00:00,69.04
2023-05-22 07:00:00,69.04
2023-05-22 08:00:00,69.04
2023-05-22 09:00:00,69.04
2023-05-22 10:00:00,69.04
2023-05-22 11:00:00,69.04
2023-05-22 12:00:00,69.04
2023-05-22 13:00:00,69.04
2023-05-22 14:00:00,69.04
2023-05-22 15:00:00,69.04
2023-05-22 16:00:00,69.04
2023-05-22 17:00:00,69.04
2023-05-22 18:00:00,69.04
2023-05-22 19:00:00,69.04
2023-05-22 20:00:00,69.04
2023-05-22 21:00:00,69.04
2023-05-22 22:00:00,69.04
2023-05-22 23:00:00,69.04
2023-05-23 00:00:00,69.04
2023-05-23 01:00:00,69.04
2023-05-23 02:00:00,69.04
2023-05-23 03:00:00,69.04
2023-05-23 04:00:00,69.04
2023-05-23 05:00:00,69.04
2023-05-23 06:00:00,69.04
2023-05-23 07:00:00,69.04
2023-05-23 08:00:00,69.04
2023-05-23 09:00:00,69.04
2023-05-23 10:00:00,69.04
2023-05-23 11:00:00,69.04
2023-05-23 12:00:00,69.04
2023-05-23 13:00:00,69.04
2023-05-23 14:00:00,69.04
2023-05-23 15:00:00,69.04
2023-05-23 16:00:00,69.04
2023-05-23 17:00:00,69.04
2023-05-23 18:00:00,69.04
2023-05-23 19:00:00,69.04
2023-05-23 20:00:00,69.04
2023-05-23 21:00:00,69.04
2023-05-23 22:00:00,69.04
2023-05-23 23:00:00,69.04
2023-05-24 00:00:00,69.04
2023-05-24 01:00:00,69.04
2023-05-24 02:00:00,69.04
2023-05-24 03:00:00,69.04
2023-05-24 04:00:00,69.04
2023-05-24 05:00:00,69.04
2023-05-24 06:00:00,69.04
2023-05-24 07:00:00,69.04
2023-05-24 08:00:00,69.04
2023-05-24 09:00:00,69.04
2023-05-24 10:00:00,69.04
2023-05-24 11:00:00,69.04
2023-05-24 12:00:00,69.04
2023-05-24 13:00:00,69.04
2023-05-24 14:00:00,69.04
2023-05-24 15:00:00,69.04
2023-05-24 16:00:00,69.04
2023-05-24 17:00:00,69.04
2023-05-24 18:00:00,69.04
2023-05-24 19:00:00,69.04
2023-05-24 20:00:00,69.04
2023-05-24 21:00:00,69.04
2023-05-24 22:00:00,69.04
2023-05-24 23:00:00,69.04
2023-05-25 00:00:00,69.04
2023-05-25 01:00:00,69.04
2023-05-25 02:00:00,69.04
2023-05-25 03:00:00,69.04
2023-05-25 04:00:00,69.04
2023-05-25 05:00:00,69.04
2023-05-25 06:00:00,69.04
2023-05-25 07:00:00,69.04
2023-05-25 08:00:00,69.04
2023-05-25 09:00:00,69.04
2023-05-25 10:00:00,69.04
2023-05-25 11:00:00,69.04
2023-05-25 12:00:00,69.04
2023-05-25 13:00:00,69.04
2023-05-25 14:00:00,69.04
2023-05-25 15:00:00,69.04
2023-05-25 16:00:00,69.04
2023-05-25 17:00:00,69.04
2023-05-25 18:00:00,69.04
2023-05-25 19:00:00,69.04
2023-05-25 20:00:00,69.04
2023-05-25 21:00:00,69.04
2023-05-25 22:00:00,69.04
2023-05-25 23:00:00,69.04
2023-05-26 00:00:00,69.04
2023-05-26 01:00:00,69.04
2023-05-26 02:00:00,69.04
2023-05-26 03:00:00,69.04
2023-05-26 04:00:00,69.04
2023-05-26 05:00:00,69.04
2023-05-26 06:00:00,69.04
2023-05-26 07:00:00,69.04
2023-05-26 08:00:00,69.04
2023-05-26 09:00:00,69.04
2023-05-26 10:00:00,69.04
2023-05-26 11:00:00,69.04
2023-05-26 12:00:00,69.04
2023-05-26 13:00:00,69.04
2023-05-26 14:00:00,69.04
2023-05-26 15:00:00,69.04
2023-05-26 16:00:00,69.04
2023-05-26 17:00:00,69.04
2023-05-26 18:00:00,69.04
2023-05-26 19:00:00,69.04
2023-05-26 20:00:00,69.04
2023-05-26 21:00:00,69.04
2023-05-26 22:00:00,69.04
2023-05-26 23:00:00,69.04
2023-05-27 00:00:00,69.04
2023-05-27 01:00:00,69.04
2023-05-27 02:00:00,69.04
2023-05-27 03:00:00,69.04
2023-05-27 04:00:00,69.04
2023-05-27 05:00:00,69.04
2023-05-27 06:00:00,69.04
2023-05-27 07:00:00,69.04
2023-05-27 08:00:00,69.04
2023-05-27 09:00:00,69.04
2023-05-27 10:00:00,69.04
2023-05-27 11:00:00,69.04
2023-05-27 12:00:00,69.04
2023-05-27 13:00:00,69.04
2023-05-27 14:00:00,69.04
2023-05-27 15:00:00,69.04
2023-05-27 16:00:00,69.04
2023-05-27 17:00:00,69.04
2023-05-27 18:00:00,69.04
2023-05-27 19:00:00,69.04
2023-05-27 20:00:00,69.04
2023-05-27 21:00:00,69.04
2023-05-27 22:00:00,69.04
2023-05-27 23:00:00,69.04
2023-05-28 00:00:00,69.04
2023-05-28 01:00:00,69.04
2023-05-28 02:00:00,69.04
2023-05-28 03:00:00,69.04
2023-05-28 04:00:00,69.04
2023-05-28 05:00:00,69.04
2023-05-28 06:00:00,69.04
2023-05-28 07:00:00,69.04
2023-05-28 08:00:00,69.04
2023-05-28 09:00:00,69.04
2023-05-28 10:00:00,69.04
2023-05-28 11:00:00,69.04
2023-05-28 12:00:00,69.04
2023-05-28 13:00:00,69.04
2023-05-28 14:00:00,69.04
2023-05-28 15:00:00,69.04
2023-05-28 16:00:00,69.04
2023-05-28 17:00:00,69.04
2023-05-28 18:00:00,69.04
2023-05-28 19:00:00,69.04
2023-05-28 20:00:00,69.04
2023-05-28 21:00:00,69.04
2023-05-28 22:00:00,69.04
2023-05-28 23:00:00,69.04
2023-05-29 00:00:00,69.04
2023-05-29 01:00:00,69.04
2023-05-29 02:00:00,69.04
2023-05-29 03:00:00,69.04
2023-05-29 04:00:00,69.04
2023-05-29 05:00:00,69.04
2023-05-29 06:00:00,69.04
2023-05-29 07:00:00,69.04
2023-05-29 08:00:00,69.04
2023-05-29 09:00:00,69.04
2023-05-29 10:00:00,69.04
2023-05-29 11:00:00,69.04
2023-05-29 12:00:00,69.04
2023-05-29 13:00:00,69.04
2023-05-29 14:00:00,69.04
2023-05-29 15:00:00,69.04
2023-05-29 16:00:00,69.04
2023-05-29 17:00:00,69.04
2023-05-29 18:00:00,69.04
2023-05-29 19:00:00,69.04
2023-05-29 20:00:00,69.04
2023-05-29 21:00:00,69.04
2023-05-29 22:00:00,69.04
2023-05-29 23:00:00,69.04
2023-05-30 00:00:00,69.04
2023-05-30 01:00:00,69.04
2023-05-30 02:00:00,69.04
2023-05-30 03:00:00,69.04
2023-05-30 04:00:00,69.04
2023-05-30 05:00:00,69.04
2023-05-30 06:00:00,69.04
2023-05-30 07:00:00,69.04
2023-05-30 08:00:00,69.04
2023-05-30 09:00:00,69.04
2023-05-30 10:00:00,69.04
2023-05-30 11:00:00,69.04
2023-05-30 12:00:00,69.04
2023-05-30 13:00:00,69.04
2023-05-30 14:00:00,69.04
2023-05-30 15:00:00,69.04
2023-05-30 16:00:00,69.04
2023-05-30 17:00:00,69.04
2023-05-30 18:00:00,69.04
2023-05-30 19:00:00,69.04
2023-05-30 20:00:00,69.04
2023-05-30 21:00:00,69.04
2023-05-30 22:00:00,69.04
2023-05-30 23:00:00,69.04
2023-05-31 00:00:00,69.04
2023-05-31 01:00:00,69.04
2023-05-31 02:00:00,69.04
2023-05-31 03:00:00,69.04
2023-05-31 04:00:00,69.04
2023-05-31 05:00:00,69.04
2023-05-31 06:00:00,69.04
2023-05-31 07:00:00,69.04
2023-05-31 08:00:00,69.04
2023-05-31 09:00:00,69.04
2023-05-31 10:00:00,69.04
2023-05-31 11:00:00,69.04
2023-05-31 12:00:00,69.04
2023-05-31 13:00:00,69.04
2023-05-31 14:00:00,69.04
2023-05-31 15:00:00,69.04
2023-05-31 16:00:00,69.04
2023-05-31 17:00:00,69.04
2023-05-31 18:00:00,69.04
2023-05-31 19:00:00,69.04
2023-05-31 20:00:00,69.04
2023-05-31 21:00:00,69.04
2023-05-31 22:00:00,69.04
2023-05-31 23:00:00,69.04
2023-06-01 00:00:00,69.04
2023-06-01 01:00:00,69.04
2023-06-01 02:00:00,69.04
2023-06-01 03:00:00,69.04
2023-06-01 04:00:00,69.04
2023-06-01 05:00:00,69.04
2023-06-01 06:00:00,69.04
2023-06-01 07:00:00,69.04
2023-06-01 08:00:00,69.04
2023-06-01 09:00:00,69.04
2023-06-01 10:00:00,69.04
2023-06-01 11:00:00,69.04
2023-06-01 12:00:00,69.04
2023-06-01 13:00:00,69.04
2023-06-01 14:00:00,69.04
2023-06-01 15:00:00,69.04
2023-06-01 16:00:00,69.04
2023-06-01 17:00:00,69.04
2023-06-01 18:00:00,69.04
2023-06-01 19:00:00,69.04
2023-06-01 20:00:00,69.04
2023-06-01 21:00:00,69.04
2023-06-01 22:00:00,69.04
2023-06-01 23:00:00,69.04
2023-06-02 00:00:00,69.04
2023-06-02 01:00:00,69.04
2023-06-02 02:00:00,69.04
2023-06-02 03:00:00,69.04
2023-06-02 04:00:00,69.04
2023-06-02 05:00:00,69.04
2023-06-02 06:00:00,69.04
2023-06-02 07:00:00,69.04
2023-06-02 08:00:00,69.04
2023-06-02 09:00:00,69.04
2023-06-02 10:00:00,69.04
2023-06-02 11:00:00,69.04
2023-06-02 12:00:00,69.04
2023-06-02 13:00:00,69.04
2023-06-02 14:00:00,69.04
2023-06-02 15:00:00,69.04
2023-06-02 16:00:00,69.04
2023-06-02 17:00:00,69.04
2023-06-02 18:00:00,69.04
2023-06-02 19:00:00,69.04
2023-06-02 20:00:00,69.04
2023-06-02 21:00:00,69.04
2023-06-02 22:00:00,69.04
2023-06-02 23:00:00,69.04
2023-06-03 00:00:00,69.04
2023-06-03 01:00:00,69.04
2023-06-03 02:00:00,69.04
2023-06-03 03:00:00,69.04
2023-06-03 04:00:00,69.04
2023-06-03 05:00:00,69.04
2023-06-03 06:00:00,69.04
2023-06-03 07:00:00,69.04
2023-06-03 08:00:00,69.04
2023-06-03 09:00:00,69.04
2023-06-03 10:00:00,69.04
2023-06-03 11:00:00,69.04
2023-06-03 12:00:00,69.04
2023-06-03 13:00:00,69.04
2023-06-03 14:00:00,69.04
2023-06-03 15:00:00,69.04
2023-06-03 16:00:00,69.04
2023-06-03 17:00:00,69.04
2023-06-03 18:00:00,69.04
2023-06-03 19:00:00,69.04
2023-06-03 20:00:00,69.04
2023-06-03 21:00:00,69.04
2023-06-03 22:00:00,69.04
2023-06-03 23:00:00,69.04
2023-06-04 00:00:00,69.04
2023-06-04 01:00:00,69.04
2023-06-04 02:00:00,69.04
2023-06-04 03:00:00,69.04
2023-06-04 04:00:00,69.04
2023-06-04 05:00:00,69.04
2023-06-04 06:00:00,69.04
2023-06-04 07:00:00,69.04
2023-06-04 08:00:00,69.04
2023-06-04 09:00:00,69.04
2023-06-04 10:00:00,69.04
2023-06-04 11:00:00,69.04
2023-06-04 12:00:00,69.04
2023-06-04 13:00:00,69.04
2023-06-04 14:00:00,69.04
2023-06-04 15:00:00,69.04
2023-06-04 16:00:00,69.04
2023-06-04 17:00:00,69.04
2023-06-04 18:00:00,69.04
2023-06-04 19:00:00,69.04
2023-06-04 20:00:00,69.04
2023-06-04 21:00:00,69.04
2023-06-04 22:00:00,69.04
2023-06-04 23:00:00,69.04
2023-06-05 00:00:00,69.04
2023-06-05 01:00:00,69.04
2023-06-05 02:00:00,69.04
2023-06-05 03:00:00,69.04
2023-06-05 04:00:00,69.04
2023-06-05 05:00:00,69.04
2023-06-05 06:00:00,69.04
2023-06-05 07:00:00,69.04
2023-06-05 08:00:00,69.04
2023-06-05 09:00:00,69.04
2023-06-05 10:00:00,69.04
2023-06-05 11:00:00,69.04
2023-06-05 12:00:00,69.04
2023-06-05 13:00:00,69.04
2023-06-05 14:00:00,69.04
2023-06-05 15:00:00,69.04
2023-06-05 16:00:00,69.04
2023-06-05 17:00:00,69.04
2023-06-05 18:00:00,69.04
2023-06-05 19:00:00,69.04
2023-06-05 20:00:00,69.04
2023-06-05 21:00:00,69.04
2023-06-05 22:00:00,69.04
2023-06-05 23:00:00,69.04
2023-06-06 00:00:00,69.04
2023-06-06 01:00:00,69.04
2023-06-06 02:00:00,69.04
2023-06-06 03:00:00,69.04
2023-06-06 04:00:00,69.04
2023-06-06 05:00:00,69.04
2023-06-06 06:00:00,69.04
2023-06-06 07:00:00,69.04
2023-06-06 08:00:00,69.04
2023-06-06 09:00:00,69.04
2023-06-06 10:00:00,69.04
2023-06-06 11:00:00,69.04
2023-06-06 12:00:00,69.04
2023-06-06 13:00:00,69.04
2023-06-06 14:00:00,69.04
2023-06-06 15:00:00,69.04
2023-06-06 16:00:00,69.04
2023-06-06 17:00:00,69.04
2023-06-06 18:00:00,69.04
2023-06-06 19:00:00,69.04
2023-06-06 20:00:00,69.04
2023-06-06 21:00:00,69.04
2023-06-06 22:00:00,69.04
2023-06-06 23:00:00,69.04
2023-06-07 00:00:00,69.04
2023-06-07 01:00:00,69.04
2023-06-07 02:00:00,69.04
2023-06-07 03:00:00,69.04
2023-06-07 04:00:00,69.04
2023-06-07 05:00:00,69.04
2023-06-07 06:00:00,69.04
2023-06-07 07:00:00,69.04
2023-06-07 08:00:00,69.04
2023-06-07 09:00:00,69.04
2023-06-07 10:00:00,69.04
2023-06-07 11:00:00,69.04
2023-06-07 12:00:00,69.04
2023-06-07 13:00:00,69.04
2023-06-07 14:00:00,69.04
2023-06-07 15:00:00,69.04
2023-06-07 16:00:00,69.04
2023-06-07 17:00:00,69.04
2023-06-07 18:00:00,69.04
2023-06-07 19:00:00,69.04
2023-06-07 20:00:00,69.04
2023-06-07 21:00:00,69.04
2023-06-07 22:00:00,69.04
2023-06-07 23:00:00,69.04
2023-06-08 00:00:00,69.04
2023-06-08 01:00:00,69.04
2023-06-08 02:00:00,69.04
2023-06-08 03:00:00,69.04
2023-06-08 04:00:00,69.04
2023-06-08 05:00:00,69.04
2023-06-08 06:00:00,69.04
2023-06-08 07:00:00,69.04
2023-06-08 08:00:00,69.04
2023-06-08 09:00:00,69.04
2023-06-08 10:00:00,69.04
2023-06-08 11:00:00,69.04
2023-06-08 12:00:00,69.04
2023-06-08 13:00:00,69.04
2023-06-08 14:00:00,69.04
2023-06-08 15:00:00,69.04
2023-06-08 16:00:00,69.04
2023-06-08 17:00:00,69.04
2023-06-08 18:00:00,69.04
2023-06-08 19:00:00,69.04
2023-06-08 20:00:00,69.04
2023-06-08 21:00:00,69.04
2023-06-08 22:00:00,69.04
2023-06-08 23:00:00,69.04
2023-06-09 00:00:00,69.04
2023-06-09 01:00:00,69.04
2023-06-09 02:00:00,69.04
2023-06-09 03:00:00,69.04
2023-06-09 04:00:00,69.04
2023-06-09 05:00:00,69.04
2023-06-09 06:00:00,69.04
2023-06-09 07:00:00,69.04
2023-06-09 08:00:00,69.04
2023-06-09 09:00:00,69.04
2023-06-09 10:00:00,69.04
2023-06-09 11:00:00,69.04
2023-06-09 12:00:00,69.04
2023-06-09 13:00:00,69.04
2023-06-09 14:00:00,69.04
2023-06-09 15:00:00,69.04
2023-06-09 16:00:00,69.04
2023-06-09 17:00:00,69.04
2023-06-09 18:00:00,69.04
2023-06-09 19:00:00,69.04
2023-06-09 20:00:00,69.04
2023-06-09 21:00:00,69.04
2023-06-09 22:00:00,69.04
2023-06-09 23:00:00,69.04
2023-06-10 00:00:00,69.04
2023-06-10 01:00:00,69.04
2023-06-10 02:00:00,69.04
2023-06-10 03:00:00,69.04
2023-06-10 04:00:00,69.04
2023-06-10 05:00:00,69.04
2023-06-10 06:00:00,69.04
2023-06-10 07:00:00,69.04
2023-06-10 08:00:00,69.04
2023-06-10 09:00:00,69.04
2023-06-10 10:00:00,69.04
2023-06-10 11:00:00,69.04
2023-06-10 12:00:00,69.04
2023-06-10 13:00:00,69.04
2023-06-10 14:00:00,69.04
2023-06-10 15:00:00,69.04
2023-06-10 16:00:00,69.04
2023-06-10 17:00:00,69.04
2023-06-10 18:00:00,69.04
2023-06-10 19:00:00,69.04
2023-06-10 20:00:00,69.04
2023-06-10 21:00:00,69.04
2023-06-10 22:00:00,69.04
2023-06-10 23:00:00,69.04
2023-06-11 00:00:00,69.04
2023-06-11 01:00:00,69.04
2023-06-11 02:00:00,69.04
2023-06-11 03:00:00,69.04
2023-06-11 04:00:00,69.04
2023-06-11 05:00:00,69.04
2023-06-11 06:00:00,69.04
2023-06-11 07:00:00,69.04
2023-06-11 08:00:00,69.04
2023-06-11 09:00:00,69.04
2023-06-11 10:00:00,69.04
2023-06-11 11:00:00,69.04
2023-06-11 12:00:00,69.04
2023-06-11 13:00:00,69.04
2023-06-11 14:00:00,69.04
2023-06-11 15:00:00,69.04
2023-06-11 16:00:00,69.04
2023-06-11 17:00:00,69.04
2023-06-11 18:00:00,69.04
2023-06-11 19:00:00,69.04
2023-06-11 20:00:00,69.04
2023-06-11 21:00:00,69.04
2023-06-11 22:00:00,69.04
2023-06-11 23:00:00,69.04
2023-06-12 00:00:00,69.04
2023-06-12 01:00:00,69.04
2023-06-12 02:00:00,69.04
2023-06-12 03:00:00,69.04
2023-06-12 04:00:00,69.04
2023-06-12 05:00:00,69.04
2023-06-12 06:00:00,69.04
2023-06-12 07:00:00,69.04
2023-06-12 08:00:00,69.04
2023-06-12 09:00:00,69.04
2023-06-12 10:00:00,69.04
2023-06-12 11:00:00,69.04
2023-06-12 12:00:00,69.04
2023-06-12 13:00:00,69.04
2023-06-12 14:00:00,69.04
2023-06-12 15:00:00,69.04
2023-06-12 16:00:00,69.04
2023-06-12 17:00:00,69.04
2023-06-12 18:00:00,69.04
2023-06-12 19:00:00,69.04
2023-06-12 20:00:00,69.04
2023-06-12 21:00:00,69.04
2023-06-12 22:00:00,69.04
2023-06-12 23:00:00,69.04
2023-06-13 00:00:00,69.04
2023-06-13 01:00:00,69.04
2023-06-13 02:00:00,69.04
2023-06-13 03:00:00,69.04
2023-06-13 04:00:00,69.04
2023-06-13 05:00:00,69.04
2023-06-13 06:00:00,69.04
2023-06-13 07:00:00,69.04
2023-06-13 08:00:00,69.04
2023-06-13 09:00:00,69.04
2023-06-13 10:00:00,69.04
2023-06-13 11:00:00,69.04
2023-06-13 12:00:00,69.04
2023-06-13 13:00:00,69.04
2023-06-13 14:00:00,69.04
2023-06-13 15:00:00,69.04
2023-06-13 16:00:00,69.04
2023-06-13 17:00:00,69.04
2023-06-13 18:00:00,69.04
2023-06-13 19:00:00,69.04
2023-06-13 20:00:00,69.04
2023-06-13 21:00:00,69.04
2023-06-13 22:00:00,69.04
2023-06-13 23:00:00,69.04
2023-06-14 00:00:00,69.04
2023-06-14 01:00:00,69.04
2023-06-14 02:00:00,69.04
2023-06-14 03:00:00,69.04
2023-06-14 04:00:00,69.04
2023-06-14 05:00:00,69.04
2023-06-14 06:00:00,69.04
2023-06-14 07:00:00,69.04
2023-06-14 08:00:00,69.04
2023-06-14 09:00:00,69.04
2023-06-14 10:00:00,69.04
2023-06-14 11:00:00,69.04
2023-06-14 12:00:00,69.04
2023-06-14 13:00:00,69.04
2023-06-14 14:00:00,69.04
2023-06-14 15:00:00,69.04
2023-06-14 16:00:00,69.04
2023-06-14 17:00:00,69.04
2023-06-14 18:00:00,69.04
2023-06-14 19:00:00,69.04
2023-06-14 20:00:00,69.04
2023-06-14 21:00:00,69.04
2023-06-14 22:00:00,69.04
2023-06-14 23:00:00,69.04
2023-06-15 00:00:00,69.04
2023-06-15 01:00:00,69.04
2023-06-15 02:00:00,69.04
2023-06-15 03:00:00,69.04
2023-06-15 04:00:00,69.04
2023-06-15 05:00:00,69.04
2023-06-15 06:00:00,69.04
2023-06-15 07:00:00,69.04
2023-06-15 08:00:00,69.04
2023-06-15 09:00:00,69.04
2023-06-15 10:00:00,69.04
2023-06-15 11:00:00,69.04
2023-06-15 12:00:00,69.04
2023-06-15 13:00:00,69.04
2023-06-15 14:00:00,69.04
2023-06-15 15:00:00,69.04
2023-06-15 16:00:00,69.04
2023-06-15 17:00:00,69.04
2023-06-15 18:00:00,69.04
2023-06-15 19:00:00,69.04
2023-06-15 20:00:00,69.04
2023-06-15 21:00:00,69.04
2023-06-15 22:00:00,69.04
2023-06-15 23:00:00,69.04
2023-06-16 00:00:00,69.04
2023-06-16 01:00:00,69.04
2023-06-16 02:00:00,69.04
2023-06-16 03:00:00,69.04
2023-06-16 04:00:00,69.04
2023-06-16 05:00:00,69.04
2023-06-16 06:00:00,69.04
2023-06-16 07:00:00,69.04
2023-06-16 08:00:00,69.04
2023-06-16 09:00:00,69.04
2023-06-16 10:00:00,69.04
2023-06-16 11:00:00,69.04
2023-06-16 12:00:00,69.04
2023-06-16 13:00:00,69.04
2023-06-16 14:00:00,69.04
2023-06-16 15:00:00,69.04
2023-06-16 16:00:00,69.04
2023-06-16 17:00:00,69.04
2023-06-16 18:00:00,69.04
2023-06-16 19:00:00,69.04
2023-06-16 20:00:00,69.04
2023-06-16 21:00:00,69.04
2023-06-16 22:00:00,69.04
2023-06-16 23:00:00,69.04
2023-06-17 00:00:00,69.04
2023-06-17 01:00:00,69.04
2023-06-17 02:00:00,69.04
2023-06-17 03:00:00,69.04
2023-06-17 04:00:00,69.04
2023-06-17 05:00:00,69.04
2023-06-17 06:00:00,69.04
2023-06-17 07:00:00,69.04
2023-06-17 08:00:00,69.04
2023-06-17 09:00:00,69.04
2023-06-17 10:00:00,69.04
2023-06-17 11:00:00,69.04
2023-06-17 12:00:00,69.04
2023-06-17 13:00:00,69.04
2023-06-17 14:00:00,69.04
2023-06-17 15:00:00,69.04
2023-06-17 16:00:00,69.04
2023-06-17 17:00:00,69.04
2023-06-17 18:00:00,69.04
2023-06-17 19:00:00,69.04
2023-06-17 20:00:00,69.04
2023-06-17 21:00:00,69.04
2023-06-17 22:00:00,69.04
2023-06-17 23:00:00,69.04
2023-06-18 00:00:00,69.04
2023-06-18 01:00:00,69.04
2023-06-18 02:00:00,69.04
2023-06-18 03:00:00,69.04
2023-06-18 04:00:00,69.04
2023-06-18 05:00:00,69.04
2023-06-18 06:00:00,69.04
2023-06-18 07:00:00,69.04
2023-06-18 08:00:00,69.04
2023-06-18 09:00:00,69.04
2023-06-18 10:00:00,69.04
2023-06-18 11:00:00,69.04
2023-06-18 12:00:00,69.04
2023-06-18 13:00:00,69.04
2023-06-18 14:00:00,69.04
2023-06-18 15:00:00,69.04
2023-06-18 16:00:00,69.04
2023-06-18 17:00:00,69.04
2023-06-18 18:00:00,69.04
2023-06-18 19:00:00,69.04
2023-06-18 20:00:00,69.04
2023-06-18 21:00:00,69.04
2023-06-18 22:00:00,69.04
2023-06-18 23:00:00,69.04
2023-06-19 00:00:00,69.04
2023-06-19 01:00:00,69.04
2023-06-19 02:00:00,69.04
2023-06-19 03:00:00,69.04
2023-06-19 04:00:00,69.04
2023-06-19 05:00:00,69.04
2023-06-19 06:00:00,69.04
2023-06-19 07:00:00,69.04
2023-06-19 08:00:00,69.04
2023-06-19 09:00:00,69.04
2023-06-19 10:00:00,69.04
2023-06-19 11:00:00,69.04
2023-06-19 12:00:00,69.04
2023-06-19 13:00:00,69.04
2023-06-19 14:00:00,69.04
2023-06-19 15:00:00,69.04
2023-06-19 16:00:00,69.04
2023-06-19 17:00:00,69.04
2023-06-19 18:00:00,69.04
2023-06-19 19:00:00,69.04
2023-06-19 20:00:00,69.04
2023-06-19 21:00:00,69.04
2023-06-19 22:00:00,69.04
2023-06-19 23:00:00,69.04
2023-06-20 00:00:00,69.04
2023-06-20 01:00:00,69.04
2023-06-20 02:00:00,69.04
2023-06-20 03:00:00,69.04
2023-06-20 04:00:00,69.04
2023-06-20 05:00:00,69.04
2023-06-20 06:00:00,69.04
2023-06-20 07:00:00,69.04
2023-06-20 08:00:00,69.04
2023-06-20 09:00:00,69.04
2023-06-20 10:00:00,69.04
2023-06-20 11:00:00,69.04
2023-06-20 12:00:00,69.04
2023-06-20 13:00:00,69.04
2023-06-20 14:00:00,69.04
2023-06-20 15:00:00,69.04
2023-06-20 16:00:00,69.04
2023-06-20 17:00:00,69.04
2023-06-20 18:00:00,69.04
2023-06-20 19:00:00,69.04
2023-06-20 20:00:00,69.04
2023-06-20 21:00:00,69.04
2023-06-20 22:00:00,69.04
2023-06-20 23:00:00,69.04
2023-06-21 00:00:00,69.04
2023-06-21 01:00:00,69.04
2023-06-21 02:00:00,69.04
2023-06-21 03:00:00,69.04
2023-06-21 04:00:00,69.04
2023-06-21 05:00:00,69.04
2023-06-21 06:00:00,69.04
2023-06-21 07:00:00,69.04
2023-06-21 08:00:00,69.04
2023-06-21 09:00:00,69.04
2023-06-21 10:00:00,69.04
2023-06-21 11:00:00,69.04
2023-06-21 12:00:00,69.04
2023-06-21 13:00:00,69.04
2023-06-21 14:00:00,69.04
2023-06-21 15:00:00,69.04
2023-06-21 16:00:00,69.04
2023-06-21 17:00:00,69.04
2023-06-21 18:00:00,69.04
2023-06-21 19:00:00,69.04
2023-06-21 20:00:00,69.04
2023-06-21 21:00:00,69.04
2023-06-21 22:00:00,69.04
2023-06-21 23:00:00,69.04
2023-06-22 00:00:00,69.04
2023-06-22 01:00:00,69.04
2023-06-22 02:00:00,69.04
2023-06-22 03:00:00,69.04
2023-06-22 04:00:00,69.04
2023-06-22 05:00:00,69.04
2023-06-22 06:00:00,69.04
2023-06-22 07:00:00,69.04
2023-06-22 08:00:00,69.04
2023-06-22 09:00:00,69.04
2023-06-22 10:00:00,69.04
2023-06-22 11:00:00,69.04
2023-06-22 12:00:00,69.04
2023-06-22 13:00:00,69.04
2023-06-22 14:00:00,69.04
2023-06-22 15:00:00,69.04
2023-06-22 16:00:00,69.04
2023-06-22 17:00:00,69.04
2023-06-22 18:00:00,69.04
2023-06-22 19:00:00,69.04
2023-06-22 20:00:00,69.04
2023-06-22 21:00:00,69.04
2023-06-22 22:00:00,69.04
2023-06-22 23:00:00,69.04
2023-06-23 00:00:00,69.04
2023-06-23 01:00:00,69.04
2023-06-23 02:00:00,69.04
2023-06-23 03:00:00,69.04
2023-06-23 04:00:00,69.04
2023-06-23 05:00:00,69.04
2023-06-23 06:00:00,69.04
2023-06-23 07:00:00,69.04
2023-06-23 08:00:00,69.04
2023-06-23 09:00:00,69.04
2023-06-23 10:00:00,69.04
2023-06-23 11:00:00,69.04
2023-06-23 12:00:00,69.04
2023-06-23 13:00:00,69.04
2023-06-23 14:00:00,69.04
2023-06-23 15:00:00,69.04
2023-06-23 16:00:00,69.04
2023-06-23 17:00:00,69.04
2023-06-23 18:00:00,69.04
2023-06-23 19:00:00,69.04
2023-06-23 20:00:00,69.04
2023-06-23 21:00:00,69.04
2023-06-23 22:00:00,69.04
2023-06-23 23:00:00,69.04
2023-06-24 00:00:00,69.04
2023-06-24 01:00:00,69.04
2023-06-24 02:00:00,69.04
2023-06-24 03:00:00,69.04
2023-06-24 04:00:00,69.04
2023-06-24 05:00:00,69.04
2023-06-24 06:00:00,69.04
2023-06-24 07:00:00,69.04
2023-06-24 08:00:00,69.04
2023-06-24 09:00:00,69.04
2023-06-24 10:00:00,69.04
2023-06-24 11:00:00,69.04
2023-06-24 12:00:00,69.04
2023-06-24 13:00:00,69.04
2023-06-24 14:00:00,69.04
2023-06-24 15:00:00,69.04
2023-06-24 16:00:00,69.04
2023-06-24 17:00:00,69.04
2023-06-24 18:00:00,69.04
2023-06-24 19:00:00,69.04
2023-06-24 20:00:00,69.04
2023-06-24 21:00:00,69.04
2023-06-24 22:00:00,69.04
2023-06-24 23:00:00,69.04
2023-06-25 00:00:00,69.04
2023-06-25 01:00:00,69.04
2023-06-25 02:00:00,69.04
2023-06-25 03:00:00,69.04
2023-06-25 04:00:00,69.04
2023-06-25 05:00:00,69.04
2023-06-25 06:00:00,69.04
2023-06-25 07:00:00,69.04
2023-06-25 08:00:00,69.04
2023-06-25 09:00:00,69.04
2023-06-25 10:00:00,69.04
2023-06-25 11:00:00,69.04
2023-06-25 12:00:00,69.04
2023-06-25 13:00:00,69.04
2023-06-25 14:00:00,69.04
2023-06-25 15:00:00,69.04
2023-06-25 16:00:00,69.04
2023-06-25 17:00:00,69.04
2023-06-25 18:00:00,69.04
2023-06-25 19:00:00,69.04
2023-06-25 20:00:00,69.04
2023-06-25 21:00:00,69.04
2023-06-25 22:00:00,69.04
2023-06-25 23:00:00,69.04
2023-06-26 00:00:00,69.04
2023-06-26 01:00:00,69.04
2023-06-26 02:00:00,69.04
2023-06-26 03:00:00,69.04
2023-06-26 04:00:00,69.04
2023-06-26 05:00:00,69.04
2023-06-26 06:00:00,69.04
2023-06-26 07:00:00,69.04
2023-06-26 08:00:00,69.04
2023-06-26 09:00:00,69.04
2023-06-26 10:00:00,69.04
2023-06-26 11:00:00,69.04
2023-06-26 12:00:00,69.04
2023-06-26 13:00:00,69.04
2023-06-26 14:00:00,69.04
2023-06-26 15:00:00,69.04
2023-06-26 16:00:00,69.04
2023-06-26 17:00:00,69.04
2023-06-26 18:00:00,69.04
2023-06-26 19:00:00,69.04
2023-06-26 20:00:00,69.04
2023-06-26 21:00:00,69.04
2023-06-26 22:00:00,69.04
2023-06-26 23:00:00,69.04
2023-06-27 00:00:00,69.04
2023-06-27 01:00:00,69.04
2023-06-27 02:00:00,69.04
2023-06-27 03:00:00,69.04
2023-06-27 04:00:00,69.04
2023-06-27 05:00:00,69.04
2023-06-27 06:00:00,69.04
2023-06-27 07:00:00,69.04
2023-06-27 08:00:00,69.04
2023-06-27 09:00:00,69.04
2023-06-27 10:00:00,69.04
2023-06-27 11:00:00,69.04
2023-06-27 12:00:00,69.04
2023-06-27 13:00:00,69.04
2023-06-27 14:00:00,69.04
2023-06-27 15:00:00,69.04
2023-06-27 16:00:00,69.04
2023-06-27 17:00:00,69.04
2023-06-27 18:00:00,69.04
2023-06-27 19:00:00,69.04
2023-06-27 20:00:00,69.04
2023-06-27 21:00:00,69.04
2023-06-27 22:00:00,69.04
2023-06-27 23:00:00,69.04
2023-06-28 00:00:00,69.04
2023-06-28 01:00:00,69.04
2023-06-28 02:00:00,69.04
2023-06-28 03:00:00,69.04
2023-06-28 04:00:00,69.04
2023-06-28 05:00:00,69.04
2023-06-28 06:00:00,69.04
2023-06-28 07:00:00,69.04
2023-06-28 08:00:00,69.04
2023-06-28 09:00:00,69.04
2023-06-28 10:00:00,69.04
2023-06-28 11:00:00,69.04
2023-06-28 12:00:00,69.04
2023-06-28 13:00:00,69.04
2023-06-28 14:00:00,69.04
2023-06-28 15:00:00,69.04
2023-06-28 16:00:00,69.04
2023-06-28 17:00:00,69.04
2023-06-28 18:00:00,69.04
2023-06-28 19:00:00,69.04
2023-06-28 20:00:00,69.04
2023-06-28 21:00:00,69.04
2023-06-28 22:00:00,69.04
2023-06-28 23:00:00,69.04
2023-06-29 00:00:00,69.04
2023-06-29 01:00:00,69.04
2023-06-29 02:00:00,69.04
2023-06-29 03:00:00,69.04
2023-06-29 04:00:00,69.04
2023-06-29 05:00:00,69.04
2023-06-29 06:00:00,69.04
2023-06-29 07:00:00,69.04
2023-06-29 08:00:00,69.04
2023-06-29 09:00:00,69.04
2023-06-29 10:00:00,69.04
2023-06-29 11:00:00,69.04
2023-06-29 12:00:00,69.04
2023-06-29 13:00:00,69.04
2023-06-29 14:00:00,69.04
2023-06-29 15:00:00,69.04
2023-06-29 16:00:00,69.04
2023-06-29 17:00:00,69.04
2023-06-29 18:00:00,69.04
2023-06-29 19:00:00,69.04
2023-06-29 20:00:00,69.04
2023-06-29 21:00:00,69.04
2023-06-29 22:00:00,69.04
2023-06-29 23:00:00,69.04
2023-06-30 00:00:00,69.04
2023-06-30 01:00:00,69.04
2023-06-30 02:00:00,69.04
2023-06-30 03:00:00,69.04
2023-06-30 04:00:00,69.04
2023-06-30 05:00:00,69.04
2023-06-30 06:00:00,69.04
2023-06-30 07:00:00,69.04
2023-06-30 08:00:00,69.04
2023-06-30 09:00:00,69.04
2023-06-30 10:00:00,69.04
2023-06-30 11:00:00,69.04
2023-06-30 12:00:00,69.04
2023-06-30 13:00:00,69.04
2023-06-30 14:00:00,69.04
2023-06-30 15:00:00,69.04
2023-06-30 16:00:00,69.04
2023-06-30 17:00:00,69.04
2023-06-30 18:00:00,69.04
2023-06-30 19:00:00,69.04
2023-06-30 20:00:00,69.04
2023-06-30 21:00:00,69.04
2023-06-30 22:00:00,69.04
2023-06-30 23:00:00,69.04
2023-07-01 00:00:00,69.04
2023-07-01 01:00:00,69.04
2023-07-01 02:00:00,69.04
2023-07-01 03:00:00,69.04
2023-07-01 04:00:00,69.04
2023-07-01 05:00:00,69.04
2023-07-01 06:00:00,69.04
2023-07-01 07:00:00,69.04
2023-07-01 08:00:00,69.04
2023-07-01 09:00:00,69.04
2023-07-01 10:00:00,69.04
2023-07-01 11:00:00,69.04
2023-07-01 12:00:00,69.04
2023-07-01 13:00:00,69.04
2023-07-01 14:00:00,69.04
2023-07-01 15:00:00,69.04
2023-07-01 16:00:00,69.04
2023-07-01 17:00:00,69.04
2023-07-01 18:00:00,69.04
2023-07-01 19:00:00,69.04
2023-07-01 20:00:00,69.04
2023-07-01 21:00:00,69.04
2023-07-01 22:00:00,69.04
2023-07-01 23:00:00,69.04
2023-07-02 00:00:00,69.04
2023-07-02 01:00:00,69.04
2023-07-02 02:00:00,69.04
2023-07-02 03:00:00,69.04
2023-07-02 04:00:00,69.04
2023-07-02 05:00:00,69.04
2023-07-02 06:00:00,69.04
2023-07-02 07:00:00,69.04
2023-07-02 08:00:00,69.04
2023-07-02 09:00:00,69.04
2023-07-02 10:00:00,69.04
2023-07-02 11:00:00,69.04
2023-07-02 12:00:00,69.04
2023-07-02 13:00:00,69.04
2023-07-02 14:00:00,69.04
2023-07-02 15:00:00,69.04
2023-07-02 16:00:00,69.04
2023-07-02 17:00:00,69.04
2023-07-02 18:00:00,69.04
2023-07-02 19:00:00,69.04
2023-07-02 20:00:00,69.04
2023-07-02 21:00:00,69.04
2023-07-02 22:00:00,69.04
2023-07-02 23:00:00,69.04
2023-07-03 00:00:00,69.04
2023-07-03 01:00:00,69.04
2023-07-03 02:00:00,69.04
2023-07-03 03:00:00,69.04
2023-07-03 04:00:00,69.04
2023-07-03 05:00:00,69.04
2023-07-03 06:00:00,69.04
2023-07-03 07:00:00,69.04
2023-07-03 08:00:00,69.04
2023-07-03 09:00:00,69.04
2023-07-03 10:00:00,69.04
2023-07-03 11:00:00,69.04
2023-07-03 12:00:00,69.04
2023-07-03 13:00:00,69.04
2023-07-03 14:00:00,69.04
2023-07-03 15:00:00,69.04
2023-07-03 16:00:00,69.04
2023-07-03 17:00:00,69.04
2023-07-03 18:00:00,69.04
2023-07-03 19:00:00,69.04
2023-07-03 20:00:00,69.04
2023-07-03 21:00:00,69.04
2023-07-03 22:00:00,69.04
2023-07-03 23:00:00,69.04
2023-07-04 00:00:00,69.04
2023-07-04 01:00:00,69.04
2023-07-04 02:00:00,69.04
2023-07-04 03:00:00,69.04
2023-07-04 04:00:00,69.04
2023-07-04 05:00:00,69.04
2023-07-04 06:00:00,69.04
2023-07-04 07:00:00,69.04
2023-07-04 08:00:00,69.04
2023-07-04 09:00:00,69.04
2023-07-04 10:00:00,69.04
2023-07-04 11:00:00,69.04
2023-07-04 12:00:00,69.04
2023-07-04 13:00:00,69.04
2023-07-04 14:00:00,69.04
2023-07-04 15:00:00,69.04
2023-07-04 16:00:00,69.04
2023-07-04 17:00:00,69.04
2023-07-04 18:00:00,69.04
2023-07-04 19:00:00,69.04
2023-07-04 20:00:00,69.04
2023-07-04 21:00:00,69.04
2023-07-04 22:00:00,69.04
2023-07-04 23:00:00,69.04
2023-07-05 00:00:00,69.04
2023-07-05 01:00:00,69.04
2023-07-05 02:00:00,69.04
2023-07-05 03:00:00,69.04
2023-07-05 04:00:00,69.04
2023-07-05 05:00:00,69.04
2023-07-05 06:00:00,69.04
2023-07-05 07:00:00,69.04
2023-07-05 08:00:00,69.04
2023-07-05 09:00:00,69.04
2023-07-05 10:00:00,69.04
2023-07-05 11:00:00,69.04
2023-07-05 12:00:00,69.04
2023-07-05 13:00:00,69.04
2023-07-05 14:00:00,69.04
2023-07-05 15:00:00,69.04
2023-07-05 16:00:00,69.04
2023-07-05 17:00:00,69.04
2023-07-05 18:00:00,69.04
2023-07-05 19:00:00,69.04
2023-07-05 20:00:00,69.04
2023-07-05 21:00:00,69.04
2023-07-05 22:00:00,69.04
2023-07-05 23:00:00,69.04
2023-07-06 00:00:00,69.04
2023-07-06 01:00:00,69.04
2023-07-06 02:00:00,69.04
2023-07-06 03:00:00,69.04
2023-07-06 04:00:00,69.04
2023-07-06 05:00:00,69.04
2023-07-06 06:00:00,69.04
2023-07-06 07:00:00,69.04
2023-07-06 08:00:00,69.04
2023-07-06 09:00:00,69.04
2023-07-06 10:00:00,69.04
2023-07-06 11:00:00,69.04
2023-07-06 12:00:00,69.04
2023-07-06 13:00:00,69.04
2023-07-06 14:00:00,69.04
2023-07-06 15:00:00,69.04
2023-07-06 16:00:00,69.04
2023-07-06 17:00:00,69.04
2023-07-06 18:00:00,69.04
2023-07-06 19:00:00,69.04
2023-07-06 20:00:00,69.04
2023-07-06 21:00:00,69.04
2023-07-06 22:00:00,69.04
2023-07-06 23:00:00,69.04
2023-07-07 00:00:00,69.04
2023-07-07 01:00:00,69.04
2023-07-07 02:00:00,69.04
2023-07-07 03:00:00,69.04
2023-07-07 04:00:00,69.04
2023-07-07 05:00:00,69.04
2023-07-07 06:00:00,69.04
2023-07-07 07:00:00,69.04
2023-07-07 08:00:00,69.04
2023-07-07 09:00:00,69.04
2023-07-07 10:00:00,69.04
2023-07-07 11:00:00,69.04
2023-07-07 12:00:00,69.04
2023-07-07 13:00:00,69.04
2023-07-07 14:00:00,69.04
2023-07-07 15:00:00,69.04
2023-07-07 16:00:00,69.04
2023-07-07 17:00:00,69.04
2023-07-07 18:00:00,69.04
2023-07-07 19:00:00,69.04
2023-07-07 20:00:00,69.04
2023-07-07 21:00:00,69.04
2023-07-07 22:00:00,69.04
2023-07-07 23:00:00,69.04
2023-07-08 00:00:00,69.04
2023-07-08 01:00:00,69.04
2023-07-08 02:00:00,69.04
2023-07-08 03:00:00,69.04
2023-07-08 04:00:00,69.04
2023-07-08 05:00:00,69.04
2023-07-08 06:00:00,69.04
2023-07-08 07:00:00,69.04
2023-07-08 08:00:00,69.04
2023-07-08 09:00:00,69.04
2023-07-08 10:00:00,69.04
2023-07-08 11:00:00,69.04
2023-07-08 12:00:00,69.04
2023-07-08 13:00:00,69.04
2023-07-08 14:00:00,69.04
2023-07-08 15:00:00,69.04
2023-07-08 16:00:00,69.04
2023-07-08 17:00:00,69.04
2023-07-08 18:00:00,69.04
2023-07-08 19:00:00,69.04
2023-07-08 20:00:00,69.04
2023-07-08 21:00:00,69.04
2023-07-08 22:00:00,69.04
2023-07-08 23:00:00,69.04
2023-07-09 00:00:00,69.04
2023-07-09 01:00:00,69.04
2023-07-09 02:00:00,69.04
2023-07-09 03:00:00,69.04
2023-07-09 04:00:00,69.04
2023-07-09 05:00:00,69.04
2023-07-09 06:00:00,69.04
2023-07-09 07:00:00,69.04
2023-07-09 08:00:00,69.04
2023-07-09 09:00:00,69.04
2023-07-09 10:00:00,69.04
2023-07-09 11:00:00,69.04
2023-07-09 12:00:00,69.04
2023-07-09 13:00:00,69.04
2023-07-09 14:00:00,69.04
2023-07-09 15:00:00,69.04
2023-07-09 16:00:00,69.04
2023-07-09 17:00:00,69.04
2023-07-09 18:00:00,69.04
2023-07-09 19:00:00,69.04
2023-07-09 20:00:00,69.04
2023-07-09 21:00:00,69.04
2023-07-09 22:00:00,69.04
2023-07-09 23:00:00,69.04
2023-07-10 00:00:00,69.04
2023-07-10 01:00:00,69.04
2023-07-10 02:00:00,69.04
2023-07-10 03:00:00,69.04
2023-07-10 04:00:00,69.04
2023-07-10 05:00:00,69.04
2023-07-10 06:00:00,69.04
2023-07-10 07:00:00,69.04
2023-07-10 08:00:00,69.04
2023-07-10 09:00:00,69.04
2023-07-10 10:00:00,69.04
2023-07-10 11:00:00,69.04
2023-07-10 12:00:00,69.04
2023-07-10 13:00:00,69.04
2023-07-10 14:00:00,69.04
2023-07-10 15:00:00,69.04
2023-07-10 16:00:00,69.04
2023-07-10 17:00:00,69.04
2023-07-10 18:00:00,69.04
2023-07-10 19:00:00,69.04
2023-07-10 20:00:00,69.04
2023-07-10 21:00:00,69.04
2023-07-10 22:00:00,69.04
2023-07-10 23:00:00,69.04
2023-07-11 00:00:00,69.04
2023-07-11 01:00:00,69.04
2023-07-11 02:00:00,69.04
2023-07-11 03:00:00,69.04
2023-07-11 04:00:00,69.04
2023-07-11 05:00:00,69.04
2023-07-11 06:00:00,69.04
2023-07-11 07:00:00,69.04
2023-07-11 08:00:00,69.04
2023-07-11 09:00:00,69.04
2023-07-11 10:00:00,69.04
2023-07-11 11:00:00,69.04
2023-07-11 12:00:00,69.04
2023-07-11 13:00:00,69.04
2023-07-11 14:00:00,69.04
2023-07-11 15:00:00,69.04
2023-07-11 16:00:00,69.04
2023-07-11 17:00:00,69.04
2023-07-11 18:00:00,69.04
2023-07-11 19:00:00,69.04
2023-07-11 20:00:00,69.04
2023-07-11 21:00:00,69.04
2023-07-11 22:00:00,69.04
2023-07-11 23:00:00,69.04
2023-07-12 00:00:00,69.04
2023-07-12 01:00:00,69.04
2023-07-12 02:00:00,69.04
2023-07-12 03:00:00,69.04
2023-07-12 04:00:00,69.04
2023-07-12 05:00:00,69.04
2023-07-12 06:00:00,69.04
2023-07-12 07:00:00,69.04
2023-07-12 08:00:00,69.04
2023-07-12 09:00:00,69.04
2023-07-12 10:00:00,69.04
2023-07-12 11:00:00,69.04
2023-07-12 12:00:00,69.04
2023-07-12 13:00:00,69.04
2023-07-12 14:00:00,69.04
2023-07-12 15:00:00,69.04
2023-07-12 16:00:00,69.04
2023-07-12 17:00:00,69.04
2023-07-12 18:00:00,69.04
2023-07-12 19:00:00,69.04
2023-07-12 20:00:00,69.04
2023-07-12 21:00:00,69.04
2023-07-12 22:00:00,69.04
2023-07-12 23:00:00,69.04
2023-07-13 00:00:00,69.04
2023-07-13 01:00:00,69.04
2023-07-13 02:00:00,69.04
2023-07-13 03:00:00,69.04
2023-07-13 04:00:00,69.04
2023-07-13 05:00:00,69.04
2023-07-13 06:00:00,69.04
2023-07-13 07:00:00,69.04
2023-07-13 08:00:00,69.04
2023-07-13 09:00:00,69.04
2023-07-13 10:00:00,69.04
2023-07-13 11:00:00,69.04
2023-07-13 12:00:00,69.04
2023-07-13 13:00:00,69.04
2023-07-13 14:00:00,69.04
2023-07-13 15:00:00,69.04
2023-07-13 16:00:00,69.04
2023-07-13 17:00:00,69.04
2023-07-13 18:00:00,69.04
2023-07-13 19:00:00,69.04
2023-07-13 20:00:00,69.04
2023-07-13 21:00:00,69.04
2023-07-13 22:00:00,69.04
2023-07-13 23:00:00,69.04
2023-07-14 00:00:00,69.04
2023-07-14 01:00:00,69.04
2023-07-14 02:00:00,69.04
2023-07-14 03:00:00,69.04
2023-07-14 04:00:00,69.04
2023-07-14 05:00:00,69.04
2023-07-14 06:00:00,69.04
2023-07-14 07:00:00,69.04
2023-07-14 08:00:00,69.04
2023-07-14 09:00:00,69.04
2023-07-14 10:00:00,69.04
2023-07-14 11:00:00,69.04
2023-07-14 12:00:00,69.04
2023-07-14 13:00:00,69.04
2023-07-14 14:00:00,69.04
2023-07-14 15:00:00,69.04
2023-07-14 16:00:00,69.04
2023-07-14 17:00:00,69.04
2023-07-14 18:00:00,69.04
2023-07-14 19:00:00,69.04
2023-07-14 20:00:00,69.04
2023-07-14 21:00:00,69.04
2023-07-14 22:00:00,69.04
2023-07-14 23:00:00,69.04
2023-07-15 00:00:00,69.04
2023-07-15 01:00:00,69.04
2023-07-15 02:00:00,69.04
2023-07-15 03:00:00,69.04
2023-07-15 04:00:00,69.04
2023-07-15 05:00:00,69.04
2023-07-15 06:00:00,69.04
2023-07-15 07:00:00,69.04
2023-07-15 08:00:00,69.04
2023-07-15 09:00:00,69.04
2023-07-15 10:00:00,69.04
2023-07-15 11:00:00,69.04
2023-07-15 12:00:00,69.04
2023-07-15 13:00:00,69.04
2023-07-15 14:00:00,69.04
2023-07-15 15:00:00,69.04
2023-07-15 16:00:00,69.04
2023-07-15 17:00:00,69.04
2023-07-15 18:00:00,69.04
2023-07-15 19:00:00,69.04
2023-07-15 20:00:00,69.04
2023-07-15 21:00:00,69.04
2023-07-15 22:00:00,69.04
2023-07-15 23:00:00,69.04
2023-07-16 00:00:00,69.04
2023-07-16 01:00:00,69.04
2023-07-16 02:00:00,69.04
2023-07-16 03:00:00,69.04
2023-07-16 04:00:00,69.04
2023-07-16 05:00:00,69.04
2023-07-16 06:00:00,69.04
2023-07-16 07:00:00,69.04
2023-07-16 08:00:00,69.04
2023-07-16 09:00:00,69.04
2023-07-16 10:00:00,69.04
2023-07-16 11:00:00,69.04
2023-07-16 12:00:00,69.04
2023-07-16 13:00:00,69.04
2023-07-16 14:00:00,69.04
2023-07-16 15:00:00,69.04
2023-07-16 16:00:00,69.04
2023-07-16 17:00:00,69.04
2023-07-16 18:00:00,69.04
2023-07-16 19:00:00,69.04
2023-07-16 20:00:00,69.04
2023-07-16 21:00:00,69.04
2023-07-16 22:00:00,69.04
2023-07-16 23:00:00,69.04
2023-07-17 00:00:00,69.04
2023-07-17 01:00:00,69.04
2023-07-17 02:00:00,69.04
2023-07-17 03:00:00,69.04
2023-07-17 04:00:00,69.04
2023-07-17 05:00:00,69.04
2023-07-17 06:00:00,69.04
2023-07-17 07:00:00,69.04
2023-07-17 08:00:00,69.04
2023-07-17 09:00:00,69.04
2023-07-17 10:00:00,69.04
2023-07-17 11:00:00,69.04
2023-07-17 12:00:00,69.04
2023-07-17 13:00:00,69.04
2023-07-17 14:00:00,69.04
2023-07-17 15:00:00,69.04
2023-07-17 16:00:00,69.04
2023-07-17 17:00:00,69.04
2023-07-17 18:00:00,69.04
2023-07-17 19:00:00,69.04
2023-07-17 20:00:00,69.04
2023-07-17 21:00:00,69.04
2023-07-17 22:00:00,69.04
2023-07-17 23:00:00,69.04
2023-07-18 00:00:00,69.04
2023-07-18 01:00:00,69.04
2023-07-18 02:00:00,69.04
2023-07-18 03:00:00,69.04
2023-07-18 04:00:00,69.04
2023-07-18 05:00:00,69.04
2023-07-18 06:00:00,69.04
2023-07-18 07:00:00,69.04
2023-07-18 08:00:00,69.04
2023-07-18 09:00:00,69.04
2023-07-18 10:00:00,69.04
2023-07-18 11:00:00,69.04
2023-07-18 12:00:00,69.04
2023-07-18 13:00:00,69.04
2023-07-18 14:00:00,69.04
2023-07-18 15:00:00,69.04
2023-07-18 16:00:00,69.04
2023-07-18 17:00:00,69.04
2023-07-18 18:00:00,69.04
2023-07-18 19:00:00,69.04
2023-07-18 20:00:00,69.04
2023-07-18 21:00:00,69.04
2023-07-18 22:00:00,69.04
2023-07-18 23:00:00,69.04
2023-07-19 00:00:00,69.04
2023-07-19 01:00:00,69.04
2023-07-19 02:00:00,69.04
2023-07-19 03:00:00,69.04
2023-07-19 04:00:00,69.04
2023-07-19 05:00:00,69.04
2023-07-19 06:00:00,69.04
2023-07-19 07:00:00,69.04
2023-07-19 08:00:00,69.04
2023-07-19 09:00:00,69.04
2023-07-19 10:00:00,69.04
2023-07-19 11:00:00,69.04
2023-07-19 12:00:00,69.04
2023-07-19 13:00:00,69.04
2023-07-19 14:00:00,69.04
2023-07-19 15:00:00,69.04
2023-07-19 16:00:00,69.04
2023-07-19 17:00:00,69.04
2023-07-19 18:00:00,69.04
2023-07-19 19:00:00,69.04
2023-07-19 20:00:00,69.04
2023-07-19 21:00:00,69.04
2023-07-19 22:00:00,69.04
2023-07-19 23:00:00,69.04
2023-07-20 00:00:00,69.04
2023-07-20 01:00:00,69.04
2023-07-20 02:00:00,69.04
2023-07-20 03:00:00,69.04
2023-07-20 04:00:00,69.04
2023-07-20 05:00:00,69.04
2023-07-20 06:00:00,69.04
2023-07-20 07:00:00,69.04
2023-07-20 08:00:00,69.04
2023-07-20 09:00:00,69.04
2023-07-20 10:00:00,69.04
2023-07-20 11:00:00,69.04
2023-07-20 12:00:00,69.04
2023-07-20 13:00:00,69.04
2023-07-20 14:00:00,69.04
2023-07-20 15:00:00,69.04
2023-07-20 16:00:00,69.04
2023-07-20 17:00:00,69.04
2023-07-20 18:00:00,69.04
2023-07-20 19:00:00,69.04
2023-07-20 20:00:00,69.04
2023-07-20 21:00:00,69.04
2023-07-20 22:00:00,69.04
2023-07-20 23:00:00,69.04
2023-07-21 00:00:00,69.04
2023-07-21 01:00:00,69.04
2023-07-21 02:00:00,69.04
2023-07-21 03:00:00,69.04
2023-07-21 04:00:00,69.04
2023-07-21 05:00:00,69.04
2023-07-21 06:00:00,69.04
2023-07-21 07:00:00,69.04
2023-07-21 08:00:00,69.04
2023-07-21 09:00:00,69.04
2023-07-21 10:00:00,69.04
2023-07-21 11:00:00,69.04
2023-07-21 12:00:00,69.04
2023-07-21 13:00:00,69.04
2023-07-21 14:00:00,69.04
2023-07-21 15:00:00,69.04
2023-07-21 16:00:00,69.04
2023-07-21 17:00:00,69.04
2023-07-21 18:00:00,69.04
2023-07-21 19:00:00,69.04
2023-07-21 20:00:00,69.04
2023-07-21 21:00:00,69.04
2023-07-21 22:00:00,69.04
2023-07-21 23:00:00,69.04
2023-07-22 00:00:00,69.04
2023-07-22 01:00:00,69.04
2023-07-22 02:00:00,69.04
2023-07-22 03:00:00,69.04
2023-07-22 04:00:00,69.04
2023-07-22 05:00:00,69.04
2023-07-22 06:00:00,69.04
2023-07-22 07:00:00,69.04
2023-07-22 08:00:00,69.04
2023-07-22 09:00:00,69.04
2023-07-22 10:00:00,69.04
2023-07-22 11:00:00,69.04
2023-07-22 12:00:00,69.04
2023-07-22 13:00:00,69.04
2023-07-22 14:00:00,69.04
2023-07-22 15:00:00,69.04
2023-07-22 16:00:00,69.04
2023-07-22 17:00:00,69.04
2023-07-22 18:00:00,69.04
2023-07-22 19:00:00,69.04
2023-07-22 20:00:00,69.04
2023-07-22 21:00:00,69.04
2023-07-22 22:00:00,69.04
2023-07-22 23:00:00,69.04
2023-07-23 00:00:00,69.04
2023-07-23 01:00:00,69.04
2023-07-23 02:00:00,69.04
2023-07-23 03:00:00,69.04
2023-07-23 04:00:00,69.04
2023-07-23 05:00:00,69.04
2023-07-23 06:00:00,69.04
2023-07-23 07:00:00,69.04
2023-07-23 08:00:00,69.04
2023-07-23 09:00:00,69.04
2023-07-23 10:00:00,69.04
2023-07-23 11:00:00,69.04
2023-07-23 12:00:00,69.04
2023-07-23 13:00:00,69.04
2023-07-23 14:00:00,69.04
2023-07-23 15:00:00,69.04
2023-07-23 16:00:00,69.04
2023-07-23 17:00:00,69.04
2023-07-23 18:00:00,69.04
2023-07-23 19:00:00,69.04
2023-07-23 20:00:00,69.04
2023-07-23 21:00:00,69.04
2023-07-23 22:00:00,69.04
2023-07-23 23:00:00,69.04
2023-07-24 00:00:00,69.04
2023-07-24 01:00:00,69.04
2023-07-24 02:00:00,69.04
2023-07-24 03:00:00,69.04
2023-07-24 04:00:00,69.04
2023-07-24 05:00:00,69.04
2023-07-24 06:00:00,69.04
2023-07-24 07:00:00,69.04
2023-07-24 08:00:00,69.04
2023-07-24 09:00:00,69.04
2023-07-24 10:00:00,69.04
2023-07-24 11:00:00,69.04
2023-07-24 12:00:00,69.04
2023-07-24 13:00:00,69.04
2023-07-24 14:00:00,69.04
2023-07-24 15:00:00,69.04
2023-07-24 16:00:00,69.04
2023-07-24 17:00:00,69.04
2023-07-24 18:00:00,69.04
2023-07-24 19:00:00,69.04
2023-07-24 20:00:00,69.04
2023-07-24 21:00:00,69.04
2023-07-24 22:00:00,69.04
2023-07-24 23:00:00,69.04
2023-07-25 00:00:00,69.04
2023-07-25 01:00:00,69.04
2023-07-25 02:00:00,69.04
2023-07-25 03:00:00,69.04
2023-07-25 04:00:00,69.04
2023-07-25 05:00:00,69.04
2023-07-25 06:00:00,69.04
2023-07-25 07:00:00,69.04
2023-07-25 08:00:00,69.04
2023-07-25 09:00:00,69.04
2023-07-25 10:00:00,69.04
2023-07-25 11:00:00,69.04
2023-07-25 12:00:00,69.04
2023-07-25 13:00:00,69.04
2023-07-25 14:00:00,69.04
2023-07-25 15:00:00,69.04
2023-07-25 16:00:00,69.04
2023-07-25 17:00:00,69.04
2023-07-25 18:00:00,69.04
2023-07-25 19:00:00,69.04
2023-07-25 20:00:00,69.04
2023-07-25 21:00:00,69.04
2023-07-25 22:00:00,69.04
2023-07-25 23:00:00,69.04
2023-07-26 00:00:00,69.04
2023-07-26 01:00:00,69.04
2023-07-26 02:00:00,69.04
2023-07-26 03:00:00,69.04
2023-07-26 04:00:00,69.04
2023-07-26 05:00:00,69.04
2023-07-26 06:00:00,69.04
2023-07-26 07:00:00,69.04
2023-07-26 08:00:00,69.04
2023-07-26 09:00:00,69.04
2023-07-26 10:00:00,69.04
2023-07-26 11:00:00,69.04
2023-07-26 12:00:00,69.04
2023-07-26 13:00:00,69.04
2023-07-26 14:00:00,69.04
2023-07-26 15:00:00,69.04
2023-07-26 16:00:00,69.04
2023-07-26 17:00:00,69.04
2023-07-26 18:00:00,69.04
2023-07-26 19:00:00,69.04
2023-07-26 20:00:00,69.04
2023-07-26 21:00:00,69.04
2023-07-26 22:00:00,69.04
2023-07-26 23:00:00,69.04
2023-07-27 00:00:00,69.04
2023-07-27 01:00:00,69.04
2023-07-27 02:00:00,69.04
2023-07-27 03:00:00,69.04
2023-07-27 04:00:00,69.04
2023-07-27 05:00:00,69.04
2023-07-27 06:00:00,69.04
2023-07-27 07:00:00,69.04
2023-07-27 08:00:00,69.04
2023-07-27 09:00:00,69.04
2023-07-27 10:00:00,69.04
2023-07-27 11:00:00,69.04
2023-07-27 12:00:00,69.04
2023-07-27 13:00:00,69.04
2023-07-27 14:00:00,69.04
2023-07-27 15:00:00,69.04
2023-07-27 16:00:00,69.04
2023-07-27 17:00:00,69.04
2023-07-27 18:00:00,69.04
2023-07-27 19:00:00,69.04
2023-07-27 20:00:00,69.04
2023-07-27 21:00:00,69.04
2023-07-27 22:00:00,69.04
2023-07-27 23:00:00,69.04
2023-07-28 00:00:00,69.04
2023-07-28 01:00:00,69.04
2023-07-28 02:00:00,69.04
2023-07-28 03:00:00,69.04
2023-07-28 04:00:00,69.04
2023-07-28 05:00:00,69.04
2023-07-28 06:00:00,69.04
2023-07-28 07:00:00,69.04
2023-07-28 08:00:00,69.04
2023-07-28 09:00:00,69.04
2023-07-28 10:00:00,69.04
2023-07-28 11:00:00,69.04
2023-07-28 12:00:00,69.04
2023-07-28 13:00:00,69.04
2023-07-28 14:00:00,69.04
2023-07-28 15:00:00,69.04
2023-07-28 16:00:00,69.04
2023-07-28 17:00:00,69.04
2023-07-28 18:00:00,69.04
2023-07-28 19:00:00,69.04
2023-07-28 20:00:00,69.04
2023-07-28 21:00:00,69.04
2023-07-28 22:00:00,69.04
2023-07-28 23:00:00,69.04
2023-07-29 00:00:00,69.04
2023-07-29 01:00:00,69.04
2023-07-29 02:00:00,69.04
2023-07-29 03:00:00,69.04
2023-07-29 04:00:00,69.04
2023-07-29 05:00:00,69.04
2023-07-29 06:00:00,69.04
2023-07-29 07:00:00,69.04
2023-07-29 08:00:00,69.04
2023-07-29 09:00:00,69.04
2023-07-29 10:00:00,69.04
2023-07-29 11:00:00,69.04
2023-07-29 12:00:00,69.04
2023-07-29 13:00:00,69.04
2023-07-29 14:00:00,69.04
2023-07-29 15:00:00,69.04
2023-07-29 16:00:00,69.04
2023-07-29 17:00:00,69.04
2023-07-29 18:00:00,69.04
2023-07-29 19:00:00,69.04
2023-07-29 20:00:00,69.04
2023-07-29 21:00:00,69.04
2023-07-29 22:00:00,69.04
2023-07-29 23:00:00,69.04
2023-07-30 00:00:00,69.04
2023-07-30 01:00:00,69.04
2023-07-30 02:00:00,69.04
2023-07-30 03:00:00,69.04
2023-07-30 04:00:00,69.04
2023-07-30 05:00:00,69.04
2023-07-30 06:00:00,69.04
2023-07-30 07:00:00,69.04
2023-07-30 08:00:00,69.04
2023-07-30 09:00:00,69.04
2023-07-30 10:00:00,69.04
2023-07-30 11:00:00,69.04
2023-07-30 12:00:00,69.04
2023-07-30 13:00:00,69.04
2023-07-30 14:00:00,69.04
2023-07-30 15:00:00,69.04
2023-07-30 16:00:00,69.04
2023-07-30 17:00:00,69.04
2023-07-30 18:00:00,69.04
2023-07-30 19:00:00,69.04
2023-07-30 20:00:00,69.04
2023-07-30 21:00:00,69.04
2023-07-30 22:00:00,69.04
2023-07-30 23:00:00,69.04
2023-07-31 00:00:00,69.04
2023-07-31 01:00:00,69.04
2023-07-31 02:00:00,69.04
2023-07-31 03:00:00,69.04
2023-07-31 04:00:00,69.04
2023-07-31 05:00:00,69.04
2023-07-31 06:00:00,69.04
2023-07-31 07:00:00,69.04
2023-07-31 08:00:00,69.04
2023-07-31 09:00:00,69.04
2023-07-31 10:00:00,69.04
2023-07-31 11:00:00,69.04
2023-07-31 12:00:00,69.04
2023-07-31 13:00:00,69.04
2023-07-31 14:00:00,69.04
2023-07-31 15:00:00,69.04
2023-07-31 16:00:00,69.04
2023-07-31 17:00:00,69.04
2023-07-31 18:00:00,69.04
2023-07-31 19:00:00,69.04
2023-07-31 20:00:00,69.04
2023-07-31 21:00:00,69.04
2023-07-31 22:00:00,69.04
2023-07-31 23:00:00,69.04
2023-08-01 00:00:00,69.04
2023-08-01 01:00:00,69.04
2023-08-01 02:00:00,69.04
2023-08-01 03:00:00,69.04
2023-08-01 04:00:00,69.04
2023-08-01 05:00:00,69.04
2023-08-01 06:00:00,69.04
2023-08-01 07:00:00,69.04
2023-08-01 08:00:00,69.04
2023-08-01 09:00:00,69.04
2023-08-01 10:00:00,69.04
2023-08-01 11:00:00,69.04
2023-08-01 12:00:00,69.04
2023-08-01 13:00:00,69.04
2023-08-01 14:00:00,69.04
2023-08-01 15:00:00,69.04
2023-08-01 16:00:00,69.04
2023-08-01 17:00:00,69.04
2023-08-01 18:00:00,69.04
2023-08-01 19:00:00,69.04
2023-08-01 20:00:00,69.04
2023-08-01 21:00:00,69.04
2023-08-01 22:00:00,69.04
2023-08-01 23:00:00,69.04
2023-08-02 00:00:00,69.04
2023-08-02 01:00:00,69.04
2023-08-02 02:00:00,69.04
2023-08-02 03:00:00,69.04
2023-08-02 04:00:00,69.04
2023-08-02 05:00:00,69.04
2023-08-02 06:00:00,69.04
2023-08-02 07:00:00,69.04
2023-08-02 08:00:00,69.04
2023-08-02 09:00:00,69.04
2023-08-02 10:00:00,69.04
2023-08-02 11:00:00,69.04
2023-08-02 12:00:00,69.04
2023-08-02 13:00:00,69.04
2023-08-02 14:00:00,69.04
2023-08-02 15:00:00,69.04
2023-08-02 16:00:00,69.04
2023-08-02 17:00:00,69.04
2023-08-02 18:00:00,69.04
2023-08-02 19:00:00,69.04
2023-08-02 20:00:00,69.04
2023-08-02 21:00:00,69.04
2023-08-02 22:00:00,69.04
2023-08-02 23:00:00,69.04
2023-08-03 00:00:00,69.04
2023-08-03 01:00:00,69.04
2023-08-03 02:00:00,69.04
2023-08-03 03:00:00,69.04
2023-08-03 04:00:00,69.04
2023-08-03 05:00:00,69.04
2023-08-03 06:00:00,69.04
2023-08-03 07:00:00,69.04
2023-08-03 08:00:00,69.04
2023-08-03 09:00:00,69.04
2023-08-03 10:00:00,69.04
2023-08-03 11:00:00,69.04
2023-08-03 12:00:00,69.04
2023-08-03 13:00:00,69.04
2023-08-03 14:00:00,69.04
2023-08-03 15:00:00,69.04
2023-08-03 16:00:00,69.04
2023-08-03 17:00:00,69.04
2023-08-03 18:00:00,69.04
2023-08-03 19:00:00,69.04
2023-08-03 20:00:00,69.04
2023-08-03 21:00:00,69.04
2023-08-03 22:00:00,69.04
2023-08-03 23:00:00,69.04
2023-08-04 00:00:00,69.04
2023-08-04 01:00:00,69.04
2023-08-04 02:00:00,69.04
2023-08-04 03:00:00,69.04
2023-08-04 04:00:00,69.04
2023-08-04 05:00:00,69.04
2023-08-04 06:00:00,69.04
2023-08-04 07:00:00,69.04
2023-08-04 08:00:00,69.04
2023-08-04 09:00:00,69.04
2023-08-04 10:00:00,69.04
2023-08-04 11:00:00,69.04
2023-08-04 12:00:00,69.04
2023-08-04 13:00:00,69.04
2023-08-04 14:00:00,69.04
2023-08-04 15:00:00,69.04
2023-08-04 16:00:00,69.04
2023-08-04 17:00:00,69.04
2023-08-04 18:00:00,69.04
2023-08-04 19:00:00,69.04
2023-08-04 20:00:00,69.04
2023-08-04 21:00:00,69.04
2023-08-04 22:00:00,69.04
2023-08-04 23:00:00,69.04
2023-08-05 00:00:00,69.04
2023-08-05 01:00:00,69.04
2023-08-05 02:00:00,69.04
2023-08-05 03:00:00,69.04
2023-08-05 04:00:00,69.04
2023-08-05 05:00:00,69.04
2023-08-05 06:00:00,69.04
2023-08-05 07:00:00,69.04
2023-08-05 08:00:00,69.04
2023-08-05 09:00:00,69.04
2023-08-05 10:00:00,69.04
2023-08-05 11:00:00,69.04
2023-08-05 12:00:00,69.04
2023-08-05 13:00:00,69.04
2023-08-05 14:00:00,69.04
2023-08-05 15:00:00,69.04
2023-08-05 16:00:00,69.04
2023-08-05 17:00:00,69.04
2023-08-05 18:00:00,69.04
2023-08-05 19:00:00,69.04
2023-08-05 20:00:00,69.04
2023-08-05 21:00:00,69.04
2023-08-05 22:00:00,69.04
2023-08-05 23:00:00,69.04
2023-08-06 00:00:00,69.04
2023-08-06 01:00:00,69.04
2023-08-06 02:00:00,69.04
2023-08-06 03:00:00,69.04
2023-08-06 04:00:00,69.04
2023-08-06 05:00:00,69.04
2023-08-06 06:00:00,69.04
2023-08-06 07:00:00,69.04
2023-08-06 08:00:00,69.04
2023-08-06 09:00:00,69.04
2023-08-06 10:00:00,69.04
2023-08-06 11:00:00,69.04
2023-08-06 12:00:00,69.04
2023-08-06 13:00:00,69.04
2023-08-06 14:00:00,69.04
2023-08-06 15:00:00,69.04
2023-08-06 16:00:00,69.04
2023-08-06 17:00:00,69.04
2023-08-06 18:00:00,69.04
2023-08-06 19:00:00,69.04
2023-08-06 20:00:00,69.04
2023-08-06 21:00:00,69.04
2023-08-06 22:00:00,69.04
2023-08-06 23:00:00,69.04
2023-08-07 00:00:00,69.04
2023-08-07 01:00:00,69.04
2023-08-07 02:00:00,69.04
2023-08-07 03:00:00,69.04
2023-08-07 04:00:00,69.04
2023-08-07 05:00:00,69.04
2023-08-07 06:00:00,69.04
2023-08-07 07:00:00,69.04
2023-08-07 08:00:00,69.04
2023-08-07 09:00:00,69.04
2023-08-07 10:00:00,69.04
2023-08-07 11:00:00,69.04
2023-08-07 12:00:00,69.04
2023-08-07 13:00:00,69.04
2023-08-07 14:00:00,69.04
2023-08-07 15:00:00,69.04
2023-08-07 16:00:00,69.04
2023-08-07 17:00:00,69.04
2023-08-07 18:00:00,69.04
2023-08-07 19:00:00,69.04
2023-08-07 20:00:00,69.04
2023-08-07 21:00:00,69.04
2023-08-07 22:00:00,69.04
2023-08-07 23:00:00,69.04
2023-08-08 00:00:00,69.04
2023-08-08 01:00:00,69.04
2023-08-08 02:00:00,69.04
2023-08-08 03:00:00,69.04
2023-08-08 04:00:00,69.04
2023-08-08 05:00:00,69.04
2023-08-08 06:00:00,69.04
2023-08-08 07:00:00,69.04
2023-08-08 08:00:00,69.04
2023-08-08 09:00:00,69.04
2023-08-08 10:00:00,69.04
2023-08-08 11:00:00,69.04
2023-08-08 12:00:00,69.04
2023-08-08 13:00:00,69.04
2023-08-08 14:00:00,69.04
2023-08-08 15:00:00,69.04
2023-08-08 16:00:00,69.04
2023-08-08 17:00:00,69.04
2023-08-08 18:00:00,69.04
2023-08-08 19:00:00,69.04
2023-08-08 20:00:00,69.04
2023-08-08 21:00:00,69.04
2023-08-08 22:00:00,69.04
2023-08-08 23:00:00,69.04
2023-08-09 00:00:00,69.04
2023-08-09 01:00:00,69.04
2023-08-09 02:00:00,69.04
2023-08-09 03:00:00,69.04
2023-08-09 04:00:00,69.04
2023-08-09 05:00:00,69.04
2023-08-09 06:00:00,69.04
2023-08-09 07:00:00,69.04
2023-08-09 08:00:00,69.04
2023-08-09 09:00:00,69.04
2023-08-09 10:00:00,69.04
2023-08-09 11:00:00,69.04
2023-08-09 12:00:00,69.04
2023-08-09 13:00:00,69.04
2023-08-09 14:00:00,69.04
2023-08-09 15:00:00,69.04
2023-08-09 16:00:00,69.04
2023-08-09 17:00:00,69.04
2023-08-09 18:00:00,69.04
2023-08-09 19:00:00,69.04
2023-08-09 20:00:00,69.04
2023-08-09 21:00:00,69.04
2023-08-09 22:00:00,69.04
2023-08-09 23:00:00,69.04
2023-08-10 00:00:00,69.04
2023-08-10 01:00:00,69.04
2023-08-10 02:00:00,69.04
2023-08-10 03:00:00,69.04
2023-08-10 04:00:00,69.04
2023-08-10 05:00:00,69.04
2023-08-10 06:00:00,69.04
2023-08-10 07:00:00,69.04
2023-08-10 08:00:00,69.04
2023-08-10 09:00:00,69.04
2023-08-10 10:00:00,69.04
2023-08-10 11:00:00,69.04
2023-08-10 12:00:00,69.04
2023-08-10 13:00:00,69.04
2023-08-10 14:00:00,69.04
2023-08-10 15:00:00,69.04
2023-08-10 16:00:00,69.04
2023-08-10 17:00:00,69.04
2023-08-10 18:00:00,69.04
2023-08-10 19:00:00,69.04
2023-08-10 20:00:00,69.04
2023-08-10 21:00:00,69.04
2023-08-10 22:00:00,69.04
2023-08-10 23:00:00,69.04
2023-08-11 00:00:00,69.04
2023-08-11 01:00:00,69.04
2023-08-11 02:00:00,69.04
2023-08-11 03:00:00,69.04
2023-08-11 04:00:00,69.04
2023-08-11 05:00:00,69.04
2023-08-11 06:00:00,69.04
2023-08-11 07:00:00,69.04
2023-08-11 08:00:00,69.04
2023-08-11 09:00:00,69.04
2023-08-11 10:00:00,69.04
2023-08-11 11:00:00,69.04
2023-08-11 12:00:00,69.04
2023-08-11 13:00:00,69.04
2023-08-11 14:00:00,69.04
2023-08-11 15:00:00,69.04
2023-08-11 16:00:00,69.04
2023-08-11 17:00:00,69.04
2023-08-11 18:00:00,69.04
2023-08-11 19:00:00,69.04
2023-08-11 20:00:00,69.04
2023-08-11 21:00:00,69.04
2023-08-11 22:00:00,69.04
2023-08-11 23:00:00,69.04
2023-08-12 00:00:00,69.04
2023-08-12 01:00:00,69.04
2023-08-12 02:00:00,69.04
2023-08-12 03:00:00,69.04
2023-08-12 04:00:00,69.04
2023-08-12 05:00:00,69.04
2023-08-12 06:00:00,69.04
2023-08-12 07:00:00,69.04
2023-08-12 08:00:00,69.04
2023-08-12 09:00:00,69.04
2023-08-12 10:00:00,69.04
2023-08-12 11:00:00,69.04
2023-08-12 12:00:00,69.04
2023-08-12 13:00:00,69.04
2023-08-12 14:00:00,69.04
2023-08-12 15:00:00,69.04
2023-08-12 16:00:00,69.04
2023-08-12 17:00:00,69.04
2023-08-12 18:00:00,69.04
2023-08-12 19:00:00,69.04
2023-08-12 20:00:00,69.04
2023-08-12 21:00:00,69.04
2023-08-12 22:00:00,69.04
2023-08-12 23:00:00,69.04
2023-08-13 00:00:00,69.04
2023-08-13 01:00:00,69.04
2023-08-13 02:00:00,69.04
2023-08-13 03:00:00,69.04
2023-08-13 04:00:00,69.04
2023-08-13 05:00:00,69.04
2023-08-13 06:00:00,69.04
2023-08-13 07:00:00,69.04
2023-08-13 08:00:00,69.04
2023-08-13 09:00:00,69.04
2023-08-13 10:00:00,69.04
2023-08-13 11:00:00,69.04
2023-08-13 12:00:00,69.04
2023-08-13 13:00:00,69.04
2023-08-13 14:00:00,69.04
2023-08-13 15:00:00,69.04
2023-08-13 16:00:00,69.04
2023-08-13 17:00:00,69.04
2023-08-13 18:00:00,69.04
2023-08-13 19:00:00,69.04
2023-08-13 20:00:00,69.04
2023-08-13 21:00:00,69.04
2023-08-13 22:00:00,69.04
2023-08-13 23:00:00,69.04
2023-08-14 00:00:00,69.04
2023-08-14 01:00:00,69.04
2023-08-14 02:00:00,69.04
2023-08-14 03:00:00,69.04
2023-08-14 04:00:00,69.04
2023-08-14 05:00:00,69.04
2023-08-14 06:00:00,69.04
2023-08-14 07:00:00,69.04
2023-08-14 08:00:00,69.04
2023-08-14 09:00:00,69.04
2023-08-14 10:00:00,69.04
2023-08-14 11:00:00,69.04
2023-08-14 12:00:00,69.04
2023-08-14 13:00:00,69.04
2023-08-14 14:00:00,69.04
2023-08-14 15:00:00,69.04
2023-08-14 16:00:00,69.04
2023-08-14 17:00:00,69.04
2023-08-14 18:00:00,69.04
2023-08-14 19:00:00,69.04
2023-08-14 20:00:00,69.04
2023-08-14 21:00:00,69.04
2023-08-14 22:00:00,69.04
2023-08-14 23:00:00,69.04
2023-08-15 00:00:00,69.04
2023-08-15 01:00:00,69.04
2023-08-15 02:00:00,69.04
2023-08-15 03:00:00,69.04
2023-08-15 04:00:00,69.04
2023-08-15 05:00:00,69.04
2023-08-15 06:00:00,69.04
2023-08-15 07:00:00,69.04
2023-08-15 08:00:00,69.04
2023-08-15 09:00:00,69.04
2023-08-15 10:00:00,69.04
2023-08-15 11:00:00,69.04
2023-08-15 12:00:00,69.04
2023-08-15 13:00:00,69.04
2023-08-15 14:00:00,69.04
2023-08-15 15:00:00,69.04
2023-08-15 16:00:00,69.04
2023-08-15 17:00:00,69.04
2023-08-15 18:00:00,69.04
2023-08-15 19:00:00,69.04
2023-08-15 20:00:00,69.04
2023-08-15 21:00:00,69.04
2023-08-15 22:00:00,69.04
2023-08-15 23:00:00,69.04
2023-08-16 00:00:00,69.04
2023-08-16 01:00:00,69.04
2023-08-16 02:00:00,69.04
2023-08-16 03:00:00,69.04
2023-08-16 04:00:00,69.04
2023-08-16 05:00:00,69.04
2023-08-16 06:00:00,69.04
2023-08-16 07:00:00,69.04
2023-08-16 08:00:00,69.04
2023-08-16 09:00:00,69.04
2023-08-16 10:00:00,69.04
2023-08-16 11:00:00,69.04
2023-08-16 12:00:00,69.04
2023-08-16 13:00:00,69.04
2023-08-16 14:00:00,69.04
2023-08-16 15:00:00,69.04
2023-08-16 16:00:00,69.04
2023-08-16 17:00:00,69.04
2023-08-16 18:00:00,69.04
2023-08-16 19:00:00,69.04
2023-08-16 20:00:00,69.04
2023-08-16 21:00:00,69.04
2023-08-16 22:00:00,69.04
2023-08-16 23:00:00,69.04
2023-08-17 00:00:00,69.04
2023-08-17 01:00:00,69.04
2023-08-17 02:00:00,69.04
2023-08-17 03:00:00,69.04
2023-08-17 04:00:00,69.04
2023-08-17 05:00:00,69.04
2023-08-17 06:00:00,69.04
2023-08-17 07:00:00,69.04
2023-08-17 08:00:00,69.04
2023-08-17 09:00:00,69.04
2023-08-17 10:00:00,69.04
2023-08-17 11:00:00,69.04
2023-08-17 12:00:00,69.04
2023-08-17 13:00:00,69.04
2023-08-17 14:00:00,69.04
2023-08-17 15:00:00,69.04
2023-08-17 16:00:00,69.04
2023-08-17 17:00:00,69.04
2023-08-17 18:00:00,69.04
2023-08-17 19:00:00,69.04
2023-08-17 20:00:00,69.04
2023-08-17 21:00:00,69.04
2023-08-17 22:00:00,69.04
2023-08-17 23:00:00,69.04
2023-08-18 00:00:00,69.04
2023-08-18 01:00:00,69.04
2023-08-18 02:00:00,69.04
2023-08-18 03:00:00,69.04
2023-08-18 04:00:00,69.04
2023-08-18 05:00:00,69.04
2023-08-18 06:00:00,69.04
2023-08-18 07:00:00,69.04
2023-08-18 08:00:00,69.04
2023-08-18 09:00:00,69.04
2023-08-18 10:00:00,69.04
2023-08-18 11:00:00,69.04
2023-08-18 12:00:00,69.04
2023-08-18 13:00:00,69.04
2023-08-18 14:00:00,69.04
2023-08-18 15:00:00,69.04
2023-08-18 16:00:00,69.04
2023-08-18 17:00:00,69.04
2023-08-18 18:00:00,69.04
2023-08-18 19:00:00,69.04
2023-08-18 20:00:00,69.04
2023-08-18 21:00:00,69.04
2023-08-18 22:00:00,69.04
2023-08-18 23:00:00,69.04
2023-08-19 00:00:00,69.04
2023-08-19 01:00:00,69.04
2023-08-19 02:00:00,69.04
2023-08-19 03:00:00,69.04
2023-08-19 04:00:00,69.04
2023-08-19 05:00:00,69.04
2023-08-19 06:00:00,69.04
2023-08-19 07:00:00,69.04
2023-08-19 08:00:00,69.04
2023-08-19 09:00:00,69.04
2023-08-19 10:00:00,69.04
2023-08-19 11:00:00,69.04
2023-08-19 12:00:00,69.04
2023-08-19 13:00:00,69.04
2023-08-19 14:00:00,69.04
2023-08-19 15:00:00,69.04
2023-08-19 16:00:00,69.04
2023-08-19 17:00:00,69.04
2023-08-19 18:00:00,69.04
2023-08-19 19:00:00,69.04
2023-08-19 20:00:00,69.04
2023-08-19 21:00:00,69.04
2023-08-19 22:00:00,69.04
2023-08-19 23:00:00,69.04
2023-08-20 00:00:00,69.04
2023-08-20 01:00:00,69.04
2023-08-20 02:00:00,69.04
2023-08-20 03:00:00,69.04
2023-08-20 04:00:00,69.04
2023-08-20 05:00:00,69.04
2023-08-20 06:00:00,69.04
2023-08-20 07:00:00,69.04
2023-08-20 08:00:00,69.04
2023-08-20 09:00:00,69.04
2023-08-20 10:00:00,69.04
2023-08-20 11:00:00,69.04
2023-08-20 12:00:00,69.04
2023-08-20 13:00:00,69.04
2023-08-20 14:00:00,69.04
2023-08-20 15:00:00,69.04
2023-08-20 16:00:00,69.04
2023-08-20 17:00:00,69.04
2023-08-20 18:00:00,69.04
2023-08-20 19:00:00,69.04
2023-08-20 20:00:00,69.04
2023-08-20 21:00:00,69.04
2023-08-20 22:00:00,69.04
2023-08-20 23:00:00,69.04
2023-08-21 00:00:00,69.04
2023-08-21 01:00:00,69.04
2023-08-21 02:00:00,69.04
2023-08-21 03:00:00,69.04
2023-08-21 04:00:00,69.04
2023-08-21 05:00:00,69.04
2023-08-21 06:00:00,69.04
2023-08-21 07:00:00,69.04
2023-08-21 08:00:00,69.04
2023-08-21 09:00:00,69.04
2023-08-21 10:00:00,69.04
2023-08-21 11:00:00,69.04
2023-08-21 12:00:00,69.04
2023-08-21 13:00:00,69.04
2023-08-21 14:00:00,69.04
2023-08-21 15:00:00,69.04
2023-08-21 16:00:00,69.04
2023-08-21 17:00:00,69.04
2023-08-21 18:00:00,69.04
2023-08-21 19:00:00,69.04
2023-08-21 20:00:00,69.04
2023-08-21 21:00:00,69.04
2023-08-21 22:00:00,69.04
2023-08-21 23:00:00,69.04
2023-08-22 00:00:00,69.04
2023-08-22 01:00:00,69.04
2023-08-22 02:00:00,69.04
2023-08-22 03:00:00,69.04
2023-08-22 04:00:00,69.04
2023-08-22 05:00:00,69.04
2023-08-22 06:00:00,69.04
2023-08-22 07:00:00,69.04
2023-08-22 08:00:00,69.04
2023-08-22 09:00:00,69.04
2023-08-22 10:00:00,69.04
2023-08-22 11:00:00,69.04
2023-08-22 12:00:00,69.04
2023-08-22 13:00:00,69.04
2023-08-22 14:00:00,69.04
2023-08-22 15:00:00,69.04
2023-08-22 16:00:00,69.04
2023-08-22 17:00:00,69.04
2023-08-22 18:00:00,69.04
2023-08-22 19:00:00,69.04
2023-08-22 20:00:00,69.04
2023-08-22 21:00:00,69.04
2023-08-22 22:00:00,69.04
2023-08-22 23:00:00,69.04
2023-08-23 00:00:00,69.04
2023-08-23 01:00:00,69.04
2023-08-23 02:00:00,69.04
2023-08-23 03:00:00,69.04
2023-08-23 04:00:00,69.04
2023-08-23 05:00:00,69.04
2023-08-23 06:00:00,69.04
2023-08-23 07:00:00,69.04
2023-08-23 08:00:00,69.04
2023-08-23 09:00:00,69.04
2023-08-23 10:00:00,69.04
2023-08-23 11:00:00,69.04
2023-08-23 12:00:00,69.04
2023-08-23 13:00:00,69.04
2023-08-23 14:00:00,69.04
2023-08-23 15:00:00,69.04
2023-08-23 16:00:00,69.04
2023-08-23 17:00:00,69.04
2023-08-23 18:00:00,69.04
2023-08-23 19:00:00,69.04
2023-08-23 20:00:00,69.04
2023-08-23 21:00:00,69.04
2023-08-23 22:00:00,69.04
2023-08-23 23:00:00,69.04
2023-08-24 00:00:00,69.04
2023-08-24 01:00:00,69.04
2023-08-24 02:00:00,69.04
2023-08-24 03:00:00,69.04
2023-08-24 04:00:00,69.04
2023-08-24 05:00:00,69.04
2023-08-24 06:00:00,69.04
2023-08-24 07:00:00,69.04
2023-08-24 08:00:00,69.04
2023-08-24 09:00:00,69.04
2023-08-24 10:00:00,69.04
2023-08-24 11:00:00,69.04
2023-08-24 12:00:00,69.04
2023-08-24 13:00:00,69.04
2023-08-24 14:00:00,69.04
2023-08-24 15:00:00,69.04
2023-08-24 16:00:00,69.04
2023-08-24 17:00:00,69.04
2023-08-24 18:00:00,69.04
2023-08-24 19:00:00,69.04
2023-08-24 20:00:00,69.04
2023-08-24 21:00:00,69.04
2023-08-24 22:00:00,69.04
2023-08-24 23:00:00,69.04
2023-08-25 00:00:00,69.04
2023-08-25 01:00:00,69.04
2023-08-25 02:00:00,69.04
2023-08-25 03:00:00,69.04
2023-08-25 04:00:00,69.04
2023-08-25 05:00:00,69.04
2023-08-25 06:00:00,69.04
2023-08-25 07:00:00,69.04
2023-08-25 08:00:00,69.04
2023-08-25 09:00:00,69.04
2023-08-25 10:00:00,69.04
2023-08-25 11:00:00,69.04
2023-08-25 12:00:00,69.04
2023-08-25 13:00:00,69.04
2023-08-25 14:00:00,69.04
2023-08-25 15:00:00,69.04
2023-08-25 16:00:00,69.04
2023-08-25 17:00:00,69.04
2023-08-25 18:00:00,69.04
2023-08-25 19:00:00,69.04
2023-08-25 20:00:00,69.04
2023-08-25 21:00:00,69.04
2023-08-25 22:00:00,69.04
2023-08-25 23:00:00,69.04
2023-08-26 00:00:00,69.04
2023-08-26 01:00:00,69.04
2023-08-26 02:00:00,69.04
2023-08-26 03:00:00,69.04
2023-08-26 04:00:00,69.04
2023-08-26 05:00:00,69.04
2023-08-26 06:00:00,69.04
2023-08-26 07:00:00,69.04
2023-08-26 08:00:00,69.04
2023-08-26 09:00:00,69.04
2023-08-26 10:00:00,69.04
2023-08-26 11:00:00,69.04
2023-08-26 12:00:00,69.04
2023-08-26 13:00:00,69.04
2023-08-26 14:00:00,69.04
2023-08-26 15:00:00,69.04
2023-08-26 16:00:00,69.04
2023-08-26 17:00:00,69.04
2023-08-26 18:00:00,69.04
2023-08-26 19:00:00,69.04
2023-08-26 20:00:00,69.04
2023-08-26 21:00:00,69.04
2023-08-26 22:00:00,69.04
2023-08-26 23:00:00,69.04
2023-08-27 00:00:00,69.04
2023-08-27 01:00:00,69.04
2023-08-27 02:00:00,69.04
2023-08-27 03:00:00,69.04
2023-08-27 04:00:00,69.04
2023-08-27 05:00:00,69.04
2023-08-27 06:00:00,69.04
2023-08-27 07:00:00,69.04
2023-08-27 08:00:00,69.04
2023-08-27 09:00:00,69.04
2023-08-27 10:00:00,69.04
2023-08-27 11:00:00,69.04
2023-08-27 12:00:00,69.04
2023-08-27 13:00:00,69.04
2023-08-27 14:00:00,69.04
2023-08-27 15:00:00,69.04
2023-08-27 16:00:00,69.04
2023-08-27 17:00:00,69.04
2023-08-27 18:00:00,69.04
2023-08-27 19:00:00,69.04
2023-08-27 20:00:00,69.04
2023-08-27 21:00:00,69.04
2023-08-27 22:00:00,69.04
2023-08-27 23:00:00,69.04
2023-08-28 00:00:00,69.04
2023-08-28 01:00:00,69.04
2023-08-28 02:00:00,69.04
2023-08-28 03:00:00,69.04
2023-08-28 04:00:00,69.04
2023-08-28 05:00:00,69.04
2023-08-28 06:00:00,69.04
2023-08-28 07:00:00,69.04
2023-08-28 08:00:00,69.04
2023-08-28 09:00:00,69.04
2023-08-28 10:00:00,69.04
2023-08-28 11:00:00,69.04
2023-08-28 12:00:00,69.04
2023-08-28 13:00:00,69.04
2023-08-28 14:00:00,69.04
2023-08-28 15:00:00,69.04
2023-08-28 16:00:00,69.04
2023-08-28 17:00:00,69.04
2023-08-28 18:00:00,69.04
2023-08-28 19:00:00,69.04
2023-08-28 20:00:00,69.04
2023-08-28 21:00:00,69.04
2023-08-28 22:00:00,69.04
2023-08-28 23:00:00,69.04
2023-08-29 00:00:00,69.04
2023-08-29 01:00:00,69.04
2023-08-29 02:00:00,69.04
2023-08-29 03:00:00,69.04
2023-08-29 04:00:00,69.04
2023-08-29 05:00:00,69.04
2023-08-29 06:00:00,69.04
2023-08-29 07:00:00,69.04
2023-08-29 08:00:00,69.04
2023-08-29 09:00:00,69.04
2023-08-29 10:00:00,69.04
2023-08-29 11:00:00,69.04
2023-08-29 12:00:00,69.04
2023-08-29 13:00:00,69.04
2023-08-29 14:00:00,69.04
2023-08-29 15:00:00,69.04
2023-08-29 16:00:00,69.04
2023-08-29 17:00:00,69.04
2023-08-29 18:00:00,69.04
2023-08-29 19:00:00,69.04
2023-08-29 20:00:00,69.04
2023-08-29 21:00:00,69.04
2023-08-29 22:00:00,69.04
2023-08-29 23:00:00,69.04
2023-08-30 00:00:00,69.04
2023-08-30 01:00:00,69.04
2023-08-30 02:00:00,69.04
2023-08-30 03:00:00,69.04
2023-08-30 04:00:00,69.04
2023-08-30 05:00:00,69.04
2023-08-30 06:00:00,69.04
2023-08-30 07:00:00,69.04
2023-08-30 08:00:00,69.04
2023-08-30 09:00:00,69.04
2023-08-30 10:00:00,69.04
2023-08-30 11:00:00,69.04
2023-08-30 12:00:00,69.04
2023-08-30 13:00:00,69.04
2023-08-30 14:00:00,69.04
2023-08-30 15:00:00,69.04
2023-08-30 16:00:00,69.04
2023-08-30 17:00:00,69.04
2023-08-30 18:00:00,69.04
2023-08-30 19:00:00,69.04
2023-08-30 20:00:00,69.04
2023-08-30 21:00:00,69.04
2023-08-30 22:00:00,69.04
2023-08-30 23:00:00,69.04
2023-08-31 00:00:00,69.04
2023-08-31 01:00:00,69.04
2023-08-31 02:00:00,69.04
2023-08-31 03:00:00,69.04
2023-08-31 04:00:00,69.04
2023-08-31 05:00:00,69.04
2023-08-31 06:00:00,69.04
2023-08-31 07:00:00,69.04
2023-08-31 08:00:00,69.04
2023-08-31 09:00:00,69.04
2023-08-31 10:00:00,69.04
2023-08-31 11:00:00,69.04
2023-08-31 12:00:00,69.04
2023-08-31 13:00:00,69.04
2023-08-31 14:00:00,69.04
2023-08-31 15:00:00,69.04
2023-08-31 16:00:00,69.04
2023-08-31 17:00:00,69.04
2023-08-31 18:00:00,69.04
2023-08-31 19:00:00,69.04
2023-08-31 20:00:00,69.04
2023-08-31 21:00:00,69.04
2023-08-31 22:00:00,69.04
2023-08-31 23:00:00,69.04
2023-09-01 00:00:00,69.04
2023-09-01 01:00:00,69.04
2023-09-01 02:00:00,69.04
2023-09-01 03:00:00,69.04
2023-09-01 04:00:00,69.04
2023-09-01 05:00:00,69.04
2023-09-01 06:00:00,69.04
2023-09-01 07:00:00,69.04
2023-09-01 08:00:00,69.04
2023-09-01 09:00:00,69.04
2023-09-01 10:00:00,69.04
2023-09-01 11:00:00,69.04
2023-09-01 12:00:00,69.04
2023-09-01 13:00:00,69.04
2023-09-01 14:00:00,69.04
2023-09-01 15:00:00,69.04
2023-09-01 16:00:00,69.04
2023-09-01 17:00:00,69.04
2023-09-01 18:00:00,69.04
2023-09-01 19:00:00,69.04
2023-09-01 20:00:00,69.04
2023-09-01 21:00:00,69.04
2023-09-01 22:00:00,69.04
2023-09-01 23:00:00,69.04
2023-09-02 00:00:00,69.04
2023-09-02 01:00:00,69.04
2023-09-02 02:00:00,69.04
2023-09-02 03:00:00,69.04
2023-09-02 04:00:00,69.04
2023-09-02 05:00:00,69.04
2023-09-02 06:00:00,69.04
2023-09-02 07:00:00,69.04
2023-09-02 08:00:00,69.04
2023-09-02 09:00:00,69.04
2023-09-02 10:00:00,69.04
2023-09-02 11:00:00,69.04
2023-09-02 12:00:00,69.04
2023-09-02 13:00:00,69.04
2023-09-02 14:00:00,69.04
2023-09-02 15:00:00,69.04
2023-09-02 16:00:00,69.04
2023-09-02 17:00:00,69.04
2023-09-02 18:00:00,69.04
2023-09-02 19:00:00,69.04
2023-09-02 20:00:00,69.04
2023-09-02 21:00:00,69.04
2023-09-02 22:00:00,69.04
2023-09-02 23:00:00,69.04
2023-09-03 00:00:00,69.04
2023-09-03 01:00:00,69.04
2023-09-03 02:00:00,69.04
2023-09-03 03:00:00,69.04
2023-09-03 04:00:00,69.04
2023-09-03 05:00:00,69.04
2023-09-03 06:00:00,69.04
2023-09-03 07:00:00,69.04
2023-09-03 08:00:00,69.04
2023-09-03 09:00:00,69.04
2023-09-03 10:00:00,69.04
2023-09-03 11:00:00,69.04
2023-09-03 12:00:00,69.04
2023-09-03 13:00:00,69.04
2023-09-03 14:00:00,69.04
2023-09-03 15:00:00,69.04
2023-09-03 16:00:00,69.04
2023-09-03 17:00:00,69.04
2023-09-03 18:00:00,69.04
2023-09-03 19:00:00,69.04
2023-09-03 20:00:00,69.04
2023-09-03 21:00:00,69.04
2023-09-03 22:00:00,69.04
2023-09-03 23:00:00,69.04
2023-09-04 00:00:00,69.04
2023-09-04 01:00:00,69.04
2023-09-04 02:00:00,69.04
2023-09-04 03:00:00,69.04
2023-09-04 04:00:00,69.04
2023-09-04 05:00:00,69.04
2023-09-04 06:00:00,69.04
2023-09-04 07:00:00,69.04
2023-09-04 08:00:00,69.04
2023-09-04 09:00:00,69.04
2023-09-04 10:00:00,69.04
2023-09-04 11:00:00,69.04
2023-09-04 12:00:00,69.04
2023-09-04 13:00:00,69.04
2023-09-04 14:00:00,69.04
2023-09-04 15:00:00,69.04
2023-09-04 16:00:00,69.04
2023-09-04 17:00:00,69.04
2023-09-04 18:00:00,69.04
2023-09-04 19:00:00,69.04
2023-09-04 20:00:00,69.04
2023-09-04 21:00:00,69.04
2023-09-04 22:00:00,69.04
2023-09-04 23:00:00,69.04
2023-09-05 00:00:00,69.04
2023-09-05 01:00:00,69.04
2023-09-05 02:00:00,69.04
2023-09-05 03:00:00,69.04
2023-09-05 04:00:00,69.04
2023-09-05 05:00:00,69.04
2023-09-05 06:00:00,69.04
2023-09-05 07:00:00,69.04
2023-09-05 08:00:00,69.04
2023-09-05 09:00:00,69.04
2023-09-05 10:00:00,69.04
2023-09-05 11:00:00,69.04
2023-09-05 12:00:00,69.04
2023-09-05 13:00:00,69.04
2023-09-05 14:00:00,69.04
2023-09-05 15:00:00,69.04
2023-09-05 16:00:00,69.04
2023-09-05 17:00:00,69.04
2023-09-05 18:00:00,69.04
2023-09-05 19:00:00,69.04
2023-09-05 20:00:00,69.04
2023-09-05 21:00:00,69.04
2023-09-05 22:00:00,69.04
2023-09-05 23:00:00,69.04
2023-09-06 00:00:00,69.04
2023-09-06 01:00:00,69.04
2023-09-06 02:00:00,69.04
2023-09-06 03:00:00,69.04
2023-09-06 04:00:00,69.04
2023-09-06 05:00:00,69.04
2023-09-06 06:00:00,69.04
2023-09-06 07:00:00,69.04
2023-09-06 08:00:00,69.04
2023-09-06 09:00:00,69.04
2023-09-06 10:00:00,69.04
2023-09-06 11:00:00,69.04
2023-09-06 12:00:00,69.04
2023-09-06 13:00:00,69.04
2023-09-06 14:00:00,69.04
2023-09-06 15:00:00,69.04
2023-09-06 16:00:00,69.04
2023-09-06 17:00:00,69.04
2023-09-06 18:00:00,69.04
2023-09-06 19:00:00,69.04
2023-09-06 20:00:00,69.04
2023-09-06 21:00:00,69.04
2023-09-06 22:00:00,69.04
2023-09-06 23:00:00,69.04
2023-09-07 00:00:00,69.04
2023-09-07 01:00:00,69.04
2023-09-07 02:00:00,69.04
2023-09-07 03:00:00,69.04
2023-09-07 04:00:00,69.04
2023-09-07 05:00:00,69.04
2023-09-07 06:00:00,69.04
2023-09-07 07:00:00,69.04
2023-09-07 08:00:00,69.04
2023-09-07 09:00:00,69.04
2023-09-07 10:00:00,69.04
2023-09-07 11:00:00,69.04
2023-09-07 12:00:00,69.04
2023-09-07 13:00:00,69.04
2023-09-07 14:00:00,69.04
2023-09-07 15:00:00,69.04
2023-09-07 16:00:00,69.04
2023-09-07 17:00:00,69.04
2023-09-07 18:00:00,69.04
2023-09-07 19:00:00,69.04
2023-09-07 20:00:00,69.04
2023-09-07 21:00:00,69.04
2023-09-07 22:00:00,69.04
2023-09-07 23:00:00,69.04
2023-09-08 00:00:00,69.04
2023-09-08 01:00:00,69.04
2023-09-08 02:00:00,69.04
2023-09-08 03:00:00,69.04
2023-09-08 04:00:00,69.04
2023-09-08 05:00:00,69.04
2023-09-08 06:00:00,69.04
2023-09-08 07:00:00,69.04
2023-09-08 08:00:00,69.04
2023-09-08 09:00:00,69.04
2023-09-08 10:00:00,69.04
2023-09-08 11:00:00,69.04
2023-09-08 12:00:00,69.04
2023-09-08 13:00:00,69.04
2023-09-08 14:00:00,69.04
2023-09-08 15:00:00,69.04
2023-09-08 16:00:00,69.04
2023-09-08 17:00:00,69.04
2023-09-08 18:00:00,69.04
2023-09-08 19:00:00,69.04
2023-09-08 20:00:00,69.04
2023-09-08 21:00:00,69.04
2023-09-08 22:00:00,69.04
2023-09-08 23:00:00,69.04
2023-09-09 00:00:00,69.04
2023-09-09 01:00:00,69.04
2023-09-09 02:00:00,69.04
2023-09-09 03:00:00,69.04
2023-09-09 04:00:00,69.04
2023-09-09 05:00:00,69.04
2023-09-09 06:00:00,69.04
2023-09-09 07:00:00,69.04
2023-09-09 08:00:00,69.04
2023-09-09 09:00:00,69.04
2023-09-09 10:00:00,69.04
2023-09-09 11:00:00,69.04
2023-09-09 12:00:00,69.04
2023-09-09 13:00:00,69.04
2023-09-09 14:00:00,69.04
2023-09-09 15:00:00,69.04
2023-09-09 16:00:00,69.04
2023-09-09 17:00:00,69.04
2023-09-09 18:00:00,69.04
2023-09-09 19:00:00,69.04
2023-09-09 20:00:00,69.04
2023-09-09 21:00:00,69.04
2023-09-09 22:00:00,69.04
2023-09-09 23:00:00,69.04
2023-09-10 00:00:00,69.04
2023-09-10 01:00:00,69.04
2023-09-10 02:00:00,69.04
2023-09-10 03:00:00,69.04
2023-09-10 04:00:00,69.04
2023-09-10 05:00:00,69.04
2023-09-10 06:00:00,69.04
2023-09-10 07:00:00,69.04
2023-09-10 08:00:00,69.04
2023-09-10 09:00:00,69.04
2023-09-10 10:00:00,69.04
2023-09-10 11:00:00,69.04
2023-09-10 12:00:00,69.04
2023-09-10 13:00:00,69.04
2023-09-10 14:00:00,69.04
2023-09-10 15:00:00,69.04
2023-09-10 16:00:00,69.04
2023-09-10 17:00:00,69.04
2023-09-10 18:00:00,69.04
2023-09-10 19:00:00,69.04
2023-09-10 20:00:00,69.04
2023-09-10 21:00:00,69.04
2023-09-10 22:00:00,69.04
2023-09-10 23:00:00,69.04
2023-09-11 00:00:00,69.04
2023-09-11 01:00:00,69.04
2023-09-11 02:00:00,69.04
2023-09-11 03:00:00,69.04
2023-09-11 04:00:00,69.04
2023-09-11 05:00:00,69.04
2023-09-11 06:00:00,69.04
2023-09-11 07:00:00,69.04
2023-09-11 08:00:00,69.04
2023-09-11 09:00:00,69.04
2023-09-11 10:00:00,69.04
2023-09-11 11:00:00,69.04
2023-09-11 12:00:00,69.04
2023-09-11 13:00:00,69.04
2023-09-11 14:00:00,69.04
2023-09-11 15:00:00,69.04
2023-09-11 16:00:00,69.04
2023-09-11 17:00:00,69.04
2023-09-11 18:00:00,69.04
2023-09-11 19:00:00,69.04
2023-09-11 20:00:00,69.04
2023-09-11 21:00:00,69.04
2023-09-11 22:00:00,69.04
2023-09-11 23:00:00,69.04
2023-09-12 00:00:00,69.04
2023-09-12 01:00:00,69.04
2023-09-12 02:00:00,69.04
2023-09-12 03:00:00,69.04
2023-09-12 04:00:00,69.04
2023-09-12 05:00:00,69.04
2023-09-12 06:00:00,69.04
2023-09-12 07:00:00,69.04
2023-09-12 08:00:00,69.04
2023-09-12 09:00:00,69.04
2023-09-12 10:00:00,69.04
2023-09-12 11:00:00,69.04
2023-09-12 12:00:00,69.04
2023-09-12 13:00:00,69.04
2023-09-12 14:00:00,69.04
2023-09-12 15:00:00,69.04
2023-09-12 16:00:00,69.04
2023-09-12 17:00:00,69.04
2023-09-12 18:00:00,69.04
2023-09-12 19:00:00,69.04
2023-09-12 20:00:00,69.04
2023-09-12 21:00:00,69.04
2023-09-12 22:00:00,69.04
2023-09-12 23:00:00,69.04
2023-09-13 00:00:00,69.04
2023-09-13 01:00:00,69.04
2023-09-13 02:00:00,69.04
2023-09-13 03:00:00,69.04
2023-09-13 04:00:00,69.04
2023-09-13 05:00:00,69.04
2023-09-13 06:00:00,69.04
2023-09-13 07:00:00,69.04
2023-09-13 08:00:00,69.04
2023-09-13 09:00:00,69.04
2023-09-13 10:00:00,69.04
2023-09-13 11:00:00,69.04
2023-09-13 12:00:00,69.04
2023-09-13 13:00:00,69.04
2023-09-13 14:00:00,69.04
2023-09-13 15:00:00,69.04
2023-09-13 16:00:00,69.04
2023-09-13 17:00:00,69.04
2023-09-13 18:00:00,69.04
2023-09-13 19:00:00,69.04
2023-09-13 20:00:00,69.04
2023-09-13 21:00:00,69.04
2023-09-13 22:00:00,69.04
2023-09-13 23:00:00,69.04
2023-09-14 00:00:00,69.04
2023-09-14 01:00:00,69.04
2023-09-14 02:00:00,69.04
2023-09-14 03:00:00,69.04
2023-09-14 04:00:00,69.04
2023-09-14 05:00:00,69.04
2023-09-14 06:00:00,69.04
2023-09-14 07:00:00,69.04
2023-09-14 08:00:00,69.04
2023-09-14 09:00:00,69.04
2023-09-14 10:00:00,69.04
2023-09-14 11:00:00,69.04
2023-09-14 12:00:00,69.04
2023-09-14 13:00:00,69.04
2023-09-14 14:00:00,69.04
2023-09-14 15:00:00,69.04
2023-09-14 16:00:00,69.04
2023-09-14 17:00:00,69.04
2023-09-14 18:00:00,69.04
2023-09-14 19:00:00,69.04
2023-09-14 20:00:00,69.04
2023-09-14 21:00:00,69.04
2023-09-14 22:00:00,69.04
2023-09-14 23:00:00,69.04
2023-09-15 00:00:00,69.04
2023-09-15 01:00:00,69.04
2023-09-15 02:00:00,69.04
2023-09-15 03:00:00,69.04
2023-09-15 04:00:00,69.04
2023-09-15 05:00:00,69.04
2023-09-15 06:00:00,69.04
2023-09-15 07:00:00,69.04
2023-09-15 08:00:00,69.04
2023-09-15 09:00:00,69.04
2023-09-15 10:00:00,69.04
2023-09-15 11:00:00,69.04
2023-09-15 12:00:00,69.04
2023-09-15 13:00:00,69.04
2023-09-15 14:00:00,69.04
2023-09-15 15:00:00,69.04
2023-09-15 16:00:00,69.04
2023-09-15 17:00:00,69.04
2023-09-15 18:00:00,69.04
2023-09-15 19:00:00,69.04
2023-09-15 20:00:00,69.04
2023-09-15 21:00:00,69.04
2023-09-15 22:00:00,69.04
2023-09-15 23:00:00,69.04
2023-09-16 00:00:00,69.04
2023-09-16 01:00:00,69.04
2023-09-16 02:00:00,69.04
2023-09-16 03:00:00,69.04
2023-09-16 04:00:00,69.04
2023-09-16 05:00:00,69.04
2023-09-16 06:00:00,69.04
2023-09-16 07:00:00,69.04
2023-09-16 08:00:00,69.04
2023-09-16 09:00:00,69.04
2023-09-16 10:00:00,69.04
2023-09-16 11:00:00,69.04
2023-09-16 12:00:00,69.04
2023-09-16 13:00:00,69.04
2023-09-16 14:00:00,69.04
2023-09-16 15:00:00,69.04
2023-09-16 16:00:00,69.04
2023-09-16 17:00:00,69.04
2023-09-16 18:00:00,69.04
2023-09-16 19:00:00,69.04
2023-09-16 20:00:00,69.04
2023-09-16 21:00:00,69.04
2023-09-16 22:00:00,69.04
2023-09-16 23:00:00,69.04
2023-09-17 00:00:00,69.04
2023-09-17 01:00:00,69.04
2023-09-17 02:00:00,69.04
2023-09-17 03:00:00,69.04
2023-09-17 04:00:00,69.04
2023-09-17 05:00:00,69.04
2023-09-17 06:00:00,69.04
2023-09-17 07:00:00,69.04
2023-09-17 08:00:00,69.04
2023-09-17 09:00:00,69.04
2023-09-17 10:00:00,69.04
2023-09-17 11:00:00,69.04
2023-09-17 12:00:00,69.04
2023-09-17 13:00:00,69.04
2023-09-17 14:00:00,69.04
2023-09-17 15:00:00,69.04
2023-09-17 16:00:00,69.04
2023-09-17 17:00:00,69.04
2023-09-17 18:00:00,69.04
2023-09-17 19:00:00,69.04
2023-09-17 20:00:00,69.04
2023-09-17 21:00:00,69.04
2023-09-17 22:00:00,69.04
2023-09-17 23:00:00,69.04
2023-09-18 00:00:00,69.04
2023-09-18 01:00:00,69.04
2023-09-18 02:00:00,69.04
2023-09-18 03:00:00,69.04
2023-09-18 04:00:00,69.04
2023-09-18 05:00:00,69.04
2023-09-18 06:00:00,69.04
2023-09-18 07:00:00,69.04
2023-09-18 08:00:00,69.04
2023-09-18 09:00:00,69.04
2023-09-18 10:00:00,69.04
2023-09-18 11:00:00,69.04
2023-09-18 12:00:00,69.04
2023-09-18 13:00:00,69.04
2023-09-18 14:00:00,69.04
2023-09-18 15:00:00,69.04
2023-09-18 16:00:00,69.04
2023-09-18 17:00:00,69.04
2023-09-18 18:00:00,69.04
2023-09-18 19:00:00,69.04
2023-09-18 20:00:00,69.04
2023-09-18 21:00:00,69.04
2023-09-18 22:00:00,69.04
2023-09-18 23:00:00,69.04
2023-09-19 00:00:00,69.04
2023-09-19 01:00:00,69.04
2023-09-19 02:00:00,69.04
2023-09-19 03:00:00,69.04
2023-09-19 04:00:00,69.04
2023-09-19 05:00:00,69.04
2023-09-19 06:00:00,69.04
2023-09-19 07:00:00,69.04
2023-09-19 08:00:00,69.04
2023-09-19 09:00:00,69.04
2023-09-19 10:00:00,69.04
2023-09-19 11:00:00,69.04
2023-09-19 12:00:00,69.04
2023-09-19 13:00:00,69.04
2023-09-19 14:00:00,69.04
2023-09-19 15:00:00,69.04
2023-09-19 16:00:00,69.04
2023-09-19 17:00:00,69.04
2023-09-19 18:00:00,69.04
2023-09-19 19:00:00,69.04
2023-09-19 20:00:00,69.04
2023-09-19 21:00:00,69.04
2023-09-19 22:00:00,69.04
2023-09-19 23:00:00,69.04
2023-09-20 00:00:00,69.04
2023-09-20 01:00:00,69.04
2023-09-20 02:00:00,69.04
2023-09-20 03:00:00,69.04
2023-09-20 04:00:00,69.04
2023-09-20 05:00:00,69.04
2023-09-20 06:00:00,69.04
2023-09-20 07:00:00,69.04
2023-09-20 08:00:00,69.04
2023-09-20 09:00:00,69.04
2023-09-20 10:00:00,69.04
2023-09-20 11:00:00,69.04
2023-09-20 12:00:00,69.04
2023-09-20 13:00:00,69.04
2023-09-20 14:00:00,69.04
2023-09-20 15:00:00,69.04
2023-09-20 16:00:00,69.04
2023-09-20 17:00:00,69.04
2023-09-20 18:00:00,69.04
2023-09-20 19:00:00,69.04
2023-09-20 20:00:00,69.04
2023-09-20 21:00:00,69.04
2023-09-20 22:00:00,69.04
2023-09-20 23:00:00,69.04
2023-09-21 00:00:00,69.04
2023-09-21 01:00:00,69.04
2023-09-21 02:00:00,69.04
2023-09-21 03:00:00,69.04
2023-09-21 04:00:00,69.04
2023-09-21 05:00:00,69.04
2023-09-21 06:00:00,69.04
2023-09-21 07:00:00,69.04
2023-09-21 08:00:00,69.04
2023-09-21 09:00:00,69.04
2023-09-21 10:00:00,69.04
2023-09-21 11:00:00,69.04
2023-09-21 12:00:00,69.04
2023-09-21 13:00:00,69.04
2023-09-21 14:00:00,69.04
2023-09-21 15:00:00,69.04
2023-09-21 16:00:00,69.04
2023-09-21 17:00:00,69.04
2023-09-21 18:00:00,69.04
2023-09-21 19:00:00,69.04
2023-09-21 20:00:00,69.04
2023-09-21 21:00:00,69.04
2023-09-21 22:00:00,69.04
2023-09-21 23:00:00,69.04
2023-09-22 00:00:00,69.04
2023-09-22 01:00:00,69.04
2023-09-22 02:00:00,69.04
2023-09-22 03:00:00,69.04
2023-09-22 04:00:00,69.04
2023-09-22 05:00:00,69.04
2023-09-22 06:00:00,69.04
2023-09-22 07:00:00,69.04
2023-09-22 08:00:00,69.04
2023-09-22 09:00:00,69.04
2023-09-22 10:00:00,69.04
2023-09-22 11:00:00,69.04
2023-09-22 12:00:00,69.04
2023-09-22 13:00:00,69.04
2023-09-22 14:00:00,69.04
2023-09-22 15:00:00,69.04
2023-09-22 16:00:00,69.04
2023-09-22 17:00:00,69.04
2023-09-22 18:00:00,69.04
2023-09-22 19:00:00,69.04
2023-09-22 20:00:00,69.04
2023-09-22 21:00:00,69.04
2023-09-22 22:00:00,69.04
2023-09-22 23:00:00,69.04
2023-09-23 00:00:00,69.04
2023-09-23 01:00:00,69.04
2023-09-23 02:00:00,69.04
2023-09-23 03:00:00,69.04
2023-09-23 04:00:00,69.04
2023-09-23 05:00:00,69.04
2023-09-23 06:00:00,69.04
2023-09-23 07:00:00,69.04
2023-09-23 08:00:00,69.04
2023-09-23 09:00:00,69.04
2023-09-23 10:00:00,69.04
2023-09-23 11:00:00,69.04
2023-09-23 12:00:00,69.04
2023-09-23 13:00:00,69.04
2023-09-23 14:00:00,69.04
2023-09-23 15:00:00,69.04
2023-09-23 16:00:00,69.04
2023-09-23 17:00:00,69.04
2023-09-23 18:00:00,69.04
2023-09-23 19:00:00,69.04
2023-09-23 20:00:00,69.04
2023-09-23 21:00:00,69.04
2023-09-23 22:00:00,69.04
2023-09-23 23:00:00,69.04
2023-09-24 00:00:00,69.04
2023-09-24 01:00:00,69.04
2023-09-24 02:00:00,69.04
2023-09-24 03:00:00,69.04
2023-09-24 04:00:00,69.04
2023-09-24 05:00:00,69.04
2023-09-24 06:00:00,69.04
2023-09-24 07:00:00,69.04
2023-09-24 08:00:00,69.04
2023-09-24 09:00:00,69.04
2023-09-24 10:00:00,69.04
2023-09-24 11:00:00,69.04
2023-09-24 12:00:00,69.04
2023-09-24 13:00:00,69.04
2023-09-24 14:00:00,69.04
2023-09-24 15:00:00,69.04
2023-09-24 16:00:00,69.04
2023-09-24 17:00:00,69.04
2023-09-24 18:00:00,69.04
2023-09-24 19:00:00,69.04
2023-09-24 20:00:00,69.04
2023-09-24 21:00:00,69.04
2023-09-24 22:00:00,69.04
2023-09-24 23:00:00,69.04
2023-09-25 00:00:00,69.04
2023-09-25 01:00:00,69.04
2023-09-25 02:00:00,69.04
2023-09-25 03:00:00,69.04
2023-09-25 04:00:00,69.04
2023-09-25 05:00:00,69.04
2023-09-25 06:00:00,69.04
2023-09-25 07:00:00,69.04
2023-09-25 08:00:00,69.04
2023-09-25 09:00:00,69.04
2023-09-25 10:00:00,69.04
2023-09-25 11:00:00,69.04
2023-09-25 12:00:00,69.04
2023-09-25 13:00:00,69.04
2023-09-25 14:00:00,69.04
2023-09-25 15:00:00,69.04
2023-09-25 16:00:00,69.04
2023-09-25 17:00:00,69.04
2023-09-25 18:00:00,69.04
2023-09-25 19:00:00,69.04
2023-09-25 20:00:00,69.04
2023-09-25 21:00:00,69.04
2023-09-25 22:00:00,69.04
2023-09-25 23:00:00,69.04
2023-09-26 00:00:00,69.04
2023-09-26 01:00:00,69.04
2023-09-26 02:00:00,69.04
2023-09-26 03:00:00,69.04
2023-09-26 04:00:00,69.04
2023-09-26 05:00:00,69.04
2023-09-26 06:00:00,69.04
2023-09-26 07:00:00,69.04
2023-09-26 08:00:00,69.04
2023-09-26 09:00:00,69.04
2023-09-26 10:00:00,69.04
2023-09-26 11:00:00,69.04
2023-09-26 12:00:00,69.04
2023-09-26 13:00:00,69.04
2023-09-26 14:00:00,69.04
2023-09-26 15:00:00,69.04
2023-09-26 16:00:00,170.05
2023-09-26 17:00:00,185.26
2023-09-26 18:00:00,232.45
2023-09-26 19:00:00,218.64
2023-09-26 20:00:00,190.76
2023-09-26 21:00:00,175.11
2023-09-26 22:00:00,119.05
2023-09-26 23:00:00,69.04
2023-09-27 00:00:00,69.04
2023-09-27 01:00:00,69.04
2023-09-27 02:00:00,69.04
2023-09-27 03:00:00,69.04
2023-09-27 04:00:00,69.04
2023-09-27 05:00:00,69.04
2023-09-27 06:00:00,69.04
2023-09-27 07:00:00,69.04
2023-09-27 08:00:00,69.04
2023-09-27 09:00:00,71.61
2023-09-27 10:00:00,86.2
2023-09-27 11:00:00,84.02
2023-09-27 12:00:00,69.04
2023-09-27 13:00:00,188.05
2023-09-27 14:00:00,269.19
2023-09-27 15:00:00,325.22
2023-09-27 16:00:00,343.34
2023-09-27 17:00:00,349.58
2023-09-27 18:00:00,349.48
2023-09-27 19:00:00,349.39
2023-09-27 20:00:00,349.29
2023-09-27 21:00:00,349.2
2023-09-27 22:00:00,346.8
2023-09-27 23:00:00,292.61
2023-09-28 00:00:00,536.3
2023-09-28 01:00:00,69.04
2023-09-28 02:00:00,69.04
2023-09-28 03:00:00,69.04
2023-09-28 04:00:00,69.04
2023-09-28 05:00:00,69.04
2023-09-28 06:00:00,69.04
2023-09-28 07:00:00,69.04
2023-09-28 08:00:00,69.04
2023-09-28 09:00:00,69.04
2023-09-28 10:00:00,69.04
2023-09-28 11:00:00,69.04
2023-09-28 12:00:00,69.04
2023-09-28 13:00:00,69.04
2023-09-28 14:00:00,262.65
2023-09-28 15:00:00,375.81
2023-09-28 16:00:00,609.13
2023-09-28 17:00:00,609.11
2023-09-28 18:00:00,620.95
2023-09-28 19:00:00,609.02
2023-09-28 20:00:00,608.59
2023-09-28 21:00:00,607.38
2023-09-28 22:00:00,413.1
2023-09-28 23:00:00,69.04
2023-09-29 00:00:00,69.04
2023-09-29 01:00:00,69.04
2023-09-29 02:00:00,69.04
2023-09-29 03:00:00,69.04
2023-09-29 04:00:00,69.04
2023-09-29 05:00:00,69.04
2023-09-29 06:00:00,69.04
2023-09-29 07:00:00,69.04
2023-09-29 08:00:00,69.04
2023-09-29 09:00:00,69.04
2023-09-29 10:00:00,69.04
2023-09-29 11:00:00,69.04
2023-09-29 12:00:00,69.04
2023-09-29 13:00:00,69.04
2023-09-29 14:00:00,69.04
2023-09-29 15:00:00,69.04
2023-09-29 16:00:00,69.04
2023-09-29 17:00:00,69.04
2023-09-29 18:00:00,69.04
2023-09-29 19:00:00,69.04
2023-09-29 20:00:00,69.04
2023-09-29 21:00:00,69.04
2023-09-29 22:00:00,69.04
2023-09-29 23:00:00,69.04
2023-09-30 00:00:00,69.04
2023-09-30 01:00:00,69.04
2023-09-30 02:00:00,69.04
2023-09-30 03:00:00,69.04
2023-09-30 04:00:00,69.04
2023-09-30 05:00:00,69.04
2023-09-30 06:00:00,69.04
2023-09-30 07:00:00,69.04
2023-09-30 08:00:00,69.04
2023-09-30 09:00:00,69.04
2023-09-30 10:00:00,69.04
2023-09-30 11:00:00,69.04
2023-09-30 12:00:00,69.04
2023-09-30 13:00:00,69.04
2023-09-30 14:00:00,69.04
2023-09-30 15:00:00,69.04
2023-09-30 16:00:00,69.04
2023-09-30 17:00:00,69.04
2023-09-30 18:00:00,69.04
2023-09-30 19:00:00,69.04
2023-09-30 20:00:00,69.04
2023-09-30 21:00:00,69.04
2023-09-30 22:00:00,69.04
2023-09-30 23:00:00,69.04
2023-10-01 00:00:00,69.04
2023-10-01 01:00:00,69.04
2023-10-01 02:00:00,69.04
2023-10-01 03:00:00,69.04
2023-10-01 04:00:00,69.04
2023-10-01 05:00:00,69.04
2023-10-01 06:00:00,69.04
2023-10-01 07:00:00,69.04
2023-10-01 08:00:00,69.04
2023-10-01 09:00:00,69.04
2023-10-01 10:00:00,69.04
2023-10-01 11:00:00,69.04
2023-10-01 12:00:00,69.04
2023-10-01 13:00:00,69.04
2023-10-01 14:00:00,69.04
2023-10-01 15:00:00,69.04
2023-10-01 16:00:00,69.04
2023-10-01 17:00:00,69.04
2023-10-01 18:00:00,69.04
2023-10-01 19:00:00,69.04
2023-10-01 20:00:00,69.04
2023-10-01 21:00:00,69.04
2023-10-01 22:00:00,69.04
2023-10-01 23:00:00,69.04
2023-10-02 00:00:00,69.04
2023-10-02 01:00:00,69.04
2023-10-02 02:00:00,69.04
2023-10-02 03:00:00,69.04
2023-10-02 04:00:00,69.04
2023-10-02 05:00:00,69.04
2023-10-02 06:00:00,69.04
2023-10-02 07:00:00,69.04
2023-10-02 08:00:00,69.04
2023-10-02 09:00:00,69.04
2023-10-02 10:00:00,69.04
2023-10-02 11:00:00,69.04
2023-10-02 12:00:00,69.04
2023-10-02 13:00:00,69.04
2023-10-02 14:00:00,69.04
2023-10-02 15:00:00,69.04
2023-10-02 16:00:00,69.04
2023-10-02 17:00:00,69.04
2023-10-02 18:00:00,69.04
2023-10-02 19:00:00,69.04
2023-10-02 20:00:00,69.04
2023-10-02 21:00:00,69.04
2023-10-02 22:00:00,69.04
2023-10-02 23:00:00,69.04
2023-10-03 00:00:00,69.04
2023-10-03 01:00:00,69.04
2023-10-03 02:00:00,69.04
2023-10-03 03:00:00,69.04
2023-10-03 04:00:00,69.04
2023-10-03 05:00:00,69.04
2023-10-03 06:00:00,69.04
2023-10-03 07:00:00,69.04
2023-10-03 08:00:00,69.04
2023-10-03 09:00:00,69.04
2023-10-03 10:00:00,69.04
2023-10-03 11:00:00,69.04
2023-10-03 12:00:00,69.04
2023-10-03 13:00:00,69.04
2023-10-03 14:00:00,69.04
2023-10-03 15:00:00,69.04
2023-10-03 16:00:00,69.04
2023-10-03 17:00:00,69.04
2023-10-03 18:00:00,69.04
2023-10-03 19:00:00,69.04
2023-10-03 20:00:00,69.04
2023-10-03 21:00:00,69.04
2023-10-03 22:00:00,69.04
2023-10-03 23:00:00,69.04
2023-10-04 00:00:00,69.04
2023-10-04 01:00:00,69.04
2023-10-04 02:00:00,69.04
2023-10-04 03:00:00,69.04
2023-10-04 04:00:00,69.04
2023-10-04 05:00:00,69.04
2023-10-04 06:00:00,69.04
2023-10-04 07:00:00,69.04
2023-10-04 08:00:00,69.04
2023-10-04 09:00:00,69.04
2023-10-04 10:00:00,69.04
2023-10-04 11:00:00,69.04
2023-10-04 12:00:00,69.04
2023-10-04 13:00:00,69.04
2023-10-04 14:00:00,69.04
2023-10-04 15:00:00,69.04
2023-10-04 16:00:00,69.04
2023-10-04 17:00:00,69.04
2023-10-04 18:00:00,69.04
2023-10-04 19:00:00,69.04
2023-10-04 20:00:00,69.04
2023-10-04 21:00:00,69.04
2023-10-04 22:00:00,69.04
2023-10-04 23:00:00,69.04
2023-10-05 00:00:00,69.04
2023-10-05 01:00:00,69.04
2023-10-05 02:00:00,69.04
2023-10-05 03:00:00,69.04
2023-10-05 04:00:00,69.04
2023-10-05 05:00:00,69.04
2023-10-05 06:00:00,69.04
2023-10-05 07:00:00,69.04
2023-10-05 08:00:00,69.04
2023-10-05 09:00:00,69.04
2023-10-05 10:00:00,69.04
2023-10-05 11:00:00,69.04
2023-10-05 12:00:00,69.04
2023-10-05 13:00:00,69.04
2023-10-05 14:00:00,69.04
2023-10-05 15:00:00,69.04
2023-10-05 16:00:00,117.91
2023-10-05 17:00:00,149.58
2023-10-05 18:00:00,154.63
2023-10-05 19:00:00,151.66
2023-10-05 20:00:00,151.59
2023-10-05 21:00:00,119.3
2023-10-05 22:00:00,69.04
2023-10-05 23:00:00,69.04
2023-10-06 00:00:00,69.04
2023-10-06 01:00:00,69.04
2023-10-06 02:00:00,69.04
2023-10-06 03:00:00,69.04
2023-10-06 04:00:00,69.04
2023-10-06 05:00:00,69.04
2023-10-06 06:00:00,69.04
2023-10-06 07:00:00,69.04
2023-10-06 08:00:00,69.04
2023-10-06 09:00:00,69.04
2023-10-06 10:00:00,69.04
2023-10-06 11:00:00,69.04
2023-10-06 12:00:00,69.04
2023-10-06 13:00:00,69.04
2023-10-06 14:00:00,69.04
2023-10-06 15:00:00,69.04
2023-10-06 16:00:00,69.04
2023-10-06 17:00:00,69.04
2023-10-06 18:00:00,69.04
2023-10-06 19:00:00,69.04
2023-10-06 20:00:00,69.04
2023-10-06 21:00:00,69.04
2023-10-06 22:00:00,69.04
2023-10-06 23:00:00,69.04
2023-10-07 00:00:00,69.04
2023-10-07 01:00:00,69.04
2023-10-07 02:00:00,69.04
2023-10-07 03:00:00,69.04
2023-10-07 04:00:00,69.04
2023-10-07 05:00:00,69.04
2023-10-07 06:00:00,69.04
2023-10-07 07:00:00,69.04
2023-10-07 08:00:00,69.04
2023-10-07 09:00:00,69.04
2023-10-07 10:00:00,69.04
2023-10-07 11:00:00,69.04
2023-10-07 12:00:00,69.04
2023-10-07 13:00:00,69.04
2023-10-07 14:00:00,69.04
2023-10-07 15:00:00,69.04
2023-10-07 16:00:00,69.04
2023-10-07 17:00:00,69.04
2023-10-07 18:00:00,69.04
2023-10-07 19:00:00,69.04
2023-10-07 20:00:00,69.04
2023-10-07 21:00:00,69.04
2023-10-07 22:00:00,69.04
2023-10-07 23:00:00,69.04
2023-10-08 00:00:00,69.04
2023-10-08 01:00:00,69.04
2023-10-08 02:00:00,69.04
2023-10-08 03:00:00,69.04
2023-10-08 04:00:00,69.04
2023-10-08 05:00:00,69.04
2023-10-08 06:00:00,69.04
2023-10-08 07:00:00,69.04
2023-10-08 08:00:00,69.04
2023-10-08 09:00:00,69.04
2023-10-08 10:00:00,69.04
2023-10-08 11:00:00,69.04
2023-10-08 12:00:00,69.04
2023-10-08 13:00:00,69.04
2023-10-08 14:00:00,69.04
2023-10-08 15:00:00,69.04
2023-10-08 16:00:00,69.04
2023-10-08 17:00:00,69.04
2023-10-08 18:00:00,69.04
2023-10-08 19:00:00,69.04
2023-10-08 20:00:00,69.04
2023-10-08 21:00:00,69.04
2023-10-08 22:00:00,69.04
2023-10-08 23:00:00,69.04
2023-10-09 00:00:00,69.04
2023-10-09 01:00:00,69.04
2023-10-09 02:00:00,69.04
2023-10-09 03:00:00,69.04
2023-10-09 04:00:00,69.04
2023-10-09 05:00:00,69.04
2023-10-09 06:00:00,69.04
2023-10-09 07:00:00,69.04
2023-10-09 08:00:00,69.04
2023-10-09 09:00:00,69.04
2023-10-09 10:00:00,69.04
2023-10-09 11:00:00,69.04
2023-10-09 12:00:00,69.04
2023-10-09 13:00:00,69.04
2023-10-09 14:00:00,69.04
2023-10-09 15:00:00,69.04
2023-10-09 16:00:00,69.04
2023-10-09 17:00:00,69.04
2023-10-09 18:00:00,69.04
2023-10-09 19:00:00,69.04
2023-10-09 20:00:00,69.04
2023-10-09 21:00:00,69.04
2023-10-09 22:00:00,69.04
2023-10-09 23:00:00,69.04
2023-10-10 00:00:00,69.04
2023-10-10 01:00:00,69.04
2023-10-10 02:00:00,69.04
2023-10-10 03:00:00,69.04
2023-10-10 04:00:00,69.04
2023-10-10 05:00:00,69.04
2023-10-10 06:00:00,69.04
2023-10-10 07:00:00,69.04
2023-10-10 08:00:00,69.04
2023-10-10 09:00:00,69.04
2023-10-10 10:00:00,69.04
2023-10-10 11:00:00,69.04
2023-10-10 12:00:00,69.04
2023-10-10 13:00:00,69.04
2023-10-10 14:00:00,69.04
2023-10-10 15:00:00,69.04
2023-10-10 16:00:00,69.04
2023-10-10 17:00:00,69.04
2023-10-10 18:00:00,69.04
2023-10-10 19:00:00,69.04
2023-10-10 20:00:00,69.04
2023-10-10 21:00:00,69.04
2023-10-10 22:00:00,69.04
2023-10-10 23:00:00,69.04
2023-10-11 00:00:00,69.04
2023-10-11 01:00:00,69.04
2023-10-11 02:00:00,69.04
2023-10-11 03:00:00,69.04
2023-10-11 04:00:00,69.04
2023-10-11 05:00:00,69.04
2023-10-11 06:00:00,69.04
2023-10-11 07:00:00,69.04
2023-10-11 08:00:00,69.04
2023-10-11 09:00:00,69.04
2023-10-11 10:00:00,69.04
2023-10-11 11:00:00,69.04
2023-10-11 12:00:00,69.04
2023-10-11 13:00:00,69.04
2023-10-11 14:00:00,69.04
2023-10-11 15:00:00,69.04
2023-10-11 16:00:00,69.04
2023-10-11 17:00:00,69.04
2023-10-11 18:00:00,69.04
2023-10-11 19:00:00,69.04
2023-10-11 20:00:00,69.04
2023-10-11 21:00:00,69.04
2023-10-11 22:00:00,69.04
2023-10-11 23:00:00,69.04
2023-10-12 00:00:00,69.04
2023-10-12 01:00:00,69.04
2023-10-12 02:00:00,69.04
2023-10-12 03:00:00,69.04
2023-10-12 04:00:00,69.04
2023-10-12 05:00:00,69.04
2023-10-12 06:00:00,69.04
2023-10-12 07:00:00,69.04
2023-10-12 08:00:00,69.04
2023-10-12 09:00:00,69.04
2023-10-12 10:00:00,69.04
2023-10-12 11:00:00,69.04
2023-10-12 12:00:00,69.04
2023-10-12 13:00:00,69.04
2023-10-12 14:00:00,69.04
2023-10-12 15:00:00,69.04
2023-10-12 16:00:00,69.04
2023-10-12 17:00:00,69.04
2023-10-12 18:00:00,69.04
2023-10-12 19:00:00,69.04
2023-10-12 20:00:00,69.04
2023-10-12 21:00:00,69.04
2023-10-12 22:00:00,69.04
2023-10-12 23:00:00,69.04
2023-10-13 00:00:00,69.04
2023-10-13 01:00:00,69.04
2023-10-13 02:00:00,69.04
2023-10-13 03:00:00,69.04
2023-10-13 04:00:00,69.04
2023-10-13 05:00:00,69.04
2023-10-13 06:00:00,69.04
2023-10-13 07:00:00,69.04
2023-10-13 08:00:00,69.04
2023-10-13 09:00:00,69.04
2023-10-13 10:00:00,69.04
2023-10-13 11:00:00,69.04
2023-10-13 12:00:00,69.04
2023-10-13 13:00:00,69.04
2023-10-13 14:00:00,69.04
2023-10-13 15:00:00,69.04
2023-10-13 16:00:00,69.04
2023-10-13 17:00:00,69.04
2023-10-13 18:00:00,69.04
2023-10-13 19:00:00,69.04
2023-10-13 20:00:00,69.04
2023-10-13 21:00:00,69.04
2023-10-13 22:00:00,69.04
2023-10-13 23:00:00,69.04
2023-10-14 00:00:00,69.04
2023-10-14 01:00:00,69.04
2023-10-14 02:00:00,69.04
2023-10-14 03:00:00,69.04
2023-10-14 04:00:00,69.04
2023-10-14 05:00:00,69.04
2023-10-14 06:00:00,69.04
2023-10-14 07:00:00,69.04
2023-10-14 08:00:00,69.04
2023-10-14 09:00:00,69.04
2023-10-14 10:00:00,69.04
2023-10-14 11:00:00,69.04
2023-10-14 12:00:00,69.04
2023-10-14 13:00:00,69.04
2023-10-14 14:00:00,69.04
2023-10-14 15:00:00,69.04
2023-10-14 16:00:00,69.04
2023-10-14 17:00:00,69.04
2023-10-14 18:00:00,69.04
2023-10-14 19:00:00,69.04
2023-10-14 20:00:00,69.04
2023-10-14 21:00:00,69.04
2023-10-14 22:00:00,69.04
2023-10-14 23:00:00,69.04
2023-10-15 00:00:00,69.04
2023-10-15 01:00:00,69.04
2023-10-15 02:00:00,69.04
2023-10-15 03:00:00,69.04
2023-10-15 04:00:00,69.04
2023-10-15 05:00:00,69.04
2023-10-15 06:00:00,69.04
2023-10-15 07:00:00,69.04
2023-10-15 08:00:00,69.04
2023-10-15 09:00:00,69.04
2023-10-15 10:00:00,69.04
2023-10-15 11:00:00,69.04
2023-10-15 12:00:00,69.04
2023-10-15 13:00:00,69.04
2023-10-15 14:00:00,69.04
2023-10-15 15:00:00,69.04
2023-10-15 16:00:00,69.04
2023-10-15 17:00:00,69.04
2023-10-15 18:00:00,69.04
2023-10-15 19:00:00,69.04
2023-10-15 20:00:00,69.04
2023-10-15 21:00:00,69.04
2023-10-15 22:00:00,69.04
2023-10-15 23:00:00,69.04
2023-10-16 00:00:00,69.04
2023-10-16 01:00:00,69.04
2023-10-16 02:00:00,69.04
2023-10-16 03:00:00,69.04
2023-10-16 04:00:00,69.04
2023-10-16 05:00:00,69.04
2023-10-16 06:00:00,69.04
2023-10-16 07:00:00,69.04
2023-10-16 08:00:00,69.04
2023-10-16 09:00:00,69.04
2023-10-16 10:00:00,69.04
2023-10-16 11:00:00,69.04
2023-10-16 12:00:00,69.04
2023-10-16 13:00:00,69.04
2023-10-16 14:00:00,69.04
2023-10-16 15:00:00,69.04
2023-10-16 16:00:00,69.04
2023-10-16 17:00:00,69.04
2023-10-16 18:00:00,69.04
2023-10-16 19:00:00,69.04
2023-10-16 20:00:00,69.04
2023-10-16 21:00:00,69.04
2023-10-16 22:00:00,69.04
2023-10-16 23:00:00,69.04
2023-10-17 00:00:00,69.04
2023-10-17 01:00:00,69.04
2023-10-17 02:00:00,69.04
2023-10-17 03:00:00,69.04
2023-10-17 04:00:00,69.04
2023-10-17 05:00:00,69.04
2023-10-17 06:00:00,69.04
2023-10-17 07:00:00,69.04
2023-10-17 08:00:00,69.04
2023-10-17 09:00:00,69.04
2023-10-17 10:00:00,69.04
2023-10-17 11:00:00,69.04
2023-10-17 12:00:00,69.04
2023-10-17 13:00:00,69.04
2023-10-17 14:00:00,69.04
2023-10-17 15:00:00,69.04
2023-10-17 16:00:00,69.04
2023-10-17 17:00:00,69.04
2023-10-17 18:00:00,69.04
2023-10-17 19:00:00,69.04
2023-10-17 20:00:00,69.04
2023-10-17 21:00:00,69.04
2023-10-17 22:00:00,69.04
2023-10-17 23:00:00,69.04
2023-10-18 00:00:00,69.04
2023-10-18 01:00:00,69.04
2023-10-18 02:00:00,69.04
2023-10-18 03:00:00,69.04
2023-10-18 04:00:00,69.04
2023-10-18 05:00:00,69.04
2023-10-18 06:00:00,69.04
2023-10-18 07:00:00,69.04
2023-10-18 08:00:00,69.04
2023-10-18 09:00:00,69.04
2023-10-18 10:00:00,69.04
2023-10-18 11:00:00,69.04
2023-10-18 12:00:00,69.04
2023-10-18 13:00:00,69.04
2023-10-18 14:00:00,69.04
2023-10-18 15:00:00,69.04
2023-10-18 16:00:00,69.04
2023-10-18 17:00:00,69.04
2023-10-18 18:00:00,69.04
2023-10-18 19:00:00,69.04
2023-10-18 20:00:00,69.04
2023-10-18 21:00:00,69.04
2023-10-18 22:00:00,69.04
2023-10-18 23:00:00,69.04
2023-10-19 00:00:00,69.04
2023-10-19 01:00:00,69.04
2023-10-19 02:00:00,69.04
2023-10-19 03:00:00,69.04
2023-10-19 04:00:00,69.04
2023-10-19 05:00:00,69.04
2023-10-19 06:00:00,69.04
2023-10-19 07:00:00,69.04
2023-10-19 08:00:00,69.04
2023-10-19 09:00:00,69.04
2023-10-19 10:00:00,69.04
2023-10-19 11:00:00,69.04
2023-10-19 12:00:00,69.04
2023-10-19 13:00:00,69.04
2023-10-19 14:00:00,69.04
2023-10-19 15:00:00,69.04
2023-10-19 16:00:00,69.04
2023-10-19 17:00:00,69.04
2023-10-19 18:00:00,69.04
2023-10-19 19:00:00,69.04
2023-10-19 20:00:00,69.04
2023-10-19 21:00:00,69.04
2023-10-19 22:00:00,69.04
2023-10-19 23:00:00,69.04
2023-10-20 00:00:00,69.04
2023-10-20 01:00:00,69.04
2023-10-20 02:00:00,69.04
2023-10-20 03:00:00,69.04
2023-10-20 04:00:00,69.04
2023-10-20 05:00:00,69.04
2023-10-20 06:00:00,69.04
2023-10-20 07:00:00,69.04
2023-10-20 08:00:00,69.04
2023-10-20 09:00:00,69.04
2023-10-20 10:00:00,69.04
2023-10-20 11:00:00,69.04
2023-10-20 12:00:00,69.04
2023-10-20 13:00:00,69.04
2023-10-20 14:00:00,69.04
2023-10-20 15:00:00,69.04
2023-10-20 16:00:00,69.04
2023-10-20 17:00:00,69.04
2023-10-20 18:00:00,69.04
2023-10-20 19:00:00,69.04
2023-10-20 20:00:00,69.04
2023-10-20 21:00:00,69.04
2023-10-20 22:00:00,69.04
2023-10-20 23:00:00,69.04
2023-10-21 00:00:00,69.04
2023-10-21 01:00:00,69.04
2023-10-21 02:00:00,69.04
2023-10-21 03:00:00,69.04
2023-10-21 04:00:00,69.04
2023-10-21 05:00:00,69.04
2023-10-21 06:00:00,69.04
2023-10-21 07:00:00,69.04
2023-10-21 08:00:00,69.04
2023-10-21 09:00:00,69.04
2023-10-21 10:00:00,69.04
2023-10-21 11:00:00,69.04
2023-10-21 12:00:00,69.04
2023-10-21 13:00:00,69.04
2023-10-21 14:00:00,69.04
2023-10-21 15:00:00,69.04
2023-10-21 16:00:00,69.04
2023-10-21 17:00:00,69.04
2023-10-21 18:00:00,69.04
2023-10-21 19:00:00,69.04
2023-10-21 20:00:00,69.04
2023-10-21 21:00:00,69.04
2023-10-21 22:00:00,69.04
2023-10-21 23:00:00,69.04
2023-10-22 00:00:00,69.04
2023-10-22 01:00:00,69.04
2023-10-22 02:00:00,69.04
2023-10-22 03:00:00,69.04
2023-10-22 04:00:00,69.04
2023-10-22 05:00:00,69.04
2023-10-22 06:00:00,69.04
2023-10-22 07:00:00,69.04
2023-10-22 08:00:00,69.04
2023-10-22 09:00:00,69.04
2023-10-22 10:00:00,69.04
2023-10-22 11:00:00,69.04
2023-10-22 12:00:00,69.04
2023-10-22 13:00:00,69.04
2023-10-22 14:00:00,69.04
2023-10-22 15:00:00,69.04
2023-10-22 16:00:00,69.04
2023-10-22 17:00:00,69.04
2023-10-22 18:00:00,69.04
2023-10-22 19:00:00,69.04
2023-10-22 20:00:00,69.04
2023-10-22 21:00:00,69.04
2023-10-22 22:00:00,69.04
2023-10-22 23:00:00,69.04
2023-10-23 00:00:00,69.04
2023-10-23 01:00:00,69.04
2023-10-23 02:00:00,69.04
2023-10-23 03:00:00,69.04
2023-10-23 04:00:00,69.04
2023-10-23 05:00:00,69.04
2023-10-23 06:00:00,69.04
2023-10-23 07:00:00,69.04
2023-10-23 08:00:00,69.04
2023-10-23 09:00:00,69.04
2023-10-23 10:00:00,69.04
2023-10-23 11:00:00,69.04
2023-10-23 12:00:00,69.04
2023-10-23 13:00:00,69.04
2023-10-23 14:00:00,69.04
2023-10-23 15:00:00,69.04
2023-10-23 16:00:00,69.04
2023-10-23 17:00:00,69.04
2023-10-23 18:00:00,69.04
2023-10-23 19:00:00,69.04
2023-10-23 20:00:00,69.04
2023-10-23 21:00:00,69.04
2023-10-23 22:00:00,69.04
2023-10-23 23:00:00,69.04
2023-10-24 00:00:00,69.04
2023-10-24 01:00:00,69.04
2023-10-24 02:00:00,69.04
2023-10-24 03:00:00,69.04
2023-10-24 04:00:00,69.04
2023-10-24 05:00:00,69.04
2023-10-24 06:00:00,69.04
2023-10-24 07:00:00,69.04
2023-10-24 08:00:00,69.04
2023-10-24 09:00:00,69.04
2023-10-24 10:00:00,69.04
2023-10-24 11:00:00,69.04
2023-10-24 12:00:00,69.04
2023-10-24 13:00:00,69.04
2023-10-24 14:00:00,69.04
2023-10-24 15:00:00,138.68
2023-10-24 16:00:00,183.54
2023-10-24 17:00:00,192.24
2023-10-24 18:00:00,197.03
2023-10-24 19:00:00,197.83
2023-10-24 20:00:00,196.41
2023-10-24 21:00:00,198.82
2023-10-24 22:00:00,173.75
2023-10-24 23:00:00,69.04
2023-10-25 00:00:00,69.04
2023-10-25 01:00:00,69.04
2023-10-25 02:00:00,69.04
2023-10-25 03:00:00,69.04
2023-10-25 04:00:00,69.04
2023-10-25 05:00:00,69.04
2023-10-25 06:00:00,69.04
2023-10-25 07:00:00,69.04
2023-10-25 08:00:00,69.04
2023-10-25 09:00:00,69.04
2023-10-25 10:00:00,69.04
2023-10-25 11:00:00,69.04
2023-10-25 12:00:00,69.04
2023-10-25 13:00:00,69.04
2023-10-25 14:00:00,69.04
2023-10-25 15:00:00,204.75
2023-10-25 16:00:00,336.06
2023-10-25 17:00:00,333.98
2023-10-25 18:00:00,344.73
2023-10-25 19:00:00,349.83
2023-10-25 20:00:00,342.31
2023-10-25 21:00:00,345.75
2023-10-25 22:00:00,336.71
2023-10-25 23:00:00,70.27
2023-10-26 00:00:00,69.04
2023-10-26 01:00:00,69.04
2023-10-26 02:00:00,69.04
2023-10-26 03:00:00,69.04
2023-10-26 04:00:00,69.04
2023-10-26 05:00:00,69.04
2023-10-26 06:00:00,69.04
2023-10-26 07:00:00,69.04
2023-10-26 08:00:00,69.04
2023-10-26 09:00:00,69.04
2023-10-26 10:00:00,69.04
2023-10-26 11:00:00,69.04
2023-10-26 12:00:00,69.04
2023-10-26 13:00:00,69.04
2023-10-26 14:00:00,69.04
2023-10-26 15:00:00,69.04
2023-10-26 16:00:00,69.04
2023-10-26 17:00:00,69.04
2023-10-26 18:00:00,135.47
2023-10-26 19:00:00,136.04
2023-10-26 20:00:00,69.04
2023-10-26 21:00:00,69.04
2023-10-26 22:00:00,69.04
2023-10-26 23:00:00,69.04
2023-10-27 00:00:00,69.04
2023-10-27 01:00:00,69.04
2023-10-27 02:00:00,69.04
2023-10-27 03:00:00,69.04
2023-10-27 04:00:00,69.04
2023-10-27 05:00:00,69.04
2023-10-27 06:00:00,69.04
2023-10-27 07:00:00,69.04
2023-10-27 08:00:00,69.04
2023-10-27 09:00:00,69.04
2023-10-27 10:00:00,69.04
2023-10-27 11:00:00,69.04
2023-10-27 12:00:00,69.04
2023-10-27 13:00:00,69.04
2023-10-27 14:00:00,69.04
2023-10-27 15:00:00,69.04
2023-10-27 16:00:00,69.04
2023-10-27 17:00:00,69.04
2023-10-27 18:00:00,69.04
2023-10-27 19:00:00,69.04
2023-10-27 20:00:00,69.04
2023-10-27 21:00:00,69.04
2023-10-27 22:00:00,69.04
2023-10-27 23:00:00,69.04
2023-10-28 00:00:00,69.04
2023-10-28 01:00:00,69.04
2023-10-28 02:00:00,69.04
2023-10-28 03:00:00,69.04
2023-10-28 04:00:00,69.04
2023-10-28 05:00:00,69.04
2023-10-28 06:00:00,69.04
2023-10-28 07:00:00,69.04
2023-10-28 08:00:00,69.04
2023-10-28 09:00:00,69.04
2023-10-28 10:00:00,69.04
2023-10-28 11:00:00,69.04
2023-10-28 12:00:00,69.04
2023-10-28 13:00:00,69.04
2023-10-28 14:00:00,69.04
2023-10-28 15:00:00,69.04
2023-10-28 16:00:00,69.04
2023-10-28 17:00:00,69.04
2023-10-28 18:00:00,69.04
2023-10-28 19:00:00,69.04
2023-10-28 20:00:00,69.04
2023-10-28 21:00:00,69.04
2023-10-28 22:00:00,69.04
2023-10-28 23:00:00,69.04
2023-10-29 00:00:00,69.04
2023-10-29 01:00:00,69.04
2023-10-29 02:00:00,69.04
2023-10-29 03:00:00,69.04
2023-10-29 04:00:00,69.04
2023-10-29 05:00:00,69.04
2023-10-29 06:00:00,69.04
2023-10-29 07:00:00,69.04
2023-10-29 08:00:00,69.04
2023-10-29 09:00:00,69.04
2023-10-29 10:00:00,69.04
2023-10-29 11:00:00,69.04
2023-10-29 12:00:00,69.04
2023-10-29 13:00:00,69.04
2023-10-29 14:00:00,69.04
2023-10-29 15:00:00,69.04
2023-10-29 16:00:00,69.04
2023-10-29 17:00:00,69.04
2023-10-29 18:00:00,69.04
2023-10-29 19:00:00,69.04
2023-10-29 20:00:00,69.04
2023-10-29 21:00:00,69.04
2023-10-29 22:00:00,69.04
2023-10-29 23:00:00,69.04
2023-10-30 00:00:00,69.04
2023-10-30 01:00:00,69.04
2023-10-30 02:00:00,69.04
2023-10-30 03:00:00,69.04
2023-10-30 04:00:00,69.04
2023-10-30 05:00:00,69.04
2023-10-30 06:00:00,69.04
2023-10-30 07:00:00,69.04
2023-10-30 08:00:00,69.04
2023-10-30 09:00:00,69.04
2023-10-30 10:00:00,69.04
2023-10-30 11:00:00,69.04
2023-10-30 12:00:00,69.04
2023-10-30 13:00:00,69.04
2023-10-30 14:00:00,69.04
2023-10-30 15:00:00,69.04
2023-10-30 16:00:00,69.04
2023-10-30 17:00:00,69.04
2023-10-30 18:00:00,111.33
2023-10-30 19:00:00,114.32
2023-10-30 20:00:00,91.27
2023-10-30 21:00:00,69.04
2023-10-30 22:00:00,69.04
2023-10-30 23:00:00,69.04
2023-10-31 00:00:00,69.04
2023-10-31 01:00:00,69.04
2023-10-31 02:00:00,69.04
2023-10-31 03:00:00,69.04
2023-10-31 04:00:00,69.04
2023-10-31 05:00:00,69.04
2023-10-31 06:00:00,69.04
2023-10-31 07:00:00,69.04
2023-10-31 08:00:00,69.04
2023-10-31 09:00:00,69.04
2023-10-31 10:00:00,69.04
2023-10-31 11:00:00,69.04
2023-10-31 12:00:00,69.04
2023-10-31 13:00:00,69.04
2023-10-31 14:00:00,69.04
2023-10-31 15:00:00,69.04
2023-10-31 16:00:00,168.85
2023-10-31 17:00:00,164.41
2023-10-31 18:00:00,185.83
2023-10-31 19:00:00,198.36
2023-10-31 20:00:00,184.03
2023-10-31 21:00:00,187.06
2023-10-31 22:00:00,70.79
2023-10-31 23:00:00,69.04
2023-11-01 00:00:00,69.04
2023-11-01 01:00:00,69.04
2023-11-01 02:00:00,69.04
2023-11-01 03:00:00,69.04
2023-11-01 04:00:00,69.04
2023-11-01 05:00:00,69.04
2023-11-01 06:00:00,69.04
2023-11-01 07:00:00,69.04
2023-11-01 08:00:00,69.04
2023-11-01 09:00:00,69.04
2023-11-01 10:00:00,69.04
2023-11-01 11:00:00,69.04
2023-11-01 12:00:00,69.04
2023-11-01 13:00:00,69.04
2023-11-01 14:00:00,69.04
2023-11-01 15:00:00,69.04
2023-11-01 16:00:00,69.04
2023-11-01 17:00:00,69.04
2023-11-01 18:00:00,69.04
2023-11-01 19:00:00,69.04
2023-11-01 20:00:00,69.04
2023-11-01 21:00:00,69.04
2023-11-01 22:00:00,69.04
2023-11-01 23:00:00,69.04
2023-11-02 00:00:00,69.04
2023-11-02 01:00:00,69.04
2023-11-02 02:00:00,69.04
2023-11-02 03:00:00,69.04
2023-11-02 04:00:00,69.04
2023-11-02 05:00:00,69.04
2023-11-02 06:00:00,69.04
2023-11-02 07:00:00,69.04
2023-11-02 08:00:00,69.04
2023-11-02 09:00:00,69.04
2023-11-02 10:00:00,69.04
2023-11-02 11:00:00,69.04
2023-11-02 12:00:00,69.04
2023-11-02 13:00:00,69.04
2023-11-02 14:00:00,69.04
2023-11-02 15:00:00,69.04
2023-11-02 16:00:00,69.04
2023-11-02 17:00:00,69.04
2023-11-02 18:00:00,69.04
2023-11-02 19:00:00,69.04
2023-11-02 20:00:00,69.04
2023-11-02 21:00:00,69.04
2023-11-02 22:00:00,69.04
2023-11-02 23:00:00,69.04
2023-11-03 00:00:00,69.04
2023-11-03 01:00:00,69.04
2023-11-03 02:00:00,69.04
2023-11-03 03:00:00,69.04
2023-11-03 04:00:00,69.04
2023-11-03 05:00:00,69.04
2023-11-03 06:00:00,69.04
2023-11-03 07:00:00,69.04
2023-11-03 08:00:00,69.04
2023-11-03 09:00:00,69.04
2023-11-03 10:00:00,69.04
2023-11-03 11:00:00,69.04
2023-11-03 12:00:00,69.04
2023-11-03 13:00:00,69.04
2023-11-03 14:00:00,69.04
2023-11-03 15:00:00,69.04
2023-11-03 16:00:00,69.04
2023-11-03 17:00:00,69.04
2023-11-03 18:00:00,69.04
2023-11-03 19:00:00,69.04
2023-11-03 20:00:00,69.04
2023-11-03 21:00:00,69.04
2023-11-03 22:00:00,69.04
2023-11-03 23:00:00,69.04
2023-11-04 00:00:00,69.04
2023-11-04 01:00:00,69.04
2023-11-04 02:00:00,69.04
2023-11-04 03:00:00,69.04
2023-11-04 04:00:00,69.04
2023-11-04 05:00:00,69.04
2023-11-04 06:00:00,69.04
2023-11-04 07:00:00,69.04
2023-11-04 08:00:00,69.04
2023-11-04 09:00:00,69.04
2023-11-04 10:00:00,69.04
2023-11-04 11:00:00,69.04
2023-11-04 12:00:00,69.04
2023-11-04 13:00:00,69.04
2023-11-04 14:00:00,69.04
2023-11-04 15:00:00,69.04
2023-11-04 16:00:00,69.04
2023-11-04 17:00:00,69.04
2023-11-04 18:00:00,69.04
2023-11-04 19:00:00,69.04
2023-11-04 20:00:00,69.04
2023-11-04 21:00:00,69.04
2023-11-04 22:00:00,69.04
2023-11-04 23:00:00,69.04
2023-11-05 00:00:00,69.04
2023-11-05 01:00:00,69.04
2023-11-05 02:00:00,69.04
2023-11-05 03:00:00,69.04
2023-11-05 04:00:00,69.04
2023-11-05 05:00:00,69.04
2023-11-05 06:00:00,69.04
2023-11-05 07:00:00,69.04
2023-11-05 08:00:00,69.04
2023-11-05 09:00:00,69.04
2023-11-05 10:00:00,69.04
2023-11-05 11:00:00,69.04
2023-11-05 12:00:00,69.04
2023-11-05 13:00:00,69.04
2023-11-05 14:00:00,69.04
2023-11-05 15:00:00,69.04
2023-11-05 16:00:00,69.04
2023-11-05 17:00:00,69.04
2023-11-05 18:00:00,69.04
2023-11-05 19:00:00,69.04
2023-11-05 20:00:00,69.04
2023-11-05 21:00:00,69.04
2023-11-05 22:00:00,69.04
2023-11-05 23:00:00,69.04
2023-11-06 00:00:00,69.04
2023-11-06 01:00:00,69.04
2023-11-06 02:00:00,69.04
2023-11-06 03:00:00,69.04
2023-11-06 04:00:00,69.04
2023-11-06 05:00:00,69.04
2023-11-06 06:00:00,69.04
2023-11-06 07:00:00,69.04
2023-11-06 08:00:00,69.04
2023-11-06 09:00:00,69.04
2023-11-06 10:00:00,69.04
2023-11-06 11:00:00,69.04
2023-11-06 12:00:00,69.04
2023-11-06 13:00:00,69.04
2023-11-06 14:00:00,69.04
2023-11-06 15:00:00,69.04
2023-11-06 16:00:00,69.04
2023-11-06 17:00:00,69.04
2023-11-06 18:00:00,69.04
2023-11-06 19:00:00,69.04
2023-11-06 20:00:00,69.04
2023-11-06 21:00:00,69.04
2023-11-06 22:00:00,69.04
2023-11-06 23:00:00,69.04
2023-11-07 00:00:00,69.04
2023-11-07 01:00:00,69.04
2023-11-07 02:00:00,69.04
2023-11-07 03:00:00,69.04
2023-11-07 04:00:00,69.04
2023-11-07 05:00:00,69.04
2023-11-07 06:00:00,69.04
2023-11-07 07:00:00,69.04
2023-11-07 08:00:00,69.04
2023-11-07 09:00:00,69.04
2023-11-07 10:00:00,69.04
2023-11-07 11:00:00,69.04
2023-11-07 12:00:00,69.04
2023-11-07 13:00:00,69.04
2023-11-07 14:00:00,69.04
2023-11-07 15:00:00,69.04
2023-11-07 16:00:00,69.04
2023-11-07 17:00:00,69.04
2023-11-07 18:00:00,69.04
2023-11-07 19:00:00,69.04
2023-11-07 20:00:00,69.04
2023-11-07 21:00:00,69.04
2023-11-07 22:00:00,69.04
2023-11-07 23:00:00,69.04
2023-11-08 00:00:00,69.04
2023-11-08 01:00:00,69.04
2023-11-08 02:00:00,69.04
2023-11-08 03:00:00,69.04
2023-11-08 04:00:00,69.04
2023-11-08 05:00:00,69.04
2023-11-08 06:00:00,69.04
2023-11-08 07:00:00,69.04
2023-11-08 08:00:00,69.04
2023-11-08 09:00:00,69.04
2023-11-08 10:00:00,69.04
2023-11-08 11:00:00,69.04
2023-11-08 12:00:00,69.04
2023-11-08 13:00:00,69.04
2023-11-08 14:00:00,69.04
2023-11-08 15:00:00,69.04
2023-11-08 16:00:00,69.04
2023-11-08 17:00:00,69.04
2023-11-08 18:00:00,69.04
2023-11-08 19:00:00,69.04
2023-11-08 20:00:00,69.04
2023-11-08 21:00:00,69.04
2023-11-08 22:00:00,69.04
2023-11-08 23:00:00,69.04
2023-11-09 00:00:00,69.04
2023-11-09 01:00:00,69.04
2023-11-09 02:00:00,69.04
2023-11-09 03:00:00,69.04
2023-11-09 04:00:00,69.04
2023-11-09 05:00:00,69.04
2023-11-09 06:00:00,69.04
2023-11-09 07:00:00,69.04
2023-11-09 08:00:00,69.04
2023-11-09 09:00:00,69.04
2023-11-09 10:00:00,69.04
2023-11-09 11:00:00,69.04
2023-11-09 12:00:00,69.04
2023-11-09 13:00:00,69.04
2023-11-09 14:00:00,69.04
2023-11-09 15:00:00,69.04
2023-11-09 16:00:00,69.04
2023-11-09 17:00:00,69.04
2023-11-09 18:00:00,69.04
2023-11-09 19:00:00,69.04
2023-11-09 20:00:00,69.04
2023-11-09 21:00:00,69.04
2023-11-09 22:00:00,69.04
2023-11-09 23:00:00,69.04
2023-11-10 00:00:00,69.04
2023-11-10 01:00:00,69.04
2023-11-10 02:00:00,69.04
2023-11-10 03:00:00,69.04
2023-11-10 04:00:00,69.04
2023-11-10 05:00:00,69.04
2023-11-10 06:00:00,69.04
2023-11-10 07:00:00,69.04
2023-11-10 08:00:00,69.04
2023-11-10 09:00:00,69.04
2023-11-10 10:00:00,69.04
2023-11-10 11:00:00,69.04
2023-11-10 12:00:00,69.04
2023-11-10 13:00:00,69.04
2023-11-10 14:00:00,69.04
2023-11-10 15:00:00,69.04
2023-11-10 16:00:00,69.04
2023-11-10 17:00:00,69.04
2023-11-10 18:00:00,69.04
2023-11-10 19:00:00,69.04
2023-11-10 20:00:00,69.04
2023-11-10 21:00:00,69.04
2023-11-10 22:00:00,69.04
2023-11-10 23:00:00,69.04
2023-11-11 00:00:00,69.04
2023-11-11 01:00:00,69.04
2023-11-11 02:00:00,69.04
2023-11-11 03:00:00,69.04
2023-11-11 04:00:00,69.04
2023-11-11 05:00:00,69.04
2023-11-11 06:00:00,69.04
2023-11-11 07:00:00,69.04
2023-11-11 08:00:00,69.04
2023-11-11 09:00:00,69.04
2023-11-11 10:00:00,69.04
2023-11-11 11:00:00,69.04
2023-11-11 12:00:00,69.04
2023-11-11 13:00:00,69.04
2023-11-11 14:00:00,69.04
2023-11-11 15:00:00,69.04
2023-11-11 16:00:00,69.04
2023-11-11 17:00:00,69.04
2023-11-11 18:00:00,69.04
2023-11-11 19:00:00,69.04
2023-11-11 20:00:00,69.04
2023-11-11 21:00:00,69.04
2023-11-11 22:00:00,69.04
2023-11-11 23:00:00,69.04
2023-11-12 00:00:00,69.04
2023-11-12 01:00:00,69.04
2023-11-12 02:00:00,69.04
2023-11-12 03:00:00,69.04
2023-11-12 04:00:00,69.04
2023-11-12 05:00:00,69.04
2023-11-12 06:00:00,69.04
2023-11-12 07:00:00,69.04
2023-11-12 08:00:00,69.04
2023-11-12 09:00:00,69.04
2023-11-12 10:00:00,69.04
2023-11-12 11:00:00,69.04
2023-11-12 12:00:00,69.04
2023-11-12 13:00:00,69.04
2023-11-12 14:00:00,69.04
2023-11-12 15:00:00,69.04
2023-11-12 16:00:00,69.04
2023-11-12 17:00:00,69.04
2023-11-12 18:00:00,69.04
2023-11-12 19:00:00,69.04
2023-11-12 20:00:00,69.04
2023-11-12 21:00:00,69.04
2023-11-12 22:00:00,69.04
2023-11-12 23:00:00,69.04
2023-11-13 00:00:00,69.04
2023-11-13 01:00:00,69.04
2023-11-13 02:00:00,69.04
2023-11-13 03:00:00,69.04
2023-11-13 04:00:00,69.04
2023-11-13 05:00:00,69.04
2023-11-13 06:00:00,69.04
2023-11-13 07:00:00,69.04
2023-11-13 08:00:00,69.04
2023-11-13 09:00:00,69.04
2023-11-13 10:00:00,69.04
2023-11-13 11:00:00,69.04
2023-11-13 12:00:00,69.04
2023-11-13 13:00:00,69.04
2023-11-13 14:00:00,69.04
2023-11-13 15:00:00,69.04
2023-11-13 16:00:00,170.02
2023-11-13 17:00:00,198.84
2023-11-13 18:00:00,219.6
2023-11-13 19:00:00,234.88
2023-11-13 20:00:00,234.56
2023-11-13 21:00:00,234.54
2023-11-13 22:00:00,195.61
2023-11-13 23:00:00,69.04
2023-11-14 00:00:00,69.04
2023-11-14 01:00:00,69.04
2023-11-14 02:00:00,69.04
2023-11-14 03:00:00,69.04
2023-11-14 04:00:00,69.04
2023-11-14 05:00:00,69.04
2023-11-14 06:00:00,69.04
2023-11-14 07:00:00,69.04
2023-11-14 08:00:00,69.04
2023-11-14 09:00:00,69.04
2023-11-14 10:00:00,69.04
2023-11-14 11:00:00,69.04
2023-11-14 12:00:00,69.04
2023-11-14 13:00:00,69.04
2023-11-14 14:00:00,137.95
2023-11-14 15:00:00,262.32
2023-11-14 16:00:00,390.45
2023-11-14 17:00:00,389.46
2023-11-14 18:00:00,404.21
2023-11-14 19:00:00,415.34
2023-11-14 20:00:00,400.66
2023-11-14 21:00:00,398.92
2023-11-14 22:00:00,389.25
2023-11-14 23:00:00,102.87
2023-11-15 00:00:00,69.04
2023-11-15 01:00:00,69.04
2023-11-15 02:00:00,69.04
2023-11-15 03:00:00,69.04
2023-11-15 04:00:00,69.04
2023-11-15 05:00:00,69.04
2023-11-15 06:00:00,69.04
2023-11-15 07:00:00,69.04
2023-11-15 08:00:00,69.04
2023-11-15 09:00:00,69.04
2023-11-15 10:00:00,69.04
2023-11-15 11:00:00,69.04
2023-11-15 12:00:00,69.04
2023-11-15 13:00:00,69.04
2023-11-15 14:00:00,69.04
2023-11-15 15:00:00,69.04
2023-11-15 16:00:00,69.04
2023-11-15 17:00:00,69.04
2023-11-15 18:00:00,69.04
2023-11-15 19:00:00,69.04
2023-11-15 20:00:00,69.04
2023-11-15 21:00:00,69.04
2023-11-15 22:00:00,69.04
2023-11-15 23:00:00,69.04
2023-11-16 00:00:00,69.04
2023-11-16 01:00:00,69.04
2023-11-16 02:00:00,69.04
2023-11-16 03:00:00,69.04
2023-11-16 04:00:00,69.04
2023-11-16 05:00:00,69.04
2023-11-16 06:00:00,69.04
2023-11-16 07:00:00,69.04
2023-11-16 08:00:00,69.04
2023-11-16 09:00:00,69.04
2023-11-16 10:00:00,69.04
2023-11-16 11:00:00,69.04
2023-11-16 12:00:00,69.04
2023-11-16 13:00:00,69.04
2023-11-16 14:00:00,153.25
2023-11-16 15:00:00,280.23
2023-11-16 16:00:00,390.03
2023-11-16 17:00:00,389.25
2023-11-16 18:00:00,386.39
2023-11-16 19:00:00,391.48
2023-11-16 20:00:00,391.44
2023-11-16 21:00:00,393.54
2023-11-16 22:00:00,389.25
2023-11-16 23:00:00,237.86
2023-11-17 00:00:00,69.04
2023-11-17 01:00:00,69.04
2023-11-17 02:00:00,69.04
2023-11-17 03:00:00,69.04
2023-11-17 04:00:00,69.04
2023-11-17 05:00:00,69.04
2023-11-17 06:00:00,69.04
2023-11-17 07:00:00,69.04
2023-11-17 08:00:00,69.04
2023-11-17 09:00:00,69.04
2023-11-17 10:00:00,69.04
2023-11-17 11:00:00,69.04
2023-11-17 12:00:00,69.04
2023-11-17 13:00:00,69.04
2023-11-17 14:00:00,87.2
2023-11-17 15:00:00,231.84
2023-11-17 16:00:00,389.25
2023-11-17 17:00:00,389.25
2023-11-17 18:00:00,392.14
2023-11-17 19:00:00,395.87
2023-11-17 20:00:00,395.77
2023-11-17 21:00:00,395.78
2023-11-17 22:00:00,390.45
2023-11-17 23:00:00,279.45
2023-11-18 00:00:00,244.65
2023-11-18 01:00:00,122.97
2023-11-18 02:00:00,69.04
2023-11-18 03:00:00,69.04
2023-11-18 04:00:00,69.04
2023-11-18 05:00:00,69.04
2023-11-18 06:00:00,69.04
2023-11-18 07:00:00,69.04
2023-11-18 08:00:00,69.04
2023-11-18 09:00:00,69.04
2023-11-18 10:00:00,69.04
2023-11-18 11:00:00,69.04
2023-11-18 12:00:00,69.04
2023-11-18 13:00:00,69.04
2023-11-18 14:00:00,69.04
2023-11-18 15:00:00,69.04
2023-11-18 16:00:00,69.04
2023-11-18 17:00:00,96.75
2023-11-18 18:00:00,338.81
2023-11-18 19:00:00,395.77
2023-11-18 20:00:00,389.91
2023-11-18 21:00:00,389.25
2023-11-18 22:00:00,332.93
2023-11-18 23:00:00,179.92
2023-11-19 00:00:00,137.93
2023-11-19 01:00:00,69.04
2023-11-19 02:00:00,69.04
2023-11-19 03:00:00,69.04
2023-11-19 04:00:00,69.04
2023-11-19 05:00:00,69.04
2023-11-19 06:00:00,69.04
2023-11-19 07:00:00,69.04
2023-11-19 08:00:00,69.04
2023-11-19 09:00:00,69.04
2023-11-19 10:00:00,69.04
2023-11-19 11:00:00,69.04
2023-11-19 12:00:00,69.04
2023-11-19 13:00:00,69.04
2023-11-19 14:00:00,69.04
2023-11-19 15:00:00,69.04
2023-11-19 16:00:00,69.04
2023-11-19 17:00:00,69.04
2023-11-19 18:00:00,69.04
2023-11-19 19:00:00,135.12
2023-11-19 20:00:00,117.34
2023-11-19 21:00:00,102.35
2023-11-19 22:00:00,69.04
2023-11-19 23:00:00,69.04
2023-11-20 00:00:00,69.04
2023-11-20 01:00:00,69.04
2023-11-20 02:00:00,69.04
2023-11-20 03:00:00,69.04
2023-11-20 04:00:00,69.04
2023-11-20 05:00:00,69.04
2023-11-20 06:00:00,69.04
2023-11-20 07:00:00,69.04
2023-11-20 08:00:00,69.04
2023-11-20 09:00:00,69.04
2023-11-20 10:00:00,69.04
2023-11-20 11:00:00,69.04
2023-11-20 12:00:00,69.04
2023-11-20 13:00:00,69.04
2023-11-20 14:00:00,69.04
2023-11-20 15:00:00,69.04
2023-11-20 16:00:00,69.04
2023-11-20 17:00:00,69.04
2023-11-20 18:00:00,69.04
2023-11-20 19:00:00,69.04
2023-11-20 20:00:00,69.04
2023-11-20 21:00:00,69.04
2023-11-20 22:00:00,69.04
2023-11-20 23:00:00,69.04
2023-11-21 00:00:00,69.04
2023-11-21 01:00:00,69.04
2023-11-21 02:00:00,69.04
2023-11-21 03:00:00,69.04
2023-11-21 04:00:00,69.04
2023-11-21 05:00:00,69.04
2023-11-21 06:00:00,69.04
2023-11-21 07:00:00,69.04
2023-11-21 08:00:00,69.04
2023-11-21 09:00:00,69.04
2023-11-21 10:00:00,69.04
2023-11-21 11:00:00,69.04
2023-11-21 12:00:00,69.04
2023-11-21 13:00:00,69.04
2023-11-21 14:00:00,69.04
2023-11-21 15:00:00,69.04
2023-11-21 16:00:00,69.04
2023-11-21 17:00:00,69.04
2023-11-21 18:00:00,69.04
2023-11-21 19:00:00,69.04
2023-11-21 20:00:00,69.04
2023-11-21 21:00:00,69.04
2023-11-21 22:00:00,69.04
2023-11-21 23:00:00,69.04
2023-11-22 00:00:00,69.04
2023-11-22 01:00:00,69.04
2023-11-22 02:00:00,69.04
2023-11-22 03:00:00,69.04
2023-11-22 04:00:00,69.04
2023-11-22 05:00:00,69.04
2023-11-22 06:00:00,69.04
2023-11-22 07:00:00,69.04
2023-11-22 08:00:00,69.04
2023-11-22 09:00:00,69.04
2023-11-22 10:00:00,69.04
2023-11-22 11:00:00,69.04
2023-11-22 12:00:00,69.04
2023-11-22 13:00:00,69.04
2023-11-22 14:00:00,69.04
2023-11-22 15:00:00,69.04
2023-11-22 16:00:00,69.04
2023-11-22 17:00:00,69.04
2023-11-22 18:00:00,69.04
2023-11-22 19:00:00,69.04
2023-11-22 20:00:00,69.04
2023-11-22 21:00:00,69.04
2023-11-22 22:00:00,69.04
2023-11-22 23:00:00,69.04
2023-11-23 00:00:00,69.04
2023-11-23 01:00:00,69.04
2023-11-23 02:00:00,69.04
2023-11-23 03:00:00,69.04
2023-11-23 04:00:00,69.04
2023-11-23 05:00:00,69.04
2023-11-23 06:00:00,69.04
2023-11-23 07:00:00,69.04
2023-11-23 08:00:00,69.04
2023-11-23 09:00:00,69.04
2023-11-23 10:00:00,69.04
2023-11-23 11:00:00,69.04
2023-11-23 12:00:00,69.04
2023-11-23 13:00:00,69.04
2023-11-23 14:00:00,69.04
2023-11-23 15:00:00,69.04
2023-11-23 16:00:00,69.04
2023-11-23 17:00:00,69.04
2023-11-23 18:00:00,69.04
2023-11-23 19:00:00,69.04
2023-11-23 20:00:00,69.04
2023-11-23 21:00:00,69.04
2023-11-23 22:00:00,69.04
2023-11-23 23:00:00,69.04
2023-11-24 00:00:00,69.04
2023-11-24 01:00:00,69.04
2023-11-24 02:00:00,69.04
2023-11-24 03:00:00,69.04
2023-11-24 04:00:00,69.04
2023-11-24 05:00:00,69.04
2023-11-24 06:00:00,69.04
2023-11-24 07:00:00,69.04
2023-11-24 08:00:00,69.04
2023-11-24 09:00:00,69.04
2023-11-24 10:00:00,69.04
2023-11-24 11:00:00,69.04
2023-11-24 12:00:00,69.04
2023-11-24 13:00:00,69.04
2023-11-24 14:00:00,69.04
2023-11-24 15:00:00,69.04
2023-11-24 16:00:00,69.04
2023-11-24 17:00:00,69.04
2023-11-24 18:00:00,69.04
2023-11-24 19:00:00,69.04
2023-11-24 20:00:00,69.04
2023-11-24 21:00:00,69.04
2023-11-24 22:00:00,69.04
2023-11-24 23:00:00,69.04
2023-11-25 00:00:00,69.04
2023-11-25 01:00:00,69.04
2023-11-25 02:00:00,69.04
2023-11-25 03:00:00,69.04
2023-11-25 04:00:00,69.04
2023-11-25 05:00:00,69.04
2023-11-25 06:00:00,69.04
2023-11-25 07:00:00,69.04
2023-11-25 08:00:00,69.04
2023-11-25 09:00:00,69.04
2023-11-25 10:00:00,69.04
2023-11-25 11:00:00,69.04
2023-11-25 12:00:00,69.04
2023-11-25 13:00:00,69.04
2023-11-25 14:00:00,69.04
2023-11-25 15:00:00,69.04
2023-11-25 16:00:00,69.04
2023-11-25 17:00:00,69.04
2023-11-25 18:00:00,69.04
2023-11-25 19:00:00,69.04
2023-11-25 20:00:00,69.04
2023-11-25 21:00:00,69.04
2023-11-25 22:00:00,69.04
2023-11-25 23:00:00,69.04
2023-11-26 00:00:00,69.04
2023-11-26 01:00:00,69.04
2023-11-26 02:00:00,69.04
2023-11-26 03:00:00,69.04
2023-11-26 04:00:00,69.04
2023-11-26 05:00:00,69.04
2023-11-26 06:00:00,69.04
2023-11-26 07:00:00,69.04
2023-11-26 08:00:00,69.04
2023-11-26 09:00:00,69.04
2023-11-26 10:00:00,69.04
2023-11-26 11:00:00,69.04
2023-11-26 12:00:00,69.04
2023-11-26 13:00:00,69.04
2023-11-26 14:00:00,69.04
2023-11-26 15:00:00,69.04
2023-11-26 16:00:00,69.04
2023-11-26 17:00:00,69.04
2023-11-26 18:00:00,69.04
2023-11-26 19:00:00,69.04
2023-11-26 20:00:00,69.04
2023-11-26 21:00:00,69.04
2023-11-26 22:00:00,69.04
2023-11-26 23:00:00,69.04
2023-11-27 00:00:00,69.04
2023-11-27 01:00:00,69.04
2023-11-27 02:00:00,69.04
2023-11-27 03:00:00,69.04
2023-11-27 04:00:00,69.04
2023-11-27 05:00:00,69.04
2023-11-27 06:00:00,69.04
2023-11-27 07:00:00,69.04
2023-11-27 08:00:00,69.04
2023-11-27 09:00:00,69.04
2023-11-27 10:00:00,69.04
2023-11-27 11:00:00,69.04
2023-11-27 12:00:00,69.04
2023-11-27 13:00:00,69.04
2023-11-27 14:00:00,69.04
2023-11-27 15:00:00,69.04
2023-11-27 16:00:00,69.04
2023-11-27 17:00:00,69.04
2023-11-27 18:00:00,69.04
2023-11-27 19:00:00,69.04
2023-11-27 20:00:00,69.04
2023-11-27 21:00:00,69.04
2023-11-27 22:00:00,69.04
2023-11-27 23:00:00,69.04
2023-11-28 00:00:00,69.04
2023-11-28 01:00:00,69.04
2023-11-28 02:00:00,69.04
2023-11-28 03:00:00,69.04
2023-11-28 04:00:00,69.04
2023-11-28 05:00:00,69.04
2023-11-28 06:00:00,69.04
2023-11-28 07:00:00,69.04
2023-11-28 08:00:00,69.04
2023-11-28 09:00:00,69.04
2023-11-28 10:00:00,69.04
2023-11-28 11:00:00,69.04
2023-11-28 12:00:00,69.04
2023-11-28 13:00:00,69.04
2023-11-28 14:00:00,69.04
2023-11-28 15:00:00,69.04
2023-11-28 16:00:00,69.04
2023-11-28 17:00:00,69.04
2023-11-28 18:00:00,69.04
2023-11-28 19:00:00,69.04
2023-11-28 20:00:00,69.04
2023-11-28 21:00:00,69.04
2023-11-28 22:00:00,69.04
2023-11-28 23:00:00,69.04
2023-11-29 00:00:00,69.04
2023-11-29 01:00:00,69.04
2023-11-29 02:00:00,69.04
2023-11-29 03:00:00,69.04
2023-11-29 04:00:00,69.04
2023-11-29 05:00:00,69.04
2023-11-29 06:00:00,69.04
2023-11-29 07:00:00,69.04
2023-11-29 08:00:00,69.04
2023-11-29 09:00:00,69.04
2023-11-29 10:00:00,69.04
2023-11-29 11:00:00,69.04
2023-11-29 12:00:00,69.04
2023-11-29 13:00:00,69.04
2023-11-29 14:00:00,69.04
2023-11-29 15:00:00,69.04
2023-11-29 16:00:00,69.04
2023-11-29 17:00:00,69.04
2023-11-29 18:00:00,69.04
2023-11-29 19:00:00,69.04
2023-11-29 20:00:00,69.04
2023-11-29 21:00:00,69.04
2023-11-29 22:00:00,69.04
2023-11-29 23:00:00,69.04
2023-11-30 00:00:00,69.04
2023-11-30 01:00:00,69.04
2023-11-30 02:00:00,69.04
2023-11-30 03:00:00,69.04
2023-11-30 04:00:00,69.04
2023-11-30 05:00:00,69.04
2023-11-30 06:00:00,69.04
2023-11-30 07:00:00,69.04
2023-11-30 08:00:00,69.04
2023-11-30 09:00:00,69.04
2023-11-30 10:00:00,69.04
2023-11-30 11:00:00,69.04
2023-11-30 12:00:00,69.04
2023-11-30 13:00:00,69.04
2023-11-30 14:00:00,69.04
2023-11-30 15:00:00,69.04
2023-11-30 16:00:00,69.04
2023-11-30 17:00:00,69.04
2023-11-30 18:00:00,69.04
2023-11-30 19:00:00,69.04
2023-11-30 20:00:00,69.04
2023-11-30 21:00:00,69.04
2023-11-30 22:00:00,69.04
2023-11-30 23:00:00,69.04
2023-12-01 00:00:00,69.04
2023-12-01 01:00:00,69.04
2023-12-01 02:00:00,69.04
2023-12-01 03:00:00,69.04
2023-12-01 04:00:00,69.04
2023-12-01 05:00:00,69.04
2023-12-01 06:00:00,69.04
2023-12-01 07:00:00,69.04
2023-12-01 08:00:00,69.04
2023-12-01 09:00:00,69.04
2023-12-01 10:00:00,69.04
2023-12-01 11:00:00,69.04
2023-12-01 12:00:00,69.04
2023-12-01 13:00:00,69.04
2023-12-01 14:00:00,69.04
2023-12-01 15:00:00,69.04
2023-12-01 16:00:00,69.04
2023-12-01 17:00:00,69.04
2023-12-01 18:00:00,69.04
2023-12-01 19:00:00,69.04
2023-12-01 20:00:00,69.04
2023-12-01 21:00:00,69.04
2023-12-01 22:00:00,69.04
2023-12-01 23:00:00,69.04
2023-12-02 00:00:00,69.04
2023-12-02 01:00:00,69.04
2023-12-02 02:00:00,69.04
2023-12-02 03:00:00,69.04
2023-12-02 04:00:00,69.04
2023-12-02 05:00:00,69.04
2023-12-02 06:00:00,69.04
2023-12-02 07:00:00,69.04
2023-12-02 08:00:00,69.04
2023-12-02 09:00:00,69.04
2023-12-02 10:00:00,69.04
2023-12-02 11:00:00,69.04
2023-12-02 12:00:00,69.04
2023-12-02 13:00:00,69.04
2023-12-02 14:00:00,69.04
2023-12-02 15:00:00,69.04
2023-12-02 16:00:00,69.04
2023-12-02 17:00:00,69.04
2023-12-02 18:00:00,69.04
2023-12-02 19:00:00,126.83
2023-12-02 20:00:00,69.04
2023-12-02 21:00:00,69.04
2023-12-02 22:00:00,69.04
2023-12-02 23:00:00,69.04
2023-12-03 00:00:00,69.04
2023-12-03 01:00:00,69.04
2023-12-03 02:00:00,69.04
2023-12-03 03:00:00,69.04
2023-12-03 04:00:00,69.04
2023-12-03 05:00:00,69.04
2023-12-03 06:00:00,69.04
2023-12-03 07:00:00,69.04
2023-12-03 08:00:00,69.04
2023-12-03 09:00:00,69.04
2023-12-03 10:00:00,69.04
2023-12-03 11:00:00,69.04
2023-12-03 12:00:00,69.04
2023-12-03 13:00:00,69.04
2023-12-03 14:00:00,69.04
2023-12-03 15:00:00,69.04
2023-12-03 16:00:00,69.04
2023-12-03 17:00:00,69.04
2023-12-03 18:00:00,69.04
2023-12-03 19:00:00,105.94
2023-12-03 20:00:00,105.88
2023-12-03 21:00:00,105.95
2023-12-03 22:00:00,105.94
2023-12-03 23:00:00,69.04
2023-12-04 00:00:00,69.04
2023-12-04 01:00:00,69.04
2023-12-04 02:00:00,69.04
2023-12-04 03:00:00,69.04
2023-12-04 04:00:00,69.04
2023-12-04 05:00:00,69.04
2023-12-04 06:00:00,69.04
2023-12-04 07:00:00,69.04
2023-12-04 08:00:00,69.04
2023-12-04 09:00:00,69.04
2023-12-04 10:00:00,69.04
2023-12-04 11:00:00,69.04
2023-12-04 12:00:00,69.04
2023-12-04 13:00:00,69.04
2023-12-04 14:00:00,69.04
2023-12-04 15:00:00,69.04
2023-12-04 16:00:00,106.22
2023-12-04 17:00:00,104.27
2023-12-04 18:00:00,102.28
2023-12-04 19:00:00,183.25
2023-12-04 20:00:00,143.37
2023-12-04 21:00:00,182.9
2023-12-04 22:00:00,91.46
2023-12-04 23:00:00,69.04
2023-12-05 00:00:00,69.04
2023-12-05 01:00:00,69.04
2023-12-05 02:00:00,69.04
2023-12-05 03:00:00,69.04
2023-12-05 04:00:00,69.04
2023-12-05 05:00:00,69.04
2023-12-05 06:00:00,69.04
2023-12-05 07:00:00,69.04
2023-12-05 08:00:00,69.04
2023-12-05 09:00:00,69.04
2023-12-05 10:00:00,69.04
2023-12-05 11:00:00,69.04
2023-12-05 12:00:00,69.04
2023-12-05 13:00:00,69.04
2023-12-05 14:00:00,69.04
2023-12-05 15:00:00,69.04
2023-12-05 16:00:00,69.04
2023-12-05 17:00:00,69.04
2023-12-05 18:00:00,69.04
2023-12-05 19:00:00,69.04
2023-12-05 20:00:00,69.04
2023-12-05 21:00:00,69.04
2023-12-05 22:00:00,69.04
2023-12-05 23:00:00,69.04
2023-12-06 00:00:00,69.04
2023-12-06 01:00:00,69.04
2023-12-06 02:00:00,69.04
2023-12-06 03:00:00,69.04
2023-12-06 04:00:00,69.04
2023-12-06 05:00:00,69.04
2023-12-06 06:00:00,69.04
2023-12-06 07:00:00,69.04
2023-12-06 08:00:00,69.04
2023-12-06 09:00:00,69.04
2023-12-06 10:00:00,69.04
2023-12-06 11:00:00,69.04
2023-12-06 12:00:00,69.04
2023-12-06 13:00:00,69.04
2023-12-06 14:00:00,69.04
2023-12-06 15:00:00,69.04
2023-12-06 16:00:00,69.04
2023-12-06 17:00:00,69.04
2023-12-06 18:00:00,69.04
2023-12-06 19:00:00,69.04
2023-12-06 20:00:00,69.04
2023-12-06 21:00:00,69.04
2023-12-06 22:00:00,69.04
2023-12-06 23:00:00,69.04
2023-12-07 00:00:00,69.04
2023-12-07 01:00:00,69.04
2023-12-07 02:00:00,69.04
2023-12-07 03:00:00,69.04
2023-12-07 04:00:00,69.04
2023-12-07 05:00:00,69.04
2023-12-07 06:00:00,69.04
2023-12-07 07:00:00,69.04
2023-12-07 08:00:00,69.04
2023-12-07 09:00:00,69.04
2023-12-07 10:00:00,69.04
2023-12-07 11:00:00,69.04
2023-12-07 12:00:00,69.04
2023-12-07 13:00:00,69.04
2023-12-07 14:00:00,69.04
2023-12-07 15:00:00,69.04
2023-12-07 16:00:00,69.04
2023-12-07 17:00:00,69.04
2023-12-07 18:00:00,69.04
2023-12-07 19:00:00,69.04
2023-12-07 20:00:00,69.04
2023-12-07 21:00:00,69.04
2023-12-07 22:00:00,69.04
2023-12-07 23:00:00,69.04
2023-12-08 00:00:00,69.04
2023-12-08 01:00:00,69.04
2023-12-08 02:00:00,69.04
2023-12-08 03:00:00,69.04
2023-12-08 04:00:00,69.04
2023-12-08 05:00:00,69.04
2023-12-08 06:00:00,69.04
2023-12-08 07:00:00,69.04
2023-12-08 08:00:00,69.04
2023-12-08 09:00:00,69.04
2023-12-08 10:00:00,69.04
2023-12-08 11:00:00,69.04
2023-12-08 12:00:00,69.04
2023-12-08 13:00:00,69.04
2023-12-08 14:00:00,69.04
2023-12-08 15:00:00,69.04
2023-12-08 16:00:00,69.04
2023-12-08 17:00:00,69.04
2023-12-08 18:00:00,69.04
2023-12-08 19:00:00,104.44
2023-12-08 20:00:00,69.04
2023-12-08 21:00:00,69.04
2023-12-08 22:00:00,69.04
2023-12-08 23:00:00,69.04
2023-12-09 00:00:00,69.04
2023-12-09 01:00:00,69.04
2023-12-09 02:00:00,69.04
2023-12-09 03:00:00,69.04
2023-12-09 04:00:00,69.04
2023-12-09 05:00:00,69.04
2023-12-09 06:00:00,69.04
2023-12-09 07:00:00,69.04
2023-12-09 08:00:00,69.04
2023-12-09 09:00:00,69.04
2023-12-09 10:00:00,69.04
2023-12-09 11:00:00,69.04
2023-12-09 12:00:00,69.04
2023-12-09 13:00:00,69.04
2023-12-09 14:00:00,69.04
2023-12-09 15:00:00,69.04
2023-12-09 16:00:00,69.04
2023-12-09 17:00:00,69.04
2023-12-09 18:00:00,69.04
2023-12-09 19:00:00,69.04
2023-12-09 20:00:00,69.04
2023-12-09 21:00:00,69.04
2023-12-09 22:00:00,69.04
2023-12-09 23:00:00,69.04
2023-12-10 00:00:00,69.04
2023-12-10 01:00:00,69.04
2023-12-10 02:00:00,69.04
2023-12-10 03:00:00,69.04
2023-12-10 04:00:00,69.04
2023-12-10 05:00:00,69.04
2023-12-10 06:00:00,69.04
2023-12-10 07:00:00,69.04
2023-12-10 08:00:00,69.04
2023-12-10 09:00:00,69.04
2023-12-10 10:00:00,69.04
2023-12-10 11:00:00,69.04
2023-12-10 12:00:00,69.04
2023-12-10 13:00:00,69.04
2023-12-10 14:00:00,69.04
2023-12-10 15:00:00,69.04
2023-12-10 16:00:00,69.04
2023-12-10 17:00:00,69.04
2023-12-10 18:00:00,69.04
2023-12-10 19:00:00,69.04
2023-12-10 20:00:00,69.04
2023-12-10 21:00:00,69.04
2023-12-10 22:00:00,69.04
2023-12-10 23:00:00,69.04
2023-12-11 00:00:00,69.04
2023-12-11 01:00:00,69.04
2023-12-11 02:00:00,69.04
2023-12-11 03:00:00,69.04
2023-12-11 04:00:00,69.04
2023-12-11 05:00:00,69.04
2023-12-11 06:00:00,69.04
2023-12-11 07:00:00,69.04
2023-12-11 08:00:00,69.04
2023-12-11 09:00:00,69.04
2023-12-11 10:00:00,69.04
2023-12-11 11:00:00,69.04
2023-12-11 12:00:00,69.04
2023-12-11 13:00:00,69.04
2023-12-11 14:00:00,69.04
2023-12-11 15:00:00,69.04
2023-12-11 16:00:00,69.04
2023-12-11 17:00:00,69.04
2023-12-11 18:00:00,69.04
2023-12-11 19:00:00,69.04
2023-12-11 20:00:00,69.04
2023-12-11 21:00:00,69.04
2023-12-11 22:00:00,69.04
2023-12-11 23:00:00,69.04
2023-12-12 00:00:00,69.04
2023-12-12 01:00:00,69.04
2023-12-12 02:00:00,69.04
2023-12-12 03:00:00,69.04
2023-12-12 04:00:00,69.04
2023-12-12 05:00:00,69.04
2023-12-12 06:00:00,69.04
2023-12-12 07:00:00,69.04
2023-12-12 08:00:00,69.04
2023-12-12 09:00:00,69.04
2023-12-12 10:00:00,69.04
2023-12-12 11:00:00,69.04
2023-12-12 12:00:00,69.04
2023-12-12 13:00:00,69.04
2023-12-12 14:00:00,69.04
2023-12-12 15:00:00,69.04
2023-12-12 16:00:00,69.04
2023-12-12 17:00:00,69.04
2023-12-12 18:00:00,69.04
2023-12-12 19:00:00,69.04
2023-12-12 20:00:00,69.04
2023-12-12 21:00:00,69.04
2023-12-12 22:00:00,69.04
2023-12-12 23:00:00,69.04
2023-12-13 00:00:00,69.04
2023-12-13 01:00:00,69.04
2023-12-13 02:00:00,69.04
2023-12-13 03:00:00,69.04
2023-12-13 04:00:00,69.04
2023-12-13 05:00:00,69.04
2023-12-13 06:00:00,69.04
2023-12-13 07:00:00,69.04
2023-12-13 08:00:00,69.04
2023-12-13 09:00:00,69.04
2023-12-13 10:00:00,69.04
2023-12-13 11:00:00,69.04
2023-12-13 12:00:00,69.04
2023-12-13 13:00:00,69.04
2023-12-13 14:00:00,69.04
2023-12-13 15:00:00,69.04
2023-12-13 16:00:00,69.04
2023-12-13 17:00:00,69.04
2023-12-13 18:00:00,69.04
2023-12-13 19:00:00,69.04
2023-12-13 20:00:00,69.04
2023-12-13 21:00:00,69.04
2023-12-13 22:00:00,69.04
2023-12-13 23:00:00,69.04
2023-12-14 00:00:00,69.04
2023-12-14 01:00:00,69.04
2023-12-14 02:00:00,69.04
2023-12-14 03:00:00,69.04
2023-12-14 04:00:00,69.04
2023-12-14 05:00:00,69.04
2023-12-14 06:00:00,69.04
2023-12-14 07:00:00,69.04
2023-12-14 08:00:00,69.04
2023-12-14 09:00:00,69.04
2023-12-14 10:00:00,69.04
2023-12-14 11:00:00,69.04
2023-12-14 12:00:00,69.04
2023-12-14 13:00:00,69.04
2023-12-14 14:00:00,69.04
2023-12-14 15:00:00,69.04
2023-12-14 16:00:00,69.04
2023-12-14 17:00:00,69.04
2023-12-14 18:00:00,69.04
2023-12-14 19:00:00,69.04
2023-12-14 20:00:00,69.04
2023-12-14 21:00:00,69.04
2023-12-14 22:00:00,69.04
2023-12-14 23:00:00,69.04
2023-12-15 00:00:00,69.04
2023-12-15 01:00:00,69.04
2023-12-15 02:00:00,69.04
2023-12-15 03:00:00,69.04
2023-12-15 04:00:00,69.04
2023-12-15 05:00:00,69.04
2023-12-15 06:00:00,69.04
2023-12-15 07:00:00,69.04
2023-12-15 08:00:00,69.04
2023-12-15 09:00:00,69.04
2023-12-15 10:00:00,69.04
2023-12-15 11:00:00,69.04
2023-12-15 12:00:00,69.04
2023-12-15 13:00:00,69.04
2023-12-15 14:00:00,69.04
2023-12-15 15:00:00,69.04
2023-12-15 16:00:00,69.04
2023-12-15 17:00:00,69.04
2023-12-15 18:00:00,69.04
2023-12-15 19:00:00,69.04
2023-12-15 20:00:00,69.04
2023-12-15 21:00:00,69.04
2023-12-15 22:00:00,69.04
2023-12-15 23:00:00,69.04
2023-12-16 00:00:00,69.04
2023-12-16 01:00:00,69.04
2023-12-16 02:00:00,69.04
2023-12-16 03:00:00,69.04
2023-12-16 04:00:00,69.04
2023-12-16 05:00:00,69.04
2023-12-16 06:00:00,69.04
2023-12-16 07:00:00,69.04
2023-12-16 08:00:00,69.04
2023-12-16 09:00:00,69.04
2023-12-16 10:00:00,69.04
2023-12-16 11:00:00,69.04
2023-12-16 12:00:00,69.04
2023-12-16 13:00:00,69.04
2023-12-16 14:00:00,69.04
2023-12-16 15:00:00,69.04
2023-12-16 16:00:00,69.04
2023-12-16 17:00:00,69.04
2023-12-16 18:00:00,69.04
2023-12-16 19:00:00,69.04
2023-12-16 20:00:00,69.04
2023-12-16 21:00:00,69.04
2023-12-16 22:00:00,69.04
2023-12-16 23:00:00,69.04
2023-12-17 00:00:00,69.04
2023-12-17 01:00:00,69.04
2023-12-17 02:00:00,69.04
2023-12-17 03:00:00,69.04
2023-12-17 04:00:00,69.04
2023-12-17 05:00:00,69.04
2023-12-17 06:00:00,69.04
2023-12-17 07:00:00,69.04
2023-12-17 08:00:00,69.04
2023-12-17 09:00:00,69.04
2023-12-17 10:00:00,69.04
2023-12-17 11:00:00,69.04
2023-12-17 12:00:00,69.04
2023-12-17 13:00:00,69.04
2023-12-17 14:00:00,69.04
2023-12-17 15:00:00,69.04
2023-12-17 16:00:00,69.04
2023-12-17 17:00:00,69.04
2023-12-17 18:00:00,69.04
2023-12-17 19:00:00,111.82
2023-12-17 20:00:00,119.26
2023-12-17 21:00:00,105.73
2023-12-17 22:00:00,105.86
2023-12-17 23:00:00,71.33
2023-12-18 00:00:00,69.04
2023-12-18 01:00:00,69.04
2023-12-18 02:00:00,69.04
2023-12-18 03:00:00,69.04
2023-12-18 04:00:00,69.04
2023-12-18 05:00:00,69.04
2023-12-18 06:00:00,69.04
2023-12-18 07:00:00,69.04
2023-12-18 08:00:00,69.04
2023-12-18 09:00:00,95.86
2023-12-18 10:00:00,103.53
2023-12-18 11:00:00,103.53
2023-12-18 12:00:00,78.0
2023-12-18 13:00:00,137.3
2023-12-18 14:00:00,317.57
2023-12-18 15:00:00,348.16
2023-12-18 16:00:00,348.37
2023-12-18 17:00:00,323.62
2023-12-18 18:00:00,323.62
2023-12-18 19:00:00,346.06
2023-12-18 20:00:00,349.23
2023-12-18 21:00:00,389.16
2023-12-18 22:00:00,368.34
2023-12-18 23:00:00,322.79
2023-12-19 00:00:00,69.04
2023-12-19 01:00:00,69.04
2023-12-19 02:00:00,69.04
2023-12-19 03:00:00,69.04
2023-12-19 04:00:00,69.04
2023-12-19 05:00:00,69.04
2023-12-19 06:00:00,69.04
2023-12-19 07:00:00,69.04
2023-12-19 08:00:00,69.04
2023-12-19 09:00:00,69.04
2023-12-19 10:00:00,69.04
2023-12-19 11:00:00,69.04
2023-12-19 12:00:00,69.04
2023-12-19 13:00:00,69.04
2023-12-19 14:00:00,69.04
2023-12-19 15:00:00,69.04
2023-12-19 16:00:00,69.04
2023-12-19 17:00:00,69.04
2023-12-19 18:00:00,69.04
2023-12-19 19:00:00,69.04
2023-12-19 20:00:00,69.04
2023-12-19 21:00:00,69.04
2023-12-19 22:00:00,69.04
2023-12-19 23:00:00,69.04
2023-12-20 00:00:00,69.04
2023-12-20 01:00:00,69.04
2023-12-20 02:00:00,69.04
2023-12-20 03:00:00,69.04
2023-12-20 04:00:00,69.04
2023-12-20 05:00:00,69.04
2023-12-20 06:00:00,69.04
2023-12-20 07:00:00,69.04
2023-12-20 08:00:00,69.04
2023-12-20 09:00:00,69.04
2023-12-20 10:00:00,69.04
2023-12-20 11:00:00,69.04
2023-12-20 12:00:00,69.04
2023-12-20 13:00:00,69.04
2023-12-20 14:00:00,69.04
2023-12-20 15:00:00,69.04
2023-12-20 16:00:00,69.04
2023-12-20 17:00:00,69.04
2023-12-20 18:00:00,69.04
2023-12-20 19:00:00,69.04
2023-12-20 20:00:00,69.04
2023-12-20 21:00:00,69.04
2023-12-20 22:00:00,69.04
2023-12-20 23:00:00,69.04
2023-12-21 00:00:00,69.04
2023-12-21 01:00:00,69.04
2023-12-21 02:00:00,69.04
2023-12-21 03:00:00,69.04
2023-12-21 04:00:00,69.04
2023-12-21 05:00:00,69.04
2023-12-21 06:00:00,69.04
2023-12-21 07:00:00,69.04
2023-12-21 08:00:00,69.04
2023-12-21 09:00:00,69.04
2023-12-21 10:00:00,69.04
2023-12-21 11:00:00,69.04
2023-12-21 12:00:00,69.04
2023-12-21 13:00:00,69.04
2023-12-21 14:00:00,69.04
2023-12-21 15:00:00,69.04
2023-12-21 16:00:00,69.04
2023-12-21 17:00:00,69.04
2023-12-21 18:00:00,69.04
2023-12-21 19:00:00,69.04
2023-12-21 20:00:00,69.04
2023-12-21 21:00:00,69.04
2023-12-21 22:00:00,69.04
2023-12-21 23:00:00,69.04
2023-12-22 00:00:00,69.04
2023-12-22 01:00:00,69.04
2023-12-22 02:00:00,69.04
2023-12-22 03:00:00,69.04
2023-12-22 04:00:00,69.04
2023-12-22 05:00:00,69.04
2023-12-22 06:00:00,69.04
2023-12-22 07:00:00,69.04
2023-12-22 08:00:00,69.04
2023-12-22 09:00:00,69.04
2023-12-22 10:00:00,69.04
2023-12-22 11:00:00,69.04
2023-12-22 12:00:00,69.04
2023-12-22 13:00:00,69.04
2023-12-22 14:00:00,69.04
2023-12-22 15:00:00,69.04
2023-12-22 16:00:00,69.04
2023-12-22 17:00:00,69.04
2023-12-22 18:00:00,69.04
2023-12-22 19:00:00,69.04
2023-12-22 20:00:00,69.04
2023-12-22 21:00:00,69.04
2023-12-22 22:00:00,69.04
2023-12-22 23:00:00,69.04
2023-12-23 00:00:00,69.04
2023-12-23 01:00:00,69.04
2023-12-23 02:00:00,69.04
2023-12-23 03:00:00,69.04
2023-12-23 04:00:00,69.04
2023-12-23 05:00:00,69.04
2023-12-23 06:00:00,69.04
2023-12-23 07:00:00,69.04
2023-12-23 08:00:00,69.04
2023-12-23 09:00:00,69.04
2023-12-23 10:00:00,69.04
2023-12-23 11:00:00,69.04
2023-12-23 12:00:00,69.04
2023-12-23 13:00:00,69.04
2023-12-23 14:00:00,69.04
2023-12-23 15:00:00,69.04
2023-12-23 16:00:00,69.04
2023-12-23 17:00:00,69.04
2023-12-23 18:00:00,69.04
2023-12-23 19:00:00,69.04
2023-12-23 20:00:00,69.04
2023-12-23 21:00:00,69.04
2023-12-23 22:00:00,69.04
2023-12-23 23:00:00,69.04
2023-12-24 00:00:00,69.04
2023-12-24 01:00:00,69.04
2023-12-24 02:00:00,69.04
2023-12-24 03:00:00,69.04
2023-12-24 04:00:00,69.04
2023-12-24 05:00:00,69.04
2023-12-24 06:00:00,69.04
2023-12-24 07:00:00,69.04
2023-12-24 08:00:00,69.04
2023-12-24 09:00:00,69.04
2023-12-24 10:00:00,69.04
2023-12-24 11:00:00,69.04
2023-12-24 12:00:00,69.04
2023-12-24 13:00:00,69.04
2023-12-24 14:00:00,69.04
2023-12-24 15:00:00,69.04
2023-12-24 16:00:00,69.04
2023-12-24 17:00:00,69.04
2023-12-24 18:00:00,69.04
2023-12-24 19:00:00,69.04
2023-12-24 20:00:00,69.04
2023-12-24 21:00:00,69.04
2023-12-24 22:00:00,69.04
2023-12-24 23:00:00,69.04
2023-12-25 00:00:00,69.04
2023-12-25 01:00:00,69.04
2023-12-25 02:00:00,69.04
2023-12-25 03:00:00,69.04
2023-12-25 04:00:00,69.04
2023-12-25 05:00:00,69.04
2023-12-25 06:00:00,69.04
2023-12-25 07:00:00,69.04
2023-12-25 08:00:00,69.04
2023-12-25 09:00:00,69.04
2023-12-25 10:00:00,69.04
2023-12-25 11:00:00,69.04
2023-12-25 12:00:00,69.04
2023-12-25 13:00:00,69.04
2023-12-25 14:00:00,69.04
2023-12-25 15:00:00,69.04
2023-12-25 16:00:00,69.04
2023-12-25 17:00:00,69.04
2023-12-25 18:00:00,69.04
2023-12-25 19:00:00,69.04
2023-12-25 20:00:00,69.04
2023-12-25 21:00:00,69.04
2023-12-25 22:00:00,69.04
2023-12-25 23:00:00,69.04
2023-12-26 00:00:00,69.04
2023-12-26 01:00:00,69.04
2023-12-26 02:00:00,69.04
2023-12-26 03:00:00,69.04
2023-12-26 04:00:00,69.04
2023-12-26 05:00:00,69.04
2023-12-26 06:00:00,69.04
2023-12-26 07:00:00,69.04
2023-12-26 08:00:00,69.04
2023-12-26 09:00:00,69.04
2023-12-26 10:00:00,69.04
2023-12-26 11:00:00,69.04
2023-12-26 12:00:00,69.04
2023-12-26 13:00:00,69.04
2023-12-26 14:00:00,69.04
2023-12-26 15:00:00,69.04
2023-12-26 16:00:00,69.04
2023-12-26 17:00:00,69.04
2023-12-26 18:00:00,69.04
2023-12-26 19:00:00,69.04
2023-12-26 20:00:00,69.04
2023-12-26 21:00:00,69.04
2023-12-26 22:00:00,69.04
2023-12-26 23:00:00,69.04
2023-12-27 00:00:00,69.04
2023-12-27 01:00:00,69.04
2023-12-27 02:00:00,69.04
2023-12-27 03:00:00,69.04
2023-12-27 04:00:00,69.04
2023-12-27 05:00:00,69.04
2023-12-27 06:00:00,69.04
2023-12-27 07:00:00,69.04
2023-12-27 08:00:00,69.04
2023-12-27 09:00:00,69.04
2023-12-27 10:00:00,69.04
2023-12-27 11:00:00,69.04
2023-12-27 12:00:00,69.04
2023-12-27 13:00:00,69.04
2023-12-27 14:00:00,69.04
2023-12-27 15:00:00,69.04
2023-12-27 16:00:00,69.04
2023-12-27 17:00:00,69.04
2023-12-27 18:00:00,69.04
2023-12-27 19:00:00,69.04
2023-12-27 20:00:00,69.04
2023-12-27 21:00:00,69.04
2023-12-27 22:00:00,69.04
2023-12-27 23:00:00,69.04
2023-12-28 00:00:00,69.04
2023-12-28 01:00:00,69.04
2023-12-28 02:00:00,69.04
2023-12-28 03:00:00,69.04
2023-12-28 04:00:00,69.04
2023-12-28 05:00:00,69.04
2023-12-28 06:00:00,69.04
2023-12-28 07:00:00,69.04
2023-12-28 08:00:00,69.04
2023-12-28 09:00:00,69.04
2023-12-28 10:00:00,69.04
2023-12-28 11:00:00,69.04
2023-12-28 12:00:00,69.04
2023-12-28 13:00:00,69.04
2023-12-28 14:00:00,69.04
2023-12-28 15:00:00,69.04
2023-12-28 16:00:00,69.04
2023-12-28 17:00:00,69.04
2023-12-28 18:00:00,69.04
2023-12-28 19:00:00,69.04
2023-12-28 20:00:00,69.04
2023-12-28 21:00:00,69.04
2023-12-28 22:00:00,69.04
2023-12-28 23:00:00,69.04
2023-12-29 00:00:00,69.04
2023-12-29 01:00:00,69.04
2023-12-29 02:00:00,69.04
2023-12-29 03:00:00,69.04
2023-12-29 04:00:00,69.04
2023-12-29 05:00:00,69.04
2023-12-29 06:00:00,69.04
2023-12-29 07:00:00,69.04
2023-12-29 08:00:00,69.04
2023-12-29 09:00:00,69.04
2023-12-29 10:00:00,69.04
2023-12-29 11:00:00,69.04
2023-12-29 12:00:00,69.04
2023-12-29 13:00:00,69.04
2023-12-29 14:00:00,69.04
2023-12-29 15:00:00,69.04
2023-12-29 16:00:00,69.04
2023-12-29 17:00:00,69.04
2023-12-29 18:00:00,69.04
2023-12-29 19:00:00,69.04
2023-12-29 20:00:00,69.04
2023-12-29 21:00:00,69.04
2023-12-29 22:00:00,69.04
2023-12-29 23:00:00,69.04
2023-12-30 00:00:00,69.04
2023-12-30 01:00:00,69.04
2023-12-30 02:00:00,69.04
2023-12-30 03:00:00,69.04
2023-12-30 04:00:00,69.04
2023-12-30 05:00:00,69.04
2023-12-30 06:00:00,69.04
2023-12-30 07:00:00,69.04
2023-12-30 08:00:00,69.04
2023-12-30 09:00:00,69.04
2023-12-30 10:00:00,69.04
2023-12-30 11:00:00,69.04
2023-12-30 12:00:00,69.04
2023-12-30 13:00:00,69.04
2023-12-30 14:00:00,69.04
2023-12-30 15:00:00,69.04
2023-12-30 16:00:00,69.04
2023-12-30 17:00:00,69.04
2023-12-30 18:00:00,69.04
2023-12-30 19:00:00,69.04
2023-12-30 20:00:00,69.04
2023-12-30 21:00:00,69.04
2023-12-30 22:00:00,69.04
2023-12-30 23:00:00,69.04
2023-12-31 00:00:00,69.04
2023-12-31 01:00:00,69.04
2023-12-31 02:00:00,69.04
2023-12-31 03:00:00,69.04
2023-12-31 04:00:00,69.04
2023-12-31 05:00:00,69.04
2023-12-31 06:00:00,69.04
2023-12-31 07:00:00,69.04
2023-12-31 08:00:00,69.04
2023-12-31 09:00:00,69.04
2023-12-31 10:00:00,69.04
2023-12-31 11:00:00,69.04
2023-12-31 12:00:00,69.04
2023-12-31 13:00:00,69.04
2023-12-31 14:00:00,69.04
2023-12-31 15:00:00,69.04
2023-12-31 16:00:00,69.04
2023-12-31 17:00:00,69.04
2023-12-31 18:00:00,69.04
2023-12-31 19:00:00,69.04
2023-12-31 20:00:00,69.04
2023-12-31 21:00:00,69.04
2023-12-31 22:00:00,69.04
2023-12-31 23:00:00,69.04
2024-01-01 00:00:00,61.07
2024-01-01 01:00:00,61.07
2024-01-01 02:00:00,61.07
2024-01-01 03:00:00,61.07
2024-01-01 04:00:00,61.07
2024-01-01 05:00:00,61.07
2024-01-01 06:00:00,61.07
2024-01-01 07:00:00,61.07
2024-01-01 08:00:00,61.07
2024-01-01 09:00:00,61.07
2024-01-01 10:00:00,61.07
2024-01-01 11:00:00,61.07
2024-01-01 12:00:00,61.07
2024-01-01 13:00:00,61.07
2024-01-01 14:00:00,61.07
2024-01-01 15:00:00,61.07
2024-01-01 16:00:00,61.07
2024-01-01 17:00:00,61.07
2024-01-01 18:00:00,61.07
2024-01-01 19:00:00,61.07
2024-01-01 20:00:00,61.07
2024-01-01 21:00:00,61.07
2024-01-01 22:00:00,61.07
2024-01-01 23:00:00,61.07
2024-01-02 00:00:00,61.07
2024-01-02 01:00:00,61.07
2024-01-02 02:00:00,61.07
2024-01-02 03:00:00,61.07
2024-01-02 04:00:00,61.07
2024-01-02 05:00:00,61.07
2024-01-02 06:00:00,61.07
2024-01-02 07:00:00,61.07
2024-01-02 08:00:00,61.07
2024-01-02 09:00:00,61.07
2024-01-02 10:00:00,61.07
2024-01-02 11:00:00,61.07
2024-01-02 12:00:00,61.07
2024-01-02 13:00:00,61.07
2024-01-02 14:00:00,61.07
2024-01-02 15:00:00,61.07
2024-01-02 16:00:00,61.07
2024-01-02 17:00:00,61.07
2024-01-02 18:00:00,61.07
2024-01-02 19:00:00,61.07
2024-01-02 20:00:00,61.07
2024-01-02 21:00:00,61.07
2024-01-02 22:00:00,61.07
2024-01-02 23:00:00,61.07
2024-01-03 00:00:00,61.07
2024-01-03 01:00:00,61.07
2024-01-03 02:00:00,61.07
2024-01-03 03:00:00,61.07
2024-01-03 04:00:00,61.07
2024-01-03 05:00:00,61.07
2024-01-03 06:00:00,61.07
2024-01-03 07:00:00,61.07
2024-01-03 08:00:00,61.07
2024-01-03 09:00:00,61.07
2024-01-03 10:00:00,61.07
2024-01-03 11:00:00,61.07
2024-01-03 12:00:00,61.07
2024-01-03 13:00:00,61.07
2024-01-03 14:00:00,61.07
2024-01-03 15:00:00,61.07
2024-01-03 16:00:00,61.07
2024-01-03 17:00:00,61.07
2024-01-03 18:00:00,61.07
2024-01-03 19:00:00,61.07
2024-01-03 20:00:00,61.07
2024-01-03 21:00:00,61.07
2024-01-03 22:00:00,61.07
2024-01-03 23:00:00,61.07
2024-01-04 00:00:00,61.07
2024-01-04 01:00:00,61.07
2024-01-04 02:00:00,61.07
2024-01-04 03:00:00,61.07
2024-01-04 04:00:00,61.07
2024-01-04 05:00:00,61.07
2024-01-04 06:00:00,61.07
2024-01-04 07:00:00,61.07
2024-01-04 08:00:00,61.07
2024-01-04 09:00:00,61.07
2024-01-04 10:00:00,61.07
2024-01-04 11:00:00,61.07
2024-01-04 12:00:00,61.07
2024-01-04 13:00:00,61.07
2024-01-04 14:00:00,61.07
2024-01-04 15:00:00,61.07
2024-01-04 16:00:00,61.07
2024-01-04 17:00:00,61.07
2024-01-04 18:00:00,61.07
2024-01-04 19:00:00,61.07
2024-01-04 20:00:00,61.07
2024-01-04 21:00:00,61.07
2024-01-04 22:00:00,61.07
2024-01-04 23:00:00,61.07
2024-01-05 00:00:00,61.07
2024-01-05 01:00:00,61.07
2024-01-05 02:00:00,61.07
2024-01-05 03:00:00,61.07
2024-01-05 04:00:00,61.07
2024-01-05 05:00:00,61.07
2024-01-05 06:00:00,61.07
2024-01-05 07:00:00,61.07
2024-01-05 08:00:00,61.07
2024-01-05 09:00:00,61.07
2024-01-05 10:00:00,61.07
2024-01-05 11:00:00,61.07
2024-01-05 12:00:00,61.07
2024-01-05 13:00:00,61.07
2024-01-05 14:00:00,61.07
2024-01-05 15:00:00,61.07
2024-01-05 16:00:00,61.07
2024-01-05 17:00:00,61.07
2024-01-05 18:00:00,61.07
2024-01-05 19:00:00,61.07
2024-01-05 20:00:00,61.07
2024-01-05 21:00:00,61.07
2024-01-05 22:00:00,61.07
2024-01-05 23:00:00,61.07
2024-01-06 00:00:00,61.07
2024-01-06 01:00:00,61.07
2024-01-06 02:00:00,61.07
2024-01-06 03:00:00,61.07
2024-01-06 04:00:00,61.07
2024-01-06 05:00:00,61.07
2024-01-06 06:00:00,61.07
2024-01-06 07:00:00,61.07
2024-01-06 08:00:00,61.07
2024-01-06 09:00:00,61.07
2024-01-06 10:00:00,61.07
2024-01-06 11:00:00,61.07
2024-01-06 12:00:00,61.07
2024-01-06 13:00:00,61.07
2024-01-06 14:00:00,61.07
2024-01-06 15:00:00,61.07
2024-01-06 16:00:00,61.07
2024-01-06 17:00:00,61.07
2024-01-06 18:00:00,61.07
2024-01-06 19:00:00,61.07
2024-01-06 20:00:00,61.07
2024-01-06 21:00:00,61.07
2024-01-06 22:00:00,61.07
2024-01-06 23:00:00,61.07
2024-01-07 00:00:00,61.07
2024-01-07 01:00:00,61.07
2024-01-07 02:00:00,61.07
2024-01-07 03:00:00,61.07
2024-01-07 04:00:00,61.07
2024-01-07 05:00:00,61.07
2024-01-07 06:00:00,61.07
2024-01-07 07:00:00,61.07
2024-01-07 08:00:00,61.07
2024-01-07 09:00:00,61.07
2024-01-07 10:00:00,61.07
2024-01-07 11:00:00,61.07
2024-01-07 12:00:00,61.07
2024-01-07 13:00:00,61.07
2024-01-07 14:00:00,61.07
2024-01-07 15:00:00,61.07
2024-01-07 16:00:00,61.07
2024-01-07 17:00:00,61.07
2024-01-07 18:00:00,61.07
2024-01-07 19:00:00,61.07
2024-01-07 20:00:00,61.07
2024-01-07 21:00:00,61.07
2024-01-07 22:00:00,61.07
2024-01-07 23:00:00,61.07
2024-01-08 00:00:00,61.07
2024-01-08 01:00:00,61.07
2024-01-08 02:00:00,61.07
2024-01-08 03:00:00,61.07
2024-01-08 04:00:00,61.07
2024-01-08 05:00:00,61.07
2024-01-08 06:00:00,61.07
2024-01-08 07:00:00,61.07
2024-01-08 08:00:00,61.07
2024-01-08 09:00:00,61.07
2024-01-08 10:00:00,61.07
2024-01-08 11:00:00,61.07
2024-01-08 12:00:00,61.07
2024-01-08 13:00:00,61.07
2024-01-08 14:00:00,61.07
2024-01-08 15:00:00,61.07
2024-01-08 16:00:00,61.07
2024-01-08 17:00:00,61.07
2024-01-08 18:00:00,61.07
2024-01-08 19:00:00,61.07
2024-01-08 20:00:00,61.07
2024-01-08 21:00:00,61.07
2024-01-08 22:00:00,61.07
2024-01-08 23:00:00,61.07
2024-01-09 00:00:00,61.07
2024-01-09 01:00:00,61.07
2024-01-09 02:00:00,61.07
2024-01-09 03:00:00,61.07
2024-01-09 04:00:00,61.07
2024-01-09 05:00:00,61.07
2024-01-09 06:00:00,61.07
2024-01-09 07:00:00,61.07
2024-01-09 08:00:00,61.07
2024-01-09 09:00:00,61.07
2024-01-09 10:00:00,61.07
2024-01-09 11:00:00,61.07
2024-01-09 12:00:00,61.07
2024-01-09 13:00:00,61.07
2024-01-09 14:00:00,61.07
2024-01-09 15:00:00,61.07
2024-01-09 16:00:00,61.07
2024-01-09 17:00:00,61.07
2024-01-09 18:00:00,61.07
2024-01-09 19:00:00,61.07
2024-01-09 20:00:00,61.07
2024-01-09 21:00:00,61.07
2024-01-09 22:00:00,61.07
2024-01-09 23:00:00,61.07
2024-01-10 00:00:00,61.07
2024-01-10 01:00:00,61.07
2024-01-10 02:00:00,61.07
2024-01-10 03:00:00,61.07
2024-01-10 04:00:00,61.07
2024-01-10 05:00:00,61.07
2024-01-10 06:00:00,61.07
2024-01-10 07:00:00,61.07
2024-01-10 08:00:00,61.07
2024-01-10 09:00:00,61.07
2024-01-10 10:00:00,61.07
2024-01-10 11:00:00,61.07
2024-01-10 12:00:00,61.07
2024-01-10 13:00:00,61.07
2024-01-10 14:00:00,61.07
2024-01-10 15:00:00,61.07
2024-01-10 16:00:00,61.07
2024-01-10 17:00:00,61.07
2024-01-10 18:00:00,61.07
2024-01-10 19:00:00,61.07
2024-01-10 20:00:00,61.07
2024-01-10 21:00:00,61.07
2024-01-10 22:00:00,61.07
2024-01-10 23:00:00,61.07
2024-01-11 00:00:00,61.07
2024-01-11 01:00:00,61.07
2024-01-11 02:00:00,61.07
2024-01-11 03:00:00,61.07
2024-01-11 04:00:00,61.07
2024-01-11 05:00:00,61.07
2024-01-11 06:00:00,61.07
2024-01-11 07:00:00,61.07
2024-01-11 08:00:00,61.07
2024-01-11 09:00:00,61.07
2024-01-11 10:00:00,61.07
2024-01-11 11:00:00,61.07
2024-01-11 12:00:00,61.07
2024-01-11 13:00:00,61.07
2024-01-11 14:00:00,61.07
2024-01-11 15:00:00,61.07
2024-01-11 16:00:00,61.07
2024-01-11 17:00:00,61.07
2024-01-11 18:00:00,61.07
2024-01-11 19:00:00,61.07
2024-01-11 20:00:00,61.07
2024-01-11 21:00:00,61.07
2024-01-11 22:00:00,61.07
2024-01-11 23:00:00,61.07
2024-01-12 00:00:00,61.07
2024-01-12 01:00:00,61.07
2024-01-12 02:00:00,61.07
2024-01-12 03:00:00,61.07
2024-01-12 04:00:00,61.07
2024-01-12 05:00:00,61.07
2024-01-12 06:00:00,61.07
2024-01-12 07:00:00,61.07
2024-01-12 08:00:00,61.07
2024-01-12 09:00:00,61.07
2024-01-12 10:00:00,61.07
2024-01-12 11:00:00,61.07
2024-01-12 12:00:00,61.07
2024-01-12 13:00:00,61.07
2024-01-12 14:00:00,61.07
2024-01-12 15:00:00,61.07
2024-01-12 16:00:00,61.07
2024-01-12 17:00:00,61.07
2024-01-12 18:00:00,61.07
2024-01-12 19:00:00,61.07
2024-01-12 20:00:00,61.07
2024-01-12 21:00:00,61.07
2024-01-12 22:00:00,61.07
2024-01-12 23:00:00,61.07
2024-01-13 00:00:00,61.07
2024-01-13 01:00:00,61.07
2024-01-13 02:00:00,61.07
2024-01-13 03:00:00,61.07
2024-01-13 04:00:00,61.07
2024-01-13 05:00:00,61.07
2024-01-13 06:00:00,61.07
2024-01-13 07:00:00,61.07
2024-01-13 08:00:00,61.07
2024-01-13 09:00:00,61.07
2024-01-13 10:00:00,61.07
2024-01-13 11:00:00,61.07
2024-01-13 12:00:00,61.07
2024-01-13 13:00:00,61.07
2024-01-13 14:00:00,61.07
2024-01-13 15:00:00,61.07
2024-01-13 16:00:00,61.07
2024-01-13 17:00:00,61.07
2024-01-13 18:00:00,61.07
2024-01-13 19:00:00,61.07
2024-01-13 20:00:00,61.07
2024-01-13 21:00:00,61.07
2024-01-13 22:00:00,61.07
2024-01-13 23:00:00,61.07
2024-01-14 00:00:00,61.07
2024-01-14 01:00:00,61.07
2024-01-14 02:00:00,61.07
2024-01-14 03:00:00,61.07
2024-01-14 04:00:00,61.07
2024-01-14 05:00:00,61.07
2024-01-14 06:00:00,61.07
2024-01-14 07:00:00,61.07
2024-01-14 08:00:00,61.07
2024-01-14 09:00:00,61.07
2024-01-14 10:00:00,61.07
2024-01-14 11:00:00,61.07
2024-01-14 12:00:00,61.07
2024-01-14 13:00:00,61.07
2024-01-14 14:00:00,61.07
2024-01-14 15:00:00,61.07
2024-01-14 16:00:00,61.07
2024-01-14 17:00:00,61.07
2024-01-14 18:00:00,61.07
2024-01-14 19:00:00,61.07
2024-01-14 20:00:00,61.07
2024-01-14 21:00:00,61.07
2024-01-14 22:00:00,61.07
2024-01-14 23:00:00,61.07
2024-01-15 00:00:00,61.07
2024-01-15 01:00:00,61.07
2024-01-15 02:00:00,61.07
2024-01-15 03:00:00,61.07
2024-01-15 04:00:00,61.07
2024-01-15 05:00:00,61.07
2024-01-15 06:00:00,61.07
2024-01-15 07:00:00,61.07
2024-01-15 08:00:00,61.07
2024-01-15 09:00:00,61.07
2024-01-15 10:00:00,61.07
2024-01-15 11:00:00,61.07
2024-01-15 12:00:00,61.07
2024-01-15 13:00:00,61.07
2024-01-15 14:00:00,61.07
2024-01-15 15:00:00,61.07
2024-01-15 16:00:00,61.07
2024-01-15 17:00:00,61.07
2024-01-15 18:00:00,61.07
2024-01-15 19:00:00,61.07
2024-01-15 20:00:00,61.07
2024-01-15 21:00:00,61.07
2024-01-15 22:00:00,61.07
2024-01-15 23:00:00,61.07
2024-01-16 00:00:00,61.07
2024-01-16 01:00:00,61.07
2024-01-16 02:00:00,61.07
2024-01-16 03:00:00,61.07
2024-01-16 04:00:00,61.07
2024-01-16 05:00:00,61.07
2024-01-16 06:00:00,61.07
2024-01-16 07:00:00,61.07
2024-01-16 08:00:00,61.07
2024-01-16 09:00:00,61.07
2024-01-16 10:00:00,61.07
2024-01-16 11:00:00,61.07
2024-01-16 12:00:00,61.07
2024-01-16 13:00:00,61.07
2024-01-16 14:00:00,61.07
2024-01-16 15:00:00,61.07
2024-01-16 16:00:00,61.07
2024-01-16 17:00:00,61.07
2024-01-16 18:00:00,61.07
2024-01-16 19:00:00,61.07
2024-01-16 20:00:00,61.07
2024-01-16 21:00:00,61.07
2024-01-16 22:00:00,61.07
2024-01-16 23:00:00,61.07
2024-01-17 00:00:00,61.07
2024-01-17 01:00:00,61.07
2024-01-17 02:00:00,61.07
2024-01-17 03:00:00,61.07
2024-01-17 04:00:00,61.07
2024-01-17 05:00:00,61.07
2024-01-17 06:00:00,61.07
2024-01-17 07:00:00,61.07
2024-01-17 08:00:00,61.07
2024-01-17 09:00:00,61.07
2024-01-17 10:00:00,61.07
2024-01-17 11:00:00,61.07
2024-01-17 12:00:00,61.07
2024-01-17 13:00:00,61.07
2024-01-17 14:00:00,61.07
2024-01-17 15:00:00,61.07
2024-01-17 16:00:00,61.07
2024-01-17 17:00:00,61.07
2024-01-17 18:00:00,61.07
2024-01-17 19:00:00,61.07
2024-01-17 20:00:00,61.07
2024-01-17 21:00:00,61.07
2024-01-17 22:00:00,61.07
2024-01-17 23:00:00,61.07
2024-01-18 00:00:00,61.07
2024-01-18 01:00:00,61.07
2024-01-18 02:00:00,61.07
2024-01-18 03:00:00,61.07
2024-01-18 04:00:00,61.07
2024-01-18 05:00:00,61.07
2024-01-18 06:00:00,61.07
2024-01-18 07:00:00,61.07
2024-01-18 08:00:00,61.07
2024-01-18 09:00:00,61.07
2024-01-18 10:00:00,61.07
2024-01-18 11:00:00,61.07
2024-01-18 12:00:00,61.07
2024-01-18 13:00:00,61.07
2024-01-18 14:00:00,61.07
2024-01-18 15:00:00,61.07
2024-01-18 16:00:00,61.07
2024-01-18 17:00:00,61.07
2024-01-18 18:00:00,61.07
2024-01-18 19:00:00,61.07
2024-01-18 20:00:00,61.07
2024-01-18 21:00:00,61.07
2024-01-18 22:00:00,61.07
2024-01-18 23:00:00,61.07
2024-01-19 00:00:00,61.07
2024-01-19 01:00:00,61.07
2024-01-19 02:00:00,61.07
2024-01-19 03:00:00,61.07
2024-01-19 04:00:00,61.07
2024-01-19 05:00:00,61.07
2024-01-19 06:00:00,61.07
2024-01-19 07:00:00,61.07
2024-01-19 08:00:00,61.07
2024-01-19 09:00:00,61.07
2024-01-19 10:00:00,61.07
2024-01-19 11:00:00,61.07
2024-01-19 12:00:00,61.07
2024-01-19 13:00:00,61.07
2024-01-19 14:00:00,61.07
2024-01-19 15:00:00,61.07
2024-01-19 16:00:00,61.07
2024-01-19 17:00:00,61.07
2024-01-19 18:00:00,61.07
2024-01-19 19:00:00,61.07
2024-01-19 20:00:00,61.07
2024-01-19 21:00:00,61.07
2024-01-19 22:00:00,61.07
2024-01-19 23:00:00,61.07
2024-01-20 00:00:00,113.72
2024-01-20 01:00:00,61.07
2024-01-20 02:00:00,61.07
2024-01-20 03:00:00,61.07
2024-01-20 04:00:00,61.07
2024-01-20 05:00:00,61.07
2024-01-20 06:00:00,61.07
2024-01-20 07:00:00,61.07
2024-01-20 08:00:00,61.07
2024-01-20 09:00:00,61.07
2024-01-20 10:00:00,61.07
2024-01-20 11:00:00,61.07
2024-01-20 12:00:00,61.07
2024-01-20 13:00:00,61.07
2024-01-20 14:00:00,61.07
2024-01-20 15:00:00,61.07
2024-01-20 16:00:00,61.07
2024-01-20 17:00:00,61.07
2024-01-20 18:00:00,61.07
2024-01-20 19:00:00,61.07
2024-01-20 20:00:00,61.07
2024-01-20 21:00:00,61.07
2024-01-20 22:00:00,61.07
2024-01-20 23:00:00,61.07
2024-01-21 00:00:00,61.07
2024-01-21 01:00:00,61.07
2024-01-21 02:00:00,61.07
2024-01-21 03:00:00,61.07
2024-01-21 04:00:00,61.07
2024-01-21 05:00:00,61.07
2024-01-21 06:00:00,61.07
2024-01-21 07:00:00,61.07
2024-01-21 08:00:00,61.07
2024-01-21 09:00:00,61.07
2024-01-21 10:00:00,61.07
2024-01-21 11:00:00,61.07
2024-01-21 12:00:00,61.07
2024-01-21 13:00:00,61.07
2024-01-21 14:00:00,61.07
2024-01-21 15:00:00,61.07
2024-01-21 16:00:00,61.07
2024-01-21 17:00:00,61.07
2024-01-21 18:00:00,61.07
2024-01-21 19:00:00,61.07
2024-01-21 20:00:00,61.07
2024-01-21 21:00:00,61.07
2024-01-21 22:00:00,61.07
2024-01-21 23:00:00,61.07
2024-01-22 00:00:00,61.07
2024-01-22 01:00:00,61.07
2024-01-22 02:00:00,61.07
2024-01-22 03:00:00,61.07
2024-01-22 04:00:00,61.07
2024-01-22 05:00:00,61.07
2024-01-22 06:00:00,61.07
2024-01-22 07:00:00,61.07
2024-01-22 08:00:00,61.07
2024-01-22 09:00:00,61.07
2024-01-22 10:00:00,61.07
2024-01-22 11:00:00,61.07
2024-01-22 12:00:00,61.07
2024-01-22 13:00:00,61.07
2024-01-22 14:00:00,61.07
2024-01-22 15:00:00,61.07
2024-01-22 16:00:00,61.07
2024-01-22 17:00:00,61.07
2024-01-22 18:00:00,61.07
2024-01-22 19:00:00,61.07
2024-01-22 20:00:00,61.07
2024-01-22 21:00:00,61.07
2024-01-22 22:00:00,61.07
2024-01-22 23:00:00,61.07
2024-01-23 00:00:00,61.07
2024-01-23 01:00:00,61.07
2024-01-23 02:00:00,61.07
2024-01-23 03:00:00,61.07
2024-01-23 04:00:00,61.07
2024-01-23 05:00:00,61.07
2024-01-23 06:00:00,61.07
2024-01-23 07:00:00,61.07
2024-01-23 08:00:00,61.07
2024-01-23 09:00:00,61.07
2024-01-23 10:00:00,61.07
2024-01-23 11:00:00,61.07
2024-01-23 12:00:00,61.07
2024-01-23 13:00:00,61.07
2024-01-23 14:00:00,61.07
2024-01-23 15:00:00,61.07
2024-01-23 16:00:00,61.07
2024-01-23 17:00:00,61.07
2024-01-23 18:00:00,61.07
2024-01-23 19:00:00,61.07
2024-01-23 20:00:00,61.07
2024-01-23 21:00:00,61.07
2024-01-23 22:00:00,61.07
2024-01-23 23:00:00,61.07
2024-01-24 00:00:00,61.07
2024-01-24 01:00:00,61.07
2024-01-24 02:00:00,61.07
2024-01-24 03:00:00,61.07
2024-01-24 04:00:00,61.07
2024-01-24 05:00:00,61.07
2024-01-24 06:00:00,61.07
2024-01-24 07:00:00,61.07
2024-01-24 08:00:00,61.07
2024-01-24 09:00:00,61.07
2024-01-24 10:00:00,61.07
2024-01-24 11:00:00,61.07
2024-01-24 12:00:00,61.07
2024-01-24 13:00:00,61.07
2024-01-24 14:00:00,61.07
2024-01-24 15:00:00,61.07
2024-01-24 16:00:00,61.07
2024-01-24 17:00:00,61.07
2024-01-24 18:00:00,61.07
2024-01-24 19:00:00,61.07
2024-01-24 20:00:00,61.07
2024-01-24 21:00:00,61.07
2024-01-24 22:00:00,61.07
2024-01-24 23:00:00,61.07
2024-01-25 00:00:00,61.07
2024-01-25 01:00:00,61.07
2024-01-25 02:00:00,61.07
2024-01-25 03:00:00,61.07
2024-01-25 04:00:00,61.07
2024-01-25 05:00:00,61.07
2024-01-25 06:00:00,61.07
2024-01-25 07:00:00,61.07
2024-01-25 08:00:00,61.07
2024-01-25 09:00:00,61.07
2024-01-25 10:00:00,61.07
2024-01-25 11:00:00,61.07
2024-01-25 12:00:00,61.07
2024-01-25 13:00:00,61.07
2024-01-25 14:00:00,61.07
2024-01-25 15:00:00,61.07
2024-01-25 16:00:00,61.07
2024-01-25 17:00:00,61.07
2024-01-25 18:00:00,61.07
2024-01-25 19:00:00,61.07
2024-01-25 20:00:00,61.07
2024-01-25 21:00:00,61.07
2024-01-25 22:00:00,61.07
2024-01-25 23:00:00,61.07
2024-01-26 00:00:00,61.07
2024-01-26 01:00:00,61.07
2024-01-26 02:00:00,61.07
2024-01-26 03:00:00,61.07
2024-01-26 04:00:00,61.07
2024-01-26 05:00:00,61.07
2024-01-26 06:00:00,61.07
2024-01-26 07:00:00,61.07
2024-01-26 08:00:00,61.07
2024-01-26 09:00:00,61.07
2024-01-26 10:00:00,61.07
2024-01-26 11:00:00,61.07
2024-01-26 12:00:00,61.07
2024-01-26 13:00:00,61.07
2024-01-26 14:00:00,61.07
2024-01-26 15:00:00,61.07
2024-01-26 16:00:00,61.07
2024-01-26 17:00:00,61.07
2024-01-26 18:00:00,61.07
2024-01-26 19:00:00,61.07
2024-01-26 20:00:00,61.07
2024-01-26 21:00:00,61.07
2024-01-26 22:00:00,61.07
2024-01-26 23:00:00,61.07
2024-01-27 00:00:00,61.07
2024-01-27 01:00:00,61.07
2024-01-27 02:00:00,61.07
2024-01-27 03:00:00,61.07
2024-01-27 04:00:00,61.07
2024-01-27 05:00:00,61.07
2024-01-27 06:00:00,61.07
2024-01-27 07:00:00,61.07
2024-01-27 08:00:00,61.07
2024-01-27 09:00:00,61.07
2024-01-27 10:00:00,61.07
2024-01-27 11:00:00,61.07
2024-01-27 12:00:00,61.07
2024-01-27 13:00:00,61.07
2024-01-27 14:00:00,61.07
2024-01-27 15:00:00,61.07
2024-01-27 16:00:00,61.07
2024-01-27 17:00:00,61.07
2024-01-27 18:00:00,61.07
2024-01-27 19:00:00,61.07
2024-01-27 20:00:00,61.07
2024-01-27 21:00:00,61.07
2024-01-27 22:00:00,61.07
2024-01-27 23:00:00,61.07
2024-01-28 00:00:00,61.07
2024-01-28 01:00:00,61.07
2024-01-28 02:00:00,61.07
2024-01-28 03:00:00,61.07
2024-01-28 04:00:00,61.07
2024-01-28 05:00:00,61.07
2024-01-28 06:00:00,61.07
2024-01-28 07:00:00,61.07
2024-01-28 08:00:00,61.07
2024-01-28 09:00:00,61.07
2024-01-28 10:00:00,61.07
2024-01-28 11:00:00,61.07
2024-01-28 12:00:00,61.07
2024-01-28 13:00:00,61.07
2024-01-28 14:00:00,61.07
2024-01-28 15:00:00,61.07
2024-01-28 16:00:00,61.07
2024-01-28 17:00:00,61.07
2024-01-28 18:00:00,61.07
2024-01-28 19:00:00,61.07
2024-01-28 20:00:00,61.07
2024-01-28 21:00:00,61.07
2024-01-28 22:00:00,61.07
2024-01-28 23:00:00,61.07
2024-01-29 00:00:00,61.07
2024-01-29 01:00:00,61.07
2024-01-29 02:00:00,61.07
2024-01-29 03:00:00,61.07
2024-01-29 04:00:00,61.07
2024-01-29 05:00:00,61.07
2024-01-29 06:00:00,61.07
2024-01-29 07:00:00,61.07
2024-01-29 08:00:00,61.07
2024-01-29 09:00:00,61.07
2024-01-29 10:00:00,61.07
2024-01-29 11:00:00,61.07
2024-01-29 12:00:00,61.07
2024-01-29 13:00:00,61.07
2024-01-29 14:00:00,61.07
2024-01-29 15:00:00,61.07
2024-01-29 16:00:00,61.07
2024-01-29 17:00:00,61.07
2024-01-29 18:00:00,61.07
2024-01-29 19:00:00,61.07
2024-01-29 20:00:00,61.07
2024-01-29 21:00:00,61.07
2024-01-29 22:00:00,61.07
2024-01-29 23:00:00,61.07
2024-01-30 00:00:00,61.07
2024-01-30 01:00:00,61.07
2024-01-30 02:00:00,61.07
2024-01-30 03:00:00,61.07
2024-01-30 04:00:00,61.07
2024-01-30 05:00:00,61.07
2024-01-30 06:00:00,61.07
2024-01-30 07:00:00,61.07
2024-01-30 08:00:00,61.07
2024-01-30 09:00:00,61.07
2024-01-30 10:00:00,61.07
2024-01-30 11:00:00,61.07
2024-01-30 12:00:00,61.07
2024-01-30 13:00:00,61.07
2024-01-30 14:00:00,61.07
2024-01-30 15:00:00,61.07
2024-01-30 16:00:00,61.07
2024-01-30 17:00:00,61.07
2024-01-30 18:00:00,61.07
2024-01-30 19:00:00,61.07
2024-01-30 20:00:00,61.07
2024-01-30 21:00:00,61.07
2024-01-30 22:00:00,61.07
2024-01-30 23:00:00,61.07
2024-01-31 00:00:00,61.07
2024-01-31 01:00:00,61.07
2024-01-31 02:00:00,61.07
2024-01-31 03:00:00,61.07
2024-01-31 04:00:00,61.07
2024-01-31 05:00:00,61.07
2024-01-31 06:00:00,61.07
2024-01-31 07:00:00,61.07
2024-01-31 08:00:00,61.07
2024-01-31 09:00:00,61.07
2024-01-31 10:00:00,61.07
2024-01-31 11:00:00,61.07
2024-01-31 12:00:00,61.07
2024-01-31 13:00:00,61.07
2024-01-31 14:00:00,61.07
2024-01-31 15:00:00,61.07
2024-01-31 16:00:00,61.07
2024-01-31 17:00:00,61.07
2024-01-31 18:00:00,61.07
2024-01-31 19:00:00,61.07
2024-01-31 20:00:00,61.07
2024-01-31 21:00:00,61.07
2024-01-31 22:00:00,61.07
2024-01-31 23:00:00,61.07
2024-02-01 00:00:00,61.07
2024-02-01 01:00:00,61.07
2024-02-01 02:00:00,61.07
2024-02-01 03:00:00,61.07
2024-02-01 04:00:00,61.07
2024-02-01 05:00:00,61.07
2024-02-01 06:00:00,61.07
2024-02-01 07:00:00,61.07
2024-02-01 08:00:00,61.07
2024-02-01 09:00:00,61.07
2024-02-01 10:00:00,61.07
2024-02-01 11:00:00,61.07
2024-02-01 12:00:00,61.07
2024-02-01 13:00:00,61.07
2024-02-01 14:00:00,61.07
2024-02-01 15:00:00,61.07
2024-02-01 16:00:00,61.07
2024-02-01 17:00:00,61.07
2024-02-01 18:00:00,61.07
2024-02-01 19:00:00,61.07
2024-02-01 20:00:00,61.07
2024-02-01 21:00:00,61.07
2024-02-01 22:00:00,61.07
2024-02-01 23:00:00,61.07
2024-02-02 00:00:00,61.07
2024-02-02 01:00:00,61.07
2024-02-02 02:00:00,61.07
2024-02-02 03:00:00,61.07
2024-02-02 04:00:00,61.07
2024-02-02 05:00:00,61.07
2024-02-02 06:00:00,61.07
2024-02-02 07:00:00,61.07
2024-02-02 08:00:00,61.07
2024-02-02 09:00:00,61.07
2024-02-02 10:00:00,61.07
2024-02-02 11:00:00,61.07
2024-02-02 12:00:00,61.07
2024-02-02 13:00:00,61.07
2024-02-02 14:00:00,61.07
2024-02-02 15:00:00,61.07
2024-02-02 16:00:00,61.07
2024-02-02 17:00:00,61.07
2024-02-02 18:00:00,61.07
2024-02-02 19:00:00,61.07
2024-02-02 20:00:00,61.07
2024-02-02 21:00:00,61.07
2024-02-02 22:00:00,61.07
2024-02-02 23:00:00,61.07
2024-02-03 00:00:00,61.07
2024-02-03 01:00:00,61.07
2024-02-03 02:00:00,61.07
2024-02-03 03:00:00,61.07
2024-02-03 04:00:00,61.07
2024-02-03 05:00:00,61.07
2024-02-03 06:00:00,61.07
2024-02-03 07:00:00,61.07
2024-02-03 08:00:00,61.07
2024-02-03 09:00:00,61.07
2024-02-03 10:00:00,61.07
2024-02-03 11:00:00,61.07
2024-02-03 12:00:00,61.07
2024-02-03 13:00:00,61.07
2024-02-03 14:00:00,61.07
2024-02-03 15:00:00,61.07
2024-02-03 16:00:00,61.07
2024-02-03 17:00:00,61.07
2024-02-03 18:00:00,61.07
2024-02-03 19:00:00,61.07
2024-02-03 20:00:00,61.07
2024-02-03 21:00:00,61.07
2024-02-03 22:00:00,61.07
2024-02-03 23:00:00,61.07
2024-02-04 00:00:00,61.07
2024-02-04 01:00:00,61.07
2024-02-04 02:00:00,61.07
2024-02-04 03:00:00,61.07
2024-02-04 04:00:00,61.07
2024-02-04 05:00:00,61.07
2024-02-04 06:00:00,61.07
2024-02-04 07:00:00,61.07
2024-02-04 08:00:00,61.07
2024-02-04 09:00:00,61.07
2024-02-04 10:00:00,61.07
2024-02-04 11:00:00,61.07
2024-02-04 12:00:00,61.07
2024-02-04 13:00:00,61.07
2024-02-04 14:00:00,61.07
2024-02-04 15:00:00,61.07
2024-02-04 16:00:00,61.07
2024-02-04 17:00:00,61.07
2024-02-04 18:00:00,61.07
2024-02-04 19:00:00,61.07
2024-02-04 20:00:00,61.07
2024-02-04 21:00:00,61.07
2024-02-04 22:00:00,61.07
2024-02-04 23:00:00,61.07
2024-02-05 00:00:00,61.07
2024-02-05 01:00:00,61.07
2024-02-05 02:00:00,61.07
2024-02-05 03:00:00,61.07
2024-02-05 04:00:00,61.07
2024-02-05 05:00:00,61.07
2024-02-05 06:00:00,61.07
2024-02-05 07:00:00,61.07
2024-02-05 08:00:00,61.07
2024-02-05 09:00:00,61.07
2024-02-05 10:00:00,61.07
2024-02-05 11:00:00,61.07
2024-02-05 12:00:00,61.07
2024-02-05 13:00:00,61.07
2024-02-05 14:00:00,61.07
2024-02-05 15:00:00,61.07
2024-02-05 16:00:00,61.07
2024-02-05 17:00:00,61.07
2024-02-05 18:00:00,61.07
2024-02-05 19:00:00,61.07
2024-02-05 20:00:00,61.07
2024-02-05 21:00:00,61.07
2024-02-05 22:00:00,61.07
2024-02-05 23:00:00,61.07
2024-02-06 00:00:00,61.07
2024-02-06 01:00:00,61.07
2024-02-06 02:00:00,61.07
2024-02-06 03:00:00,61.07
2024-02-06 04:00:00,61.07
2024-02-06 05:00:00,61.07
2024-02-06 06:00:00,61.07
2024-02-06 07:00:00,61.07
2024-02-06 08:00:00,61.07
2024-02-06 09:00:00,61.07
2024-02-06 10:00:00,61.07
2024-02-06 11:00:00,61.07
2024-02-06 12:00:00,61.07
2024-02-06 13:00:00,61.07
2024-02-06 14:00:00,61.07
2024-02-06 15:00:00,61.07
2024-02-06 16:00:00,61.07
2024-02-06 17:00:00,61.07
2024-02-06 18:00:00,61.07
2024-02-06 19:00:00,61.07
2024-02-06 20:00:00,61.07
2024-02-06 21:00:00,61.07
2024-02-06 22:00:00,61.07
2024-02-06 23:00:00,61.07
2024-02-07 00:00:00,61.07
2024-02-07 01:00:00,61.07
2024-02-07 02:00:00,61.07
2024-02-07 03:00:00,61.07
2024-02-07 04:00:00,61.07
2024-02-07 05:00:00,61.07
2024-02-07 06:00:00,61.07
2024-02-07 07:00:00,61.07
2024-02-07 08:00:00,61.07
2024-02-07 09:00:00,61.07
2024-02-07 10:00:00,61.07
2024-02-07 11:00:00,61.07
2024-02-07 12:00:00,61.07
2024-02-07 13:00:00,61.07
2024-02-07 14:00:00,61.07
2024-02-07 15:00:00,61.07
2024-02-07 16:00:00,61.07
2024-02-07 17:00:00,61.07
2024-02-07 18:00:00,61.07
2024-02-07 19:00:00,61.07
2024-02-07 20:00:00,61.07
2024-02-07 21:00:00,61.07
2024-02-07 22:00:00,61.07
2024-02-07 23:00:00,61.07
2024-02-08 00:00:00,61.07
2024-02-08 01:00:00,61.07
2024-02-08 02:00:00,61.07
2024-02-08 03:00:00,61.07
2024-02-08 04:00:00,61.07
2024-02-08 05:00:00,61.07
2024-02-08 06:00:00,61.07
2024-02-08 07:00:00,61.07
2024-02-08 08:00:00,61.07
2024-02-08 09:00:00,61.07
2024-02-08 10:00:00,61.07
2024-02-08 11:00:00,61.07
2024-02-08 12:00:00,61.07
2024-02-08 13:00:00,61.07
2024-02-08 14:00:00,61.07
2024-02-08 15:00:00,61.07
2024-02-08 16:00:00,61.07
2024-02-08 17:00:00,61.07
2024-02-08 18:00:00,61.07
2024-02-08 19:00:00,61.07
2024-02-08 20:00:00,61.07
2024-02-08 21:00:00,61.07
2024-02-08 22:00:00,61.07
2024-02-08 23:00:00,61.07
2024-02-09 00:00:00,61.07
2024-02-09 01:00:00,61.07
2024-02-09 02:00:00,61.07
2024-02-09 03:00:00,61.07
2024-02-09 04:00:00,61.07
2024-02-09 05:00:00,61.07
2024-02-09 06:00:00,61.07
2024-02-09 07:00:00,61.07
2024-02-09 08:00:00,61.07
2024-02-09 09:00:00,61.07
2024-02-09 10:00:00,61.07
2024-02-09 11:00:00,61.07
2024-02-09 12:00:00,61.07
2024-02-09 13:00:00,61.07
2024-02-09 14:00:00,61.07
2024-02-09 15:00:00,61.07
2024-02-09 16:00:00,61.07
2024-02-09 17:00:00,61.07
2024-02-09 18:00:00,61.07
2024-02-09 19:00:00,61.07
2024-02-09 20:00:00,61.07
2024-02-09 21:00:00,61.07
2024-02-09 22:00:00,61.07
2024-02-09 23:00:00,61.07
2024-02-10 00:00:00,61.07
2024-02-10 01:00:00,61.07
2024-02-10 02:00:00,61.07
2024-02-10 03:00:00,61.07
2024-02-10 04:00:00,61.07
2024-02-10 05:00:00,61.07
2024-02-10 06:00:00,61.07
2024-02-10 07:00:00,61.07
2024-02-10 08:00:00,61.07
2024-02-10 09:00:00,61.07
2024-02-10 10:00:00,61.07
2024-02-10 11:00:00,61.07
2024-02-10 12:00:00,61.07
2024-02-10 13:00:00,61.07
2024-02-10 14:00:00,61.07
2024-02-10 15:00:00,61.07
2024-02-10 16:00:00,61.07
2024-02-10 17:00:00,61.07
2024-02-10 18:00:00,61.07
2024-02-10 19:00:00,61.07
2024-02-10 20:00:00,61.07
2024-02-10 21:00:00,61.07
2024-02-10 22:00:00,61.07
2024-02-10 23:00:00,61.07
2024-02-11 00:00:00,61.07
2024-02-11 01:00:00,61.07
2024-02-11 02:00:00,61.07
2024-02-11 03:00:00,61.07
2024-02-11 04:00:00,61.07
2024-02-11 05:00:00,61.07
2024-02-11 06:00:00,61.07
2024-02-11 07:00:00,61.07
2024-02-11 08:00:00,61.07
2024-02-11 09:00:00,61.07
2024-02-11 10:00:00,61.07
2024-02-11 11:00:00,61.07
2024-02-11 12:00:00,61.07
2024-02-11 13:00:00,61.07
2024-02-11 14:00:00,61.07
2024-02-11 15:00:00,61.07
2024-02-11 16:00:00,61.07
2024-02-11 17:00:00,61.07
2024-02-11 18:00:00,61.07
2024-02-11 19:00:00,61.07
2024-02-11 20:00:00,61.07
2024-02-11 21:00:00,61.07
2024-02-11 22:00:00,61.07
2024-02-11 23:00:00,61.07
2024-02-12 00:00:00,61.07
2024-02-12 01:00:00,61.07
2024-02-12 02:00:00,61.07
2024-02-12 03:00:00,61.07
2024-02-12 04:00:00,61.07
2024-02-12 05:00:00,61.07
2024-02-12 06:00:00,61.07
2024-02-12 07:00:00,61.07
2024-02-12 08:00:00,61.07
2024-02-12 09:00:00,61.07
2024-02-12 10:00:00,61.07
2024-02-12 11:00:00,61.07
2024-02-12 12:00:00,61.07
2024-02-12 13:00:00,61.07
2024-02-12 14:00:00,61.07
2024-02-12 15:00:00,61.07
2024-02-12 16:00:00,61.07
2024-02-12 17:00:00,61.07
2024-02-12 18:00:00,61.07
2024-02-12 19:00:00,61.07
2024-02-12 20:00:00,61.07
2024-02-12 21:00:00,61.07
2024-02-12 22:00:00,61.07
2024-02-12 23:00:00,61.07
2024-02-13 00:00:00,61.07
2024-02-13 01:00:00,61.07
2024-02-13 02:00:00,61.07
2024-02-13 03:00:00,61.07
2024-02-13 04:00:00,61.07
2024-02-13 05:00:00,61.07
2024-02-13 06:00:00,61.07
2024-02-13 07:00:00,61.07
2024-02-13 08:00:00,61.07
2024-02-13 09:00:00,61.07
2024-02-13 10:00:00,61.07
2024-02-13 11:00:00,61.07
2024-02-13 12:00:00,61.07
2024-02-13 13:00:00,61.07
2024-02-13 14:00:00,61.07
2024-02-13 15:00:00,61.07
2024-02-13 16:00:00,61.07
2024-02-13 17:00:00,61.07
2024-02-13 18:00:00,61.07
2024-02-13 19:00:00,61.07
2024-02-13 20:00:00,61.07
2024-02-13 21:00:00,61.07
2024-02-13 22:00:00,61.07
2024-02-13 23:00:00,61.07
2024-02-14 00:00:00,61.07
2024-02-14 01:00:00,61.07
2024-02-14 02:00:00,61.07
2024-02-14 03:00:00,61.07
2024-02-14 04:00:00,61.07
2024-02-14 05:00:00,61.07
2024-02-14 06:00:00,61.07
2024-02-14 07:00:00,61.07
2024-02-14 08:00:00,61.07
2024-02-14 09:00:00,61.07
2024-02-14 10:00:00,61.07
2024-02-14 11:00:00,61.07
2024-02-14 12:00:00,61.07
2024-02-14 13:00:00,61.07
2024-02-14 14:00:00,61.07
2024-02-14 15:00:00,61.07
2024-02-14 16:00:00,61.07
2024-02-14 17:00:00,61.07
2024-02-14 18:00:00,61.07
2024-02-14 19:00:00,61.07
2024-02-14 20:00:00,61.07
2024-02-14 21:00:00,61.07
2024-02-14 22:00:00,61.07
2024-02-14 23:00:00,61.07
2024-02-15 00:00:00,61.07
2024-02-15 01:00:00,61.07
2024-02-15 02:00:00,61.07
2024-02-15 03:00:00,61.07
2024-02-15 04:00:00,61.07
2024-02-15 05:00:00,61.07
2024-02-15 06:00:00,61.07
2024-02-15 07:00:00,61.07
2024-02-15 08:00:00,61.07
2024-02-15 09:00:00,61.07
2024-02-15 10:00:00,61.07
2024-02-15 11:00:00,61.07
2024-02-15 12:00:00,61.07
2024-02-15 13:00:00,61.07
2024-02-15 14:00:00,61.07
2024-02-15 15:00:00,61.07
2024-02-15 16:00:00,61.07
2024-02-15 17:00:00,61.07
2024-02-15 18:00:00,61.07
2024-02-15 19:00:00,61.07
2024-02-15 20:00:00,61.07
2024-02-15 21:00:00,61.07
2024-02-15 22:00:00,61.07
2024-02-15 23:00:00,61.07
2024-02-16 00:00:00,61.07
2024-02-16 01:00:00,61.07
2024-02-16 02:00:00,61.07
2024-02-16 03:00:00,61.07
2024-02-16 04:00:00,61.07
2024-02-16 05:00:00,61.07
2024-02-16 06:00:00,61.07
2024-02-16 07:00:00,61.07
2024-02-16 08:00:00,61.07
2024-02-16 09:00:00,61.07
2024-02-16 10:00:00,61.07
2024-02-16 11:00:00,61.07
2024-02-16 12:00:00,61.07
2024-02-16 13:00:00,61.07
2024-02-16 14:00:00,61.07
2024-02-16 15:00:00,61.07
2024-02-16 16:00:00,61.07
2024-02-16 17:00:00,61.07
2024-02-16 18:00:00,61.07
2024-02-16 19:00:00,61.07
2024-02-16 20:00:00,61.07
2024-02-16 21:00:00,61.07
2024-02-16 22:00:00,61.07
2024-02-16 23:00:00,61.07
2024-02-17 00:00:00,61.07
2024-02-17 01:00:00,61.07
2024-02-17 02:00:00,61.07
2024-02-17 03:00:00,61.07
2024-02-17 04:00:00,61.07
2024-02-17 05:00:00,61.07
2024-02-17 06:00:00,61.07
2024-02-17 07:00:00,61.07
2024-02-17 08:00:00,61.07
2024-02-17 09:00:00,61.07
2024-02-17 10:00:00,61.07
2024-02-17 11:00:00,61.07
2024-02-17 12:00:00,61.07
2024-02-17 13:00:00,61.07
2024-02-17 14:00:00,61.07
2024-02-17 15:00:00,61.07
2024-02-17 16:00:00,61.07
2024-02-17 17:00:00,61.07
2024-02-17 18:00:00,61.07
2024-02-17 19:00:00,61.07
2024-02-17 20:00:00,61.07
2024-02-17 21:00:00,61.07
2024-02-17 22:00:00,61.07
2024-02-17 23:00:00,61.07
2024-02-18 00:00:00,61.07
2024-02-18 01:00:00,61.07
2024-02-18 02:00:00,61.07
2024-02-18 03:00:00,61.07
2024-02-18 04:00:00,61.07
2024-02-18 05:00:00,61.07
2024-02-18 06:00:00,61.07
2024-02-18 07:00:00,61.07
2024-02-18 08:00:00,61.07
2024-02-18 09:00:00,61.07
2024-02-18 10:00:00,61.07
2024-02-18 11:00:00,61.07
2024-02-18 12:00:00,61.07
2024-02-18 13:00:00,61.07
2024-02-18 14:00:00,61.07
2024-02-18 15:00:00,61.07
2024-02-18 16:00:00,61.07
2024-02-18 17:00:00,61.07
2024-02-18 18:00:00,61.07
2024-02-18 19:00:00,61.07
2024-02-18 20:00:00,61.07
2024-02-18 21:00:00,61.07
2024-02-18 22:00:00,61.07
2024-02-18 23:00:00,61.07
2024-02-19 00:00:00,61.07
2024-02-19 01:00:00,61.07
2024-02-19 02:00:00,61.07
2024-02-19 03:00:00,61.07
2024-02-19 04:00:00,61.07
2024-02-19 05:00:00,61.07
2024-02-19 06:00:00,61.07
2024-02-19 07:00:00,61.07
2024-02-19 08:00:00,61.07
2024-02-19 09:00:00,61.07
2024-02-19 10:00:00,61.07
2024-02-19 11:00:00,61.07
2024-02-19 12:00:00,61.07
2024-02-19 13:00:00,61.07
2024-02-19 14:00:00,61.07
2024-02-19 15:00:00,61.07
2024-02-19 16:00:00,61.07
2024-02-19 17:00:00,61.07
2024-02-19 18:00:00,61.07
2024-02-19 19:00:00,61.07
2024-02-19 20:00:00,61.07
2024-02-19 21:00:00,61.07
2024-02-19 22:00:00,61.07
2024-02-19 23:00:00,61.07
2024-02-20 00:00:00,61.07
2024-02-20 01:00:00,61.07
2024-02-20 02:00:00,61.07
2024-02-20 03:00:00,61.07
2024-02-20 04:00:00,61.07
2024-02-20 05:00:00,61.07
2024-02-20 06:00:00,61.07
2024-02-20 07:00:00,61.07
2024-02-20 08:00:00,61.07
2024-02-20 09:00:00,61.07
2024-02-20 10:00:00,61.07
2024-02-20 11:00:00,61.07
2024-02-20 12:00:00,61.07
2024-02-20 13:00:00,61.07
2024-02-20 14:00:00,61.07
2024-02-20 15:00:00,61.07
2024-02-20 16:00:00,61.07
2024-02-20 17:00:00,61.07
2024-02-20 18:00:00,61.07
2024-02-20 19:00:00,61.07
2024-02-20 20:00:00,61.07
2024-02-20 21:00:00,61.07
2024-02-20 22:00:00,61.07
2024-02-20 23:00:00,61.07
2024-02-21 00:00:00,61.07
2024-02-21 01:00:00,61.07
2024-02-21 02:00:00,61.07
2024-02-21 03:00:00,61.07
2024-02-21 04:00:00,61.07
2024-02-21 05:00:00,61.07
2024-02-21 06:00:00,61.07
2024-02-21 07:00:00,61.07
2024-02-21 08:00:00,61.07
2024-02-21 09:00:00,61.07
2024-02-21 10:00:00,61.07
2024-02-21 11:00:00,61.07
2024-02-21 12:00:00,61.07
2024-02-21 13:00:00,61.07
2024-02-21 14:00:00,61.07
2024-02-21 15:00:00,61.07
2024-02-21 16:00:00,61.07
2024-02-21 17:00:00,61.07
2024-02-21 18:00:00,61.07
2024-02-21 19:00:00,61.07
2024-02-21 20:00:00,61.07
2024-02-21 21:00:00,61.07
2024-02-21 22:00:00,61.07
2024-02-21 23:00:00,61.07
2024-02-22 00:00:00,61.07
2024-02-22 01:00:00,61.07
2024-02-22 02:00:00,61.07
2024-02-22 03:00:00,61.07
2024-02-22 04:00:00,61.07
2024-02-22 05:00:00,61.07
2024-02-22 06:00:00,61.07
2024-02-22 07:00:00,61.07
2024-02-22 08:00:00,61.07
2024-02-22 09:00:00,61.07
2024-02-22 10:00:00,61.07
2024-02-22 11:00:00,61.07
2024-02-22 12:00:00,61.07
2024-02-22 13:00:00,61.07
2024-02-22 14:00:00,61.07
2024-02-22 15:00:00,61.07
2024-02-22 16:00:00,61.07
2024-02-22 17:00:00,61.07
2024-02-22 18:00:00,61.07
2024-02-22 19:00:00,61.07
2024-02-22 20:00:00,61.07
2024-02-22 21:00:00,61.07
2024-02-22 22:00:00,61.07
2024-02-22 23:00:00,61.07
2024-02-23 00:00:00,61.07
2024-02-23 01:00:00,61.07
2024-02-23 02:00:00,61.07
2024-02-23 03:00:00,61.07
2024-02-23 04:00:00,61.07
2024-02-23 05:00:00,61.07
2024-02-23 06:00:00,61.07
2024-02-23 07:00:00,61.07
2024-02-23 08:00:00,61.07
2024-02-23 09:00:00,61.07
2024-02-23 10:00:00,61.07
2024-02-23 11:00:00,61.07
2024-02-23 12:00:00,61.07
2024-02-23 13:00:00,61.07
2024-02-23 14:00:00,61.07
2024-02-23 15:00:00,61.07
2024-02-23 16:00:00,61.07
2024-02-23 17:00:00,61.07
2024-02-23 18:00:00,61.07
2024-02-23 19:00:00,61.07
2024-02-23 20:00:00,61.07
2024-02-23 21:00:00,61.07
2024-02-23 22:00:00,61.07
2024-02-23 23:00:00,61.07
2024-02-24 00:00:00,61.07
2024-02-24 01:00:00,61.07
2024-02-24 02:00:00,61.07
2024-02-24 03:00:00,61.07
2024-02-24 04:00:00,61.07
2024-02-24 05:00:00,61.07
2024-02-24 06:00:00,61.07
2024-02-24 07:00:00,61.07
2024-02-24 08:00:00,61.07
2024-02-24 09:00:00,61.07
2024-02-24 10:00:00,61.07
2024-02-24 11:00:00,61.07
2024-02-24 12:00:00,61.07
2024-02-24 13:00:00,61.07
2024-02-24 14:00:00,61.07
2024-02-24 15:00:00,61.07
2024-02-24 16:00:00,61.07
2024-02-24 17:00:00,61.07
2024-02-24 18:00:00,61.07
2024-02-24 19:00:00,61.07
2024-02-24 20:00:00,61.07
2024-02-24 21:00:00,61.07
2024-02-24 22:00:00,61.07
2024-02-24 23:00:00,61.07
2024-02-25 00:00:00,61.07
2024-02-25 01:00:00,61.07
2024-02-25 02:00:00,61.07
2024-02-25 03:00:00,61.07
2024-02-25 04:00:00,61.07
2024-02-25 05:00:00,61.07
2024-02-25 06:00:00,61.07
2024-02-25 07:00:00,61.07
2024-02-25 08:00:00,61.07
2024-02-25 09:00:00,61.07
2024-02-25 10:00:00,61.07
2024-02-25 11:00:00,61.07
2024-02-25 12:00:00,61.07
2024-02-25 13:00:00,61.07
2024-02-25 14:00:00,61.07
2024-02-25 15:00:00,61.07
2024-02-25 16:00:00,61.07
2024-02-25 17:00:00,61.07
2024-02-25 18:00:00,61.07
2024-02-25 19:00:00,61.07
2024-02-25 20:00:00,61.07
2024-02-25 21:00:00,61.07
2024-02-25 22:00:00,61.07
2024-02-25 23:00:00,61.07
2024-02-26 00:00:00,61.07
2024-02-26 01:00:00,61.07
2024-02-26 02:00:00,61.07
2024-02-26 03:00:00,61.07
2024-02-26 04:00:00,61.07
2024-02-26 05:00:00,61.07
2024-02-26 06:00:00,61.07
2024-02-26 07:00:00,61.07
2024-02-26 08:00:00,61.07
2024-02-26 09:00:00,61.07
2024-02-26 10:00:00,61.07
2024-02-26 11:00:00,61.07
2024-02-26 12:00:00,61.07
2024-02-26 13:00:00,61.07
2024-02-26 14:00:00,61.07
2024-02-26 15:00:00,61.07
2024-02-26 16:00:00,61.07
2024-02-26 17:00:00,61.07
2024-02-26 18:00:00,61.07
2024-02-26 19:00:00,61.07
2024-02-26 20:00:00,61.07
2024-02-26 21:00:00,61.07
2024-02-26 22:00:00,61.07
2024-02-26 23:00:00,61.07
2024-02-27 00:00:00,61.07
2024-02-27 01:00:00,61.07
2024-02-27 02:00:00,61.07
2024-02-27 03:00:00,61.07
2024-02-27 04:00:00,61.07
2024-02-27 05:00:00,61.07
2024-02-27 06:00:00,61.07
2024-02-27 07:00:00,61.07
2024-02-27 08:00:00,61.07
2024-02-27 09:00:00,61.07
2024-02-27 10:00:00,61.07
2024-02-27 11:00:00,61.07
2024-02-27 12:00:00,61.07
2024-02-27 13:00:00,61.07
2024-02-27 14:00:00,61.07
2024-02-27 15:00:00,61.07
2024-02-27 16:00:00,61.07
2024-02-27 17:00:00,61.07
2024-02-27 18:00:00,61.07
2024-02-27 19:00:00,61.07
2024-02-27 20:00:00,61.07
2024-02-27 21:00:00,61.07
2024-02-27 22:00:00,61.07
2024-02-27 23:00:00,61.07
2024-02-28 00:00:00,61.07
2024-02-28 01:00:00,61.07
2024-02-28 02:00:00,61.07
2024-02-28 03:00:00,61.07
2024-02-28 04:00:00,61.07
2024-02-28 05:00:00,61.07
2024-02-28 06:00:00,61.07
2024-02-28 07:00:00,61.07
2024-02-28 08:00:00,61.07
2024-02-28 09:00:00,61.07
2024-02-28 10:00:00,61.07
2024-02-28 11:00:00,61.07
2024-02-28 12:00:00,61.07
2024-02-28 13:00:00,61.07
2024-02-28 14:00:00,61.07
2024-02-28 15:00:00,61.07
2024-02-28 16:00:00,61.07
2024-02-28 17:00:00,61.07
2024-02-28 18:00:00,61.07
2024-02-28 19:00:00,61.07
2024-02-28 20:00:00,61.07
2024-02-28 21:00:00,61.07
2024-02-28 22:00:00,61.07
2024-02-28 23:00:00,61.07
2024-02-29 00:00:00,61.07
2024-02-29 01:00:00,61.07
2024-02-29 02:00:00,61.07
2024-02-29 03:00:00,61.07
2024-02-29 04:00:00,61.07
2024-02-29 05:00:00,61.07
2024-02-29 06:00:00,61.07
2024-02-29 07:00:00,61.07
2024-02-29 08:00:00,61.07
2024-02-29 09:00:00,61.07
2024-02-29 10:00:00,61.07
2024-02-29 11:00:00,61.07
2024-02-29 12:00:00,61.07
2024-02-29 13:00:00,61.07
2024-02-29 14:00:00,61.07
2024-02-29 15:00:00,61.07
2024-02-29 16:00:00,61.07
2024-02-29 17:00:00,61.07
2024-02-29 18:00:00,61.07
2024-02-29 19:00:00,149.9
2024-02-29 20:00:00,61.07
2024-02-29 21:00:00,61.07
2024-02-29 22:00:00,61.07
2024-02-29 23:00:00,61.07
2024-03-01 00:00:00,61.07
2024-03-01 01:00:00,61.07
2024-03-01 02:00:00,61.07
2024-03-01 03:00:00,61.07
2024-03-01 04:00:00,61.07
2024-03-01 05:00:00,61.07
2024-03-01 06:00:00,61.07
2024-03-01 07:00:00,61.07
2024-03-01 08:00:00,61.07
2024-03-01 09:00:00,61.07
2024-03-01 10:00:00,61.07
2024-03-01 11:00:00,61.07
2024-03-01 12:00:00,61.07
2024-03-01 13:00:00,61.07
2024-03-01 14:00:00,61.07
2024-03-01 15:00:00,61.07
2024-03-01 16:00:00,61.07
2024-03-01 17:00:00,61.07
2024-03-01 18:00:00,61.07
2024-03-01 19:00:00,61.07
2024-03-01 20:00:00,61.07
2024-03-01 21:00:00,61.07
2024-03-01 22:00:00,61.07
2024-03-01 23:00:00,61.07
2024-03-02 00:00:00,61.07
2024-03-02 01:00:00,61.07
2024-03-02 02:00:00,61.07
2024-03-02 03:00:00,61.07
2024-03-02 04:00:00,61.07
2024-03-02 05:00:00,61.07
2024-03-02 06:00:00,61.07
2024-03-02 07:00:00,61.07
2024-03-02 08:00:00,61.07
2024-03-02 09:00:00,61.07
2024-03-02 10:00:00,61.07
2024-03-02 11:00:00,61.07
2024-03-02 12:00:00,61.07
2024-03-02 13:00:00,61.07
2024-03-02 14:00:00,61.07
2024-03-02 15:00:00,61.07
2024-03-02 16:00:00,61.07
2024-03-02 17:00:00,61.07
2024-03-02 18:00:00,61.07
2024-03-02 19:00:00,61.07
2024-03-02 20:00:00,61.07
2024-03-02 21:00:00,61.07
2024-03-02 22:00:00,61.07
2024-03-02 23:00:00,61.07
2024-03-03 00:00:00,61.07
2024-03-03 01:00:00,61.07
2024-03-03 02:00:00,61.07
2024-03-03 03:00:00,61.07
2024-03-03 04:00:00,61.07
2024-03-03 05:00:00,61.07
2024-03-03 06:00:00,61.07
2024-03-03 07:00:00,61.07
2024-03-03 08:00:00,61.07
2024-03-03 09:00:00,61.07
2024-03-03 10:00:00,61.07
2024-03-03 11:00:00,61.07
2024-03-03 12:00:00,61.07
2024-03-03 13:00:00,61.07
2024-03-03 14:00:00,61.07
2024-03-03 15:00:00,61.07
2024-03-03 16:00:00,61.07
2024-03-03 17:00:00,61.07
2024-03-03 18:00:00,61.07
2024-03-03 19:00:00,61.07
2024-03-03 20:00:00,61.07
2024-03-03 21:00:00,61.07
2024-03-03 22:00:00,61.07
2024-03-03 23:00:00,61.07
2024-03-04 00:00:00,61.07
2024-03-04 01:00:00,61.07
2024-03-04 02:00:00,61.07
2024-03-04 03:00:00,61.07
2024-03-04 04:00:00,61.07
2024-03-04 05:00:00,61.07
2024-03-04 06:00:00,61.07
2024-03-04 07:00:00,61.07
2024-03-04 08:00:00,61.07
2024-03-04 09:00:00,61.07
2024-03-04 10:00:00,61.07
2024-03-04 11:00:00,61.07
2024-03-04 12:00:00,61.07
2024-03-04 13:00:00,61.07
2024-03-04 14:00:00,61.07
2024-03-04 15:00:00,61.07
2024-03-04 16:00:00,61.07
2024-03-04 17:00:00,61.07
2024-03-04 18:00:00,61.07
2024-03-04 19:00:00,61.07
2024-03-04 20:00:00,61.07
2024-03-04 21:00:00,61.07
2024-03-04 22:00:00,61.07
2024-03-04 23:00:00,61.07
2024-03-05 00:00:00,61.07
2024-03-05 01:00:00,61.07
2024-03-05 02:00:00,61.07
2024-03-05 03:00:00,61.07
2024-03-05 04:00:00,61.07
2024-03-05 05:00:00,61.07
2024-03-05 06:00:00,61.07
2024-03-05 07:00:00,61.07
2024-03-05 08:00:00,61.07
2024-03-05 09:00:00,61.07
2024-03-05 10:00:00,61.07
2024-03-05 11:00:00,61.07
2024-03-05 12:00:00,61.07
2024-03-05 13:00:00,61.07
2024-03-05 14:00:00,61.07
2024-03-05 15:00:00,61.07
2024-03-05 16:00:00,61.07
2024-03-05 17:00:00,61.07
2024-03-05 18:00:00,61.07
2024-03-05 19:00:00,61.07
2024-03-05 20:00:00,61.07
2024-03-05 21:00:00,61.07
2024-03-05 22:00:00,61.07
2024-03-05 23:00:00,61.07
2024-03-06 00:00:00,61.07
2024-03-06 01:00:00,61.07
2024-03-06 02:00:00,61.07
2024-03-06 03:00:00,61.07
2024-03-06 04:00:00,61.07
2024-03-06 05:00:00,61.07
2024-03-06 06:00:00,61.07
2024-03-06 07:00:00,61.07
2024-03-06 08:00:00,61.07
2024-03-06 09:00:00,61.07
2024-03-06 10:00:00,61.07
2024-03-06 11:00:00,61.07
2024-03-06 12:00:00,61.07
2024-03-06 13:00:00,61.07
2024-03-06 14:00:00,61.07
2024-03-06 15:00:00,61.07
2024-03-06 16:00:00,61.07
2024-03-06 17:00:00,61.07
2024-03-06 18:00:00,61.07
2024-03-06 19:00:00,61.07
2024-03-06 20:00:00,61.07
2024-03-06 21:00:00,61.07
2024-03-06 22:00:00,61.07
2024-03-06 23:00:00,61.07
2024-03-07 00:00:00,61.07
2024-03-07 01:00:00,61.07
2024-03-07 02:00:00,61.07
2024-03-07 03:00:00,61.07
2024-03-07 04:00:00,61.07
2024-03-07 05:00:00,61.07
2024-03-07 06:00:00,61.07
2024-03-07 07:00:00,61.07
2024-03-07 08:00:00,61.07
2024-03-07 09:00:00,61.07
2024-03-07 10:00:00,61.07
2024-03-07 11:00:00,61.07
2024-03-07 12:00:00,61.07
2024-03-07 13:00:00,61.07
2024-03-07 14:00:00,61.07
2024-03-07 15:00:00,61.07
2024-03-07 16:00:00,61.07
2024-03-07 17:00:00,61.07
2024-03-07 18:00:00,61.07
2024-03-07 19:00:00,61.07
2024-03-07 20:00:00,61.07
2024-03-07 21:00:00,61.07
2024-03-07 22:00:00,61.07
2024-03-07 23:00:00,61.07
2024-03-08 00:00:00,61.07
2024-03-08 01:00:00,61.07
2024-03-08 02:00:00,61.07
2024-03-08 03:00:00,61.07
2024-03-08 04:00:00,61.07
2024-03-08 05:00:00,61.07
2024-03-08 06:00:00,61.07
2024-03-08 07:00:00,61.07
2024-03-08 08:00:00,61.07
2024-03-08 09:00:00,61.07
2024-03-08 10:00:00,61.07
2024-03-08 11:00:00,61.07
2024-03-08 12:00:00,61.07
2024-03-08 13:00:00,61.07
2024-03-08 14:00:00,61.07
2024-03-08 15:00:00,61.07
2024-03-08 16:00:00,61.07
2024-03-08 17:00:00,61.07
2024-03-08 18:00:00,61.07
2024-03-08 19:00:00,61.07
2024-03-08 20:00:00,61.07
2024-03-08 21:00:00,61.07
2024-03-08 22:00:00,61.07
2024-03-08 23:00:00,61.07
2024-03-09 00:00:00,61.07
2024-03-09 01:00:00,61.07
2024-03-09 02:00:00,61.07
2024-03-09 03:00:00,61.07
2024-03-09 04:00:00,61.07
2024-03-09 05:00:00,61.07
2024-03-09 06:00:00,61.07
2024-03-09 07:00:00,61.07
2024-03-09 08:00:00,61.07
2024-03-09 09:00:00,61.07
2024-03-09 10:00:00,61.07
2024-03-09 11:00:00,61.07
2024-03-09 12:00:00,61.07
2024-03-09 13:00:00,61.07
2024-03-09 14:00:00,61.07
2024-03-09 15:00:00,61.07
2024-03-09 16:00:00,61.07
2024-03-09 17:00:00,61.07
2024-03-09 18:00:00,61.07
2024-03-09 19:00:00,61.07
2024-03-09 20:00:00,61.07
2024-03-09 21:00:00,61.07
2024-03-09 22:00:00,61.07
2024-03-09 23:00:00,61.07
2024-03-10 00:00:00,61.07
2024-03-10 01:00:00,61.07
2024-03-10 02:00:00,61.07
2024-03-10 03:00:00,61.07
2024-03-10 04:00:00,61.07
2024-03-10 05:00:00,61.07
2024-03-10 06:00:00,61.07
2024-03-10 07:00:00,61.07
2024-03-10 08:00:00,61.07
2024-03-10 09:00:00,61.07
2024-03-10 10:00:00,61.07
2024-03-10 11:00:00,61.07
2024-03-10 12:00:00,61.07
2024-03-10 13:00:00,61.07
2024-03-10 14:00:00,61.07
2024-03-10 15:00:00,61.07
2024-03-10 16:00:00,61.07
2024-03-10 17:00:00,61.07
2024-03-10 18:00:00,61.07
2024-03-10 19:00:00,61.07
2024-03-10 20:00:00,61.07
2024-03-10 21:00:00,61.07
2024-03-10 22:00:00,61.07
2024-03-10 23:00:00,61.07
2024-03-11 00:00:00,61.07
2024-03-11 01:00:00,61.07
2024-03-11 02:00:00,61.07
2024-03-11 03:00:00,61.07
2024-03-11 04:00:00,61.07
2024-03-11 05:00:00,61.07
2024-03-11 06:00:00,61.07
2024-03-11 07:00:00,61.07
2024-03-11 08:00:00,61.07
2024-03-11 09:00:00,61.07
2024-03-11 10:00:00,61.07
2024-03-11 11:00:00,61.07
2024-03-11 12:00:00,61.07
2024-03-11 13:00:00,61.07
2024-03-11 14:00:00,61.07
2024-03-11 15:00:00,61.07
2024-03-11 16:00:00,61.07
2024-03-11 17:00:00,61.07
2024-03-11 18:00:00,61.07
2024-03-11 19:00:00,61.07
2024-03-11 20:00:00,61.07
2024-03-11 21:00:00,61.07
2024-03-11 22:00:00,61.07
2024-03-11 23:00:00,61.07
2024-03-12 00:00:00,61.07
2024-03-12 01:00:00,61.07
2024-03-12 02:00:00,61.07
2024-03-12 03:00:00,61.07
2024-03-12 04:00:00,61.07
2024-03-12 05:00:00,61.07
2024-03-12 06:00:00,61.07
2024-03-12 07:00:00,61.07
2024-03-12 08:00:00,61.07
2024-03-12 09:00:00,61.07
2024-03-12 10:00:00,61.07
2024-03-12 11:00:00,61.07
2024-03-12 12:00:00,61.07
2024-03-12 13:00:00,61.07
2024-03-12 14:00:00,61.07
2024-03-12 15:00:00,61.07
2024-03-12 16:00:00,61.07
2024-03-12 17:00:00,61.07
2024-03-12 18:00:00,61.07
2024-03-12 19:00:00,61.07
2024-03-12 20:00:00,61.07
2024-03-12 21:00:00,61.07
2024-03-12 22:00:00,61.07
2024-03-12 23:00:00,61.07
2024-03-13 00:00:00,61.07
2024-03-13 01:00:00,61.07
2024-03-13 02:00:00,61.07
2024-03-13 03:00:00,61.07
2024-03-13 04:00:00,61.07
2024-03-13 05:00:00,61.07
2024-03-13 06:00:00,61.07
2024-03-13 07:00:00,61.07
2024-03-13 08:00:00,61.07
2024-03-13 09:00:00,61.07
2024-03-13 10:00:00,61.07
2024-03-13 11:00:00,61.07
2024-03-13 12:00:00,61.07
2024-03-13 13:00:00,61.07
2024-03-13 14:00:00,61.07
2024-03-13 15:00:00,61.07
2024-03-13 16:00:00,61.07
2024-03-13 17:00:00,61.07
2024-03-13 18:00:00,61.07
2024-03-13 19:00:00,61.07
2024-03-13 20:00:00,61.07
2024-03-13 21:00:00,61.07
2024-03-13 22:00:00,61.07
2024-03-13 23:00:00,61.07
2024-03-14 00:00:00,61.07
2024-03-14 01:00:00,61.07
2024-03-14 02:00:00,61.07
2024-03-14 03:00:00,61.07
2024-03-14 04:00:00,61.07
2024-03-14 05:00:00,61.07
2024-03-14 06:00:00,61.07
2024-03-14 07:00:00,61.07
2024-03-14 08:00:00,61.07
2024-03-14 09:00:00,61.07
2024-03-14 10:00:00,61.07
2024-03-14 11:00:00,61.07
2024-03-14 12:00:00,61.07
2024-03-14 13:00:00,61.07
2024-03-14 14:00:00,61.07
2024-03-14 15:00:00,61.07
2024-03-14 16:00:00,61.07
2024-03-14 17:00:00,61.07
2024-03-14 18:00:00,61.07
2024-03-14 19:00:00,61.07
2024-03-14 20:00:00,61.07
2024-03-14 21:00:00,61.07
2024-03-14 22:00:00,61.07
2024-03-14 23:00:00,61.07
2024-03-15 00:00:00,61.07
2024-03-15 01:00:00,61.07
2024-03-15 02:00:00,61.07
2024-03-15 03:00:00,61.07
2024-03-15 04:00:00,61.07
2024-03-15 05:00:00,61.07
2024-03-15 06:00:00,61.07
2024-03-15 07:00:00,61.07
2024-03-15 08:00:00,61.07
2024-03-15 09:00:00,61.07
2024-03-15 10:00:00,61.07
2024-03-15 11:00:00,61.07
2024-03-15 12:00:00,61.07
2024-03-15 13:00:00,61.07
2024-03-15 14:00:00,61.07
2024-03-15 15:00:00,61.07
2024-03-15 16:00:00,61.07
2024-03-15 17:00:00,61.07
2024-03-15 18:00:00,61.07
2024-03-15 19:00:00,61.07
2024-03-15 20:00:00,61.07
2024-03-15 21:00:00,61.07
2024-03-15 22:00:00,61.07
2024-03-15 23:00:00,61.07
2024-03-16 00:00:00,61.07
2024-03-16 01:00:00,61.07
2024-03-16 02:00:00,61.07
2024-03-16 03:00:00,61.07
2024-03-16 04:00:00,61.07
2024-03-16 05:00:00,61.07
2024-03-16 06:00:00,61.07
2024-03-16 07:00:00,61.07
2024-03-16 08:00:00,61.07
2024-03-16 09:00:00,61.07
2024-03-16 10:00:00,61.07
2024-03-16 11:00:00,61.07
2024-03-16 12:00:00,61.07
2024-03-16 13:00:00,61.07
2024-03-16 14:00:00,61.07
2024-03-16 15:00:00,61.07
2024-03-16 16:00:00,61.07
2024-03-16 17:00:00,61.07
2024-03-16 18:00:00,61.07
2024-03-16 19:00:00,61.07
2024-03-16 20:00:00,61.07
2024-03-16 21:00:00,61.07
2024-03-16 22:00:00,61.07
2024-03-16 23:00:00,61.07
2024-03-17 00:00:00,61.07
2024-03-17 01:00:00,61.07
2024-03-17 02:00:00,61.07
2024-03-17 03:00:00,61.07
2024-03-17 04:00:00,61.07
2024-03-17 05:00:00,61.07
2024-03-17 06:00:00,61.07
2024-03-17 07:00:00,61.07
2024-03-17 08:00:00,61.07
2024-03-17 09:00:00,61.07
2024-03-17 10:00:00,61.07
2024-03-17 11:00:00,61.07
2024-03-17 12:00:00,61.07
2024-03-17 13:00:00,61.07
2024-03-17 14:00:00,61.07
2024-03-17 15:00:00,61.07
2024-03-17 16:00:00,61.07
2024-03-17 17:00:00,61.07
2024-03-17 18:00:00,61.07
2024-03-17 19:00:00,61.07
2024-03-17 20:00:00,61.07
2024-03-17 21:00:00,61.07
2024-03-17 22:00:00,61.07
2024-03-17 23:00:00,61.07
2024-03-18 00:00:00,61.07
2024-03-18 01:00:00,61.07
2024-03-18 02:00:00,61.07
2024-03-18 03:00:00,61.07
2024-03-18 04:00:00,61.07
2024-03-18 05:00:00,61.07
2024-03-18 06:00:00,61.07
2024-03-18 07:00:00,61.07
2024-03-18 08:00:00,61.07
2024-03-18 09:00:00,61.07
2024-03-18 10:00:00,61.07
2024-03-18 11:00:00,61.07
2024-03-18 12:00:00,61.07
2024-03-18 13:00:00,61.07
2024-03-18 14:00:00,61.07
2024-03-18 15:00:00,61.07
2024-03-18 16:00:00,61.07
2024-03-18 17:00:00,61.07
2024-03-18 18:00:00,61.07
2024-03-18 19:00:00,61.07
2024-03-18 20:00:00,61.07
2024-03-18 21:00:00,61.07
2024-03-18 22:00:00,61.07
2024-03-18 23:00:00,61.07
2024-03-19 00:00:00,61.07
2024-03-19 01:00:00,61.07
2024-03-19 02:00:00,61.07
2024-03-19 03:00:00,61.07
2024-03-19 04:00:00,61.07
2024-03-19 05:00:00,61.07
2024-03-19 06:00:00,61.07
2024-03-19 07:00:00,61.07
2024-03-19 08:00:00,61.07
2024-03-19 09:00:00,61.07
2024-03-19 10:00:00,61.07
2024-03-19 11:00:00,61.07
2024-03-19 12:00:00,61.07
2024-03-19 13:00:00,61.07
2024-03-19 14:00:00,61.07
2024-03-19 15:00:00,61.07
2024-03-19 16:00:00,61.07
2024-03-19 17:00:00,61.07
2024-03-19 18:00:00,61.07
2024-03-19 19:00:00,61.07
2024-03-19 20:00:00,61.07
2024-03-19 21:00:00,61.07
2024-03-19 22:00:00,61.07
2024-03-19 23:00:00,61.07
2024-03-20 00:00:00,61.07
2024-03-20 01:00:00,61.07
2024-03-20 02:00:00,61.07
2024-03-20 03:00:00,61.07
2024-03-20 04:00:00,61.07
2024-03-20 05:00:00,61.07
2024-03-20 06:00:00,61.07
2024-03-20 07:00:00,61.07
2024-03-20 08:00:00,61.07
2024-03-20 09:00:00,61.07
2024-03-20 10:00:00,61.07
2024-03-20 11:00:00,61.07
2024-03-20 12:00:00,61.07
2024-03-20 13:00:00,61.07
2024-03-20 14:00:00,61.07
2024-03-20 15:00:00,61.07
2024-03-20 16:00:00,61.07
2024-03-20 17:00:00,61.07
2024-03-20 18:00:00,61.07
2024-03-20 19:00:00,61.07
2024-03-20 20:00:00,61.07
2024-03-20 21:00:00,61.07
2024-03-20 22:00:00,61.07
2024-03-20 23:00:00,61.07
2024-03-21 00:00:00,61.07
2024-03-21 01:00:00,61.07
2024-03-21 02:00:00,61.07
2024-03-21 03:00:00,61.07
2024-03-21 04:00:00,61.07
2024-03-21 05:00:00,61.07
2024-03-21 06:00:00,61.07
2024-03-21 07:00:00,61.07
2024-03-21 08:00:00,61.07
2024-03-21 09:00:00,61.07
2024-03-21 10:00:00,61.07
2024-03-21 11:00:00,61.07
2024-03-21 12:00:00,61.07
2024-03-21 13:00:00,61.07
2024-03-21 14:00:00,61.07
2024-03-21 15:00:00,61.07
2024-03-21 16:00:00,61.07
2024-03-21 17:00:00,61.07
2024-03-21 18:00:00,61.07
2024-03-21 19:00:00,61.07
2024-03-21 20:00:00,61.07
2024-03-21 21:00:00,61.07
2024-03-21 22:00:00,61.07
2024-03-21 23:00:00,61.07
2024-03-22 00:00:00,61.07
2024-03-22 01:00:00,61.07
2024-03-22 02:00:00,61.07
2024-03-22 03:00:00,61.07
2024-03-22 04:00:00,61.07
2024-03-22 05:00:00,61.07
2024-03-22 06:00:00,61.07
2024-03-22 07:00:00,61.07
2024-03-22 08:00:00,61.07
2024-03-22 09:00:00,61.07
2024-03-22 10:00:00,61.07
2024-03-22 11:00:00,61.07
2024-03-22 12:00:00,61.07
2024-03-22 13:00:00,61.07
2024-03-22 14:00:00,61.07
2024-03-22 15:00:00,61.07
2024-03-22 16:00:00,61.07
2024-03-22 17:00:00,61.07
2024-03-22 18:00:00,61.07
2024-03-22 19:00:00,61.07
2024-03-22 20:00:00,61.07
2024-03-22 21:00:00,61.07
2024-03-22 22:00:00,61.07
2024-03-22 23:00:00,61.07
2024-03-23 00:00:00,61.07
2024-03-23 01:00:00,61.07
2024-03-23 02:00:00,61.07
2024-03-23 03:00:00,61.07
2024-03-23 04:00:00,61.07
2024-03-23 05:00:00,61.07
2024-03-23 06:00:00,61.07
2024-03-23 07:00:00,61.07
2024-03-23 08:00:00,61.07
2024-03-23 09:00:00,61.07
2024-03-23 10:00:00,61.07
2024-03-23 11:00:00,61.07
2024-03-23 12:00:00,61.07
2024-03-23 13:00:00,61.07
2024-03-23 14:00:00,61.07
2024-03-23 15:00:00,61.07
2024-03-23 16:00:00,61.07
2024-03-23 17:00:00,61.07
2024-03-23 18:00:00,61.07
2024-03-23 19:00:00,61.07
2024-03-23 20:00:00,61.07
2024-03-23 21:00:00,61.07
2024-03-23 22:00:00,61.07
2024-03-23 23:00:00,61.07
2024-03-24 00:00:00,61.07
2024-03-24 01:00:00,61.07
2024-03-24 02:00:00,61.07
2024-03-24 03:00:00,61.07
2024-03-24 04:00:00,61.07
2024-03-24 05:00:00,61.07
2024-03-24 06:00:00,61.07
2024-03-24 07:00:00,61.07
2024-03-24 08:00:00,61.07
2024-03-24 09:00:00,61.07
2024-03-24 10:00:00,61.07
2024-03-24 11:00:00,61.07
2024-03-24 12:00:00,61.07
2024-03-24 13:00:00,61.07
2024-03-24 14:00:00,61.07
2024-03-24 15:00:00,61.07
2024-03-24 16:00:00,61.07
2024-03-24 17:00:00,61.07
2024-03-24 18:00:00,61.07
2024-03-24 19:00:00,61.07
2024-03-24 20:00:00,61.07
2024-03-24 21:00:00,61.07
2024-03-24 22:00:00,61.07
2024-03-24 23:00:00,61.07
2024-03-25 00:00:00,61.07
2024-03-25 01:00:00,61.07
2024-03-25 02:00:00,61.07
2024-03-25 03:00:00,61.07
2024-03-25 04:00:00,61.07
2024-03-25 05:00:00,61.07
2024-03-25 06:00:00,61.07
2024-03-25 07:00:00,61.07
2024-03-25 08:00:00,61.07
2024-03-25 09:00:00,61.07
2024-03-25 10:00:00,61.07
2024-03-25 11:00:00,61.07
2024-03-25 12:00:00,61.07
2024-03-25 13:00:00,61.07
2024-03-25 14:00:00,61.07
2024-03-25 15:00:00,61.07
2024-03-25 16:00:00,61.07
2024-03-25 17:00:00,61.07
2024-03-25 18:00:00,61.07
2024-03-25 19:00:00,61.07
2024-03-25 20:00:00,61.07
2024-03-25 21:00:00,61.07
2024-03-25 22:00:00,61.07
2024-03-25 23:00:00,61.07
2024-03-26 00:00:00,61.07
2024-03-26 01:00:00,61.07
2024-03-26 02:00:00,61.07
2024-03-26 03:00:00,61.07
2024-03-26 04:00:00,61.07
2024-03-26 05:00:00,61.07
2024-03-26 06:00:00,61.07
2024-03-26 07:00:00,61.07
2024-03-26 08:00:00,61.07
2024-03-26 09:00:00,61.07
2024-03-26 10:00:00,61.07
2024-03-26 11:00:00,61.07
2024-03-26 12:00:00,61.07
2024-03-26 13:00:00,61.07
2024-03-26 14:00:00,61.07
2024-03-26 15:00:00,61.07
2024-03-26 16:00:00,61.07
2024-03-26 17:00:00,61.07
2024-03-26 18:00:00,61.07
2024-03-26 19:00:00,61.07
2024-03-26 20:00:00,61.07
2024-03-26 21:00:00,61.07
2024-03-26 22:00:00,61.07
2024-03-26 23:00:00,61.07
2024-03-27 00:00:00,61.07
2024-03-27 01:00:00,61.07
2024-03-27 02:00:00,61.07
2024-03-27 03:00:00,61.07
2024-03-27 04:00:00,61.07
2024-03-27 05:00:00,61.07
2024-03-27 06:00:00,61.07
2024-03-27 07:00:00,61.07
2024-03-27 08:00:00,61.07
2024-03-27 09:00:00,61.07
2024-03-27 10:00:00,61.07
2024-03-27 11:00:00,61.07
2024-03-27 12:00:00,61.07
2024-03-27 13:00:00,61.07
2024-03-27 14:00:00,61.07
2024-03-27 15:00:00,61.07
2024-03-27 16:00:00,61.07
2024-03-27 17:00:00,61.07
2024-03-27 18:00:00,61.07
2024-03-27 19:00:00,61.07
2024-03-27 20:00:00,61.07
2024-03-27 21:00:00,61.07
2024-03-27 22:00:00,61.07
2024-03-27 23:00:00,61.07
2024-03-28 00:00:00,61.07
2024-03-28 01:00:00,61.07
2024-03-28 02:00:00,61.07
2024-03-28 03:00:00,61.07
2024-03-28 04:00:00,61.07
2024-03-28 05:00:00,61.07
2024-03-28 06:00:00,61.07
2024-03-28 07:00:00,61.07
2024-03-28 08:00:00,61.07
2024-03-28 09:00:00,61.07
2024-03-28 10:00:00,61.07
2024-03-28 11:00:00,61.07
2024-03-28 12:00:00,61.07
2024-03-28 13:00:00,61.07
2024-03-28 14:00:00,61.07
2024-03-28 15:00:00,61.07
2024-03-28 16:00:00,61.07
2024-03-28 17:00:00,61.07
2024-03-28 18:00:00,61.07
2024-03-28 19:00:00,61.07
2024-03-28 20:00:00,61.07
2024-03-28 21:00:00,61.07
2024-03-28 22:00:00,61.07
2024-03-28 23:00:00,61.07
2024-03-29 00:00:00,61.07
2024-03-29 01:00:00,61.07
2024-03-29 02:00:00,61.07
2024-03-29 03:00:00,61.07
2024-03-29 04:00:00,61.07
2024-03-29 05:00:00,61.07
2024-03-29 06:00:00,61.07
2024-03-29 07:00:00,61.07
2024-03-29 08:00:00,61.07
2024-03-29 09:00:00,61.07
2024-03-29 10:00:00,61.07
2024-03-29 11:00:00,61.07
2024-03-29 12:00:00,61.07
2024-03-29 13:00:00,61.07
2024-03-29 14:00:00,61.07
2024-03-29 15:00:00,61.07
2024-03-29 16:00:00,61.07
2024-03-29 17:00:00,61.07
2024-03-29 18:00:00,61.07
2024-03-29 19:00:00,61.07
2024-03-29 20:00:00,61.07
2024-03-29 21:00:00,61.07
2024-03-29 22:00:00,61.07
2024-03-29 23:00:00,61.07
2024-03-30 00:00:00,61.07
2024-03-30 01:00:00,61.07
2024-03-30 02:00:00,61.07
2024-03-30 03:00:00,61.07
2024-03-30 04:00:00,61.07
2024-03-30 05:00:00,61.07
2024-03-30 06:00:00,61.07
2024-03-30 07:00:00,61.07
2024-03-30 08:00:00,61.07
2024-03-30 09:00:00,61.07
2024-03-30 10:00:00,61.07
2024-03-30 11:00:00,61.07
2024-03-30 12:00:00,61.07
2024-03-30 13:00:00,61.07
2024-03-30 14:00:00,61.07
2024-03-30 15:00:00,61.07
2024-03-30 16:00:00,61.07
2024-03-30 17:00:00,61.07
2024-03-30 18:00:00,61.07
2024-03-30 19:00:00,61.07
2024-03-30 20:00:00,61.07
2024-03-30 21:00:00,61.07
2024-03-30 22:00:00,61.07
2024-03-30 23:00:00,61.07
2024-03-31 00:00:00,61.07
2024-03-31 01:00:00,61.07
2024-03-31 02:00:00,61.07
2024-03-31 03:00:00,61.07
2024-03-31 04:00:00,61.07
2024-03-31 05:00:00,61.07
2024-03-31 06:00:00,61.07
2024-03-31 07:00:00,61.07
2024-03-31 08:00:00,61.07
2024-03-31 09:00:00,61.07
2024-03-31 10:00:00,61.07
2024-03-31 11:00:00,61.07
2024-03-31 12:00:00,61.07
2024-03-31 13:00:00,61.07
2024-03-31 14:00:00,61.07
2024-03-31 15:00:00,61.07
2024-03-31 16:00:00,61.07
2024-03-31 17:00:00,61.07
2024-03-31 18:00:00,61.07
2024-03-31 19:00:00,61.07
2024-03-31 20:00:00,61.07
2024-03-31 21:00:00,61.07
2024-03-31 22:00:00,61.07
2024-03-31 23:00:00,61.07
2024-04-01 00:00:00,61.07
2024-04-01 01:00:00,61.07
2024-04-01 02:00:00,61.07
2024-04-01 03:00:00,61.07
2024-04-01 04:00:00,61.07
2024-04-01 05:00:00,61.07
2024-04-01 06:00:00,61.07
2024-04-01 07:00:00,61.07
2024-04-01 08:00:00,61.07
2024-04-01 09:00:00,61.07
2024-04-01 10:00:00,61.07
2024-04-01 11:00:00,61.07
2024-04-01 12:00:00,61.07
2024-04-01 13:00:00,61.07
2024-04-01 14:00:00,61.07
2024-04-01 15:00:00,61.07
2024-04-01 16:00:00,61.07
2024-04-01 17:00:00,61.07
2024-04-01 18:00:00,61.07
2024-04-01 19:00:00,61.07
2024-04-01 20:00:00,61.07
2024-04-01 21:00:00,61.07
2024-04-01 22:00:00,61.07
2024-04-01 23:00:00,61.07
2024-04-02 00:00:00,61.07
2024-04-02 01:00:00,61.07
2024-04-02 02:00:00,61.07
2024-04-02 03:00:00,61.07
2024-04-02 04:00:00,61.07
2024-04-02 05:00:00,61.07
2024-04-02 06:00:00,61.07
2024-04-02 07:00:00,61.07
2024-04-02 08:00:00,61.07
2024-04-02 09:00:00,61.07
2024-04-02 10:00:00,61.07
2024-04-02 11:00:00,61.07
2024-04-02 12:00:00,61.07
2024-04-02 13:00:00,61.07
2024-04-02 14:00:00,61.07
2024-04-02 15:00:00,61.07
2024-04-02 16:00:00,61.07
2024-04-02 17:00:00,61.07
2024-04-02 18:00:00,61.07
2024-04-02 19:00:00,61.07
2024-04-02 20:00:00,61.07
2024-04-02 21:00:00,61.07
2024-04-02 22:00:00,61.07
2024-04-02 23:00:00,61.07
2024-04-03 00:00:00,61.07
2024-04-03 01:00:00,61.07
2024-04-03 02:00:00,61.07
2024-04-03 03:00:00,61.07
2024-04-03 04:00:00,61.07
2024-04-03 05:00:00,61.07
2024-04-03 06:00:00,61.07
2024-04-03 07:00:00,61.07
2024-04-03 08:00:00,61.07
2024-04-03 09:00:00,61.07
2024-04-03 10:00:00,61.07
2024-04-03 11:00:00,61.07
2024-04-03 12:00:00,61.07
2024-04-03 13:00:00,61.07
2024-04-03 14:00:00,61.07
2024-04-03 15:00:00,61.07
2024-04-03 16:00:00,61.07
2024-04-03 17:00:00,61.07
2024-04-03 18:00:00,61.07
2024-04-03 19:00:00,61.07
2024-04-03 20:00:00,61.07
2024-04-03 21:00:00,61.07
2024-04-03 22:00:00,61.07
2024-04-03 23:00:00,61.07
2024-04-04 00:00:00,61.07
2024-04-04 01:00:00,61.07
2024-04-04 02:00:00,61.07
2024-04-04 03:00:00,61.07
2024-04-04 04:00:00,61.07
2024-04-04 05:00:00,61.07
2024-04-04 06:00:00,61.07
2024-04-04 07:00:00,61.07
2024-04-04 08:00:00,61.07
2024-04-04 09:00:00,61.07
2024-04-04 10:00:00,61.07
2024-04-04 11:00:00,61.07
2024-04-04 12:00:00,61.07
2024-04-04 13:00:00,61.07
2024-04-04 14:00:00,61.07
2024-04-04 15:00:00,61.07
2024-04-04 16:00:00,61.07
2024-04-04 17:00:00,61.07
2024-04-04 18:00:00,61.07
2024-04-04 19:00:00,61.07
2024-04-04 20:00:00,61.07
2024-04-04 21:00:00,61.07
2024-04-04 22:00:00,61.07
2024-04-04 23:00:00,61.07
2024-04-05 00:00:00,61.07
2024-04-05 01:00:00,61.07
2024-04-05 02:00:00,61.07
2024-04-05 03:00:00,61.07
2024-04-05 04:00:00,61.07
2024-04-05 05:00:00,61.07
2024-04-05 06:00:00,61.07
2024-04-05 07:00:00,61.07
2024-04-05 08:00:00,61.07
2024-04-05 09:00:00,61.07
2024-04-05 10:00:00,61.07
2024-04-05 11:00:00,61.07
2024-04-05 12:00:00,61.07
2024-04-05 13:00:00,61.07
2024-04-05 14:00:00,61.07
2024-04-05 15:00:00,61.07
2024-04-05 16:00:00,61.07
2024-04-05 17:00:00,61.07
2024-04-05 18:00:00,61.07
2024-04-05 19:00:00,61.07
2024-04-05 20:00:00,61.07
2024-04-05 21:00:00,61.07
2024-04-05 22:00:00,61.07
2024-04-05 23:00:00,61.07
2024-04-06 00:00:00,61.07
2024-04-06 01:00:00,61.07
2024-04-06 02:00:00,61.07
2024-04-06 03:00:00,61.07
2024-04-06 04:00:00,61.07
2024-04-06 05:00:00,61.07
2024-04-06 06:00:00,61.07
2024-04-06 07:00:00,61.07
2024-04-06 08:00:00,61.07
2024-04-06 09:00:00,61.07
2024-04-06 10:00:00,61.07
2024-04-06 11:00:00,61.07
2024-04-06 12:00:00,61.07
2024-04-06 13:00:00,61.07
2024-04-06 14:00:00,61.07
2024-04-06 15:00:00,61.07
2024-04-06 16:00:00,61.07
2024-04-06 17:00:00,61.07
2024-04-06 18:00:00,61.07
2024-04-06 19:00:00,61.07
2024-04-06 20:00:00,61.07
2024-04-06 21:00:00,61.07
2024-04-06 22:00:00,61.07
2024-04-06 23:00:00,61.07
2024-04-07 00:00:00,61.07
2024-04-07 01:00:00,61.07
2024-04-07 02:00:00,61.07
2024-04-07 03:00:00,61.07
2024-04-07 04:00:00,61.07
2024-04-07 05:00:00,61.07
2024-04-07 06:00:00,61.07
2024-04-07 07:00:00,61.07
2024-04-07 08:00:00,61.07
2024-04-07 09:00:00,61.07
2024-04-07 10:00:00,61.07
2024-04-07 11:00:00,61.07
2024-04-07 12:00:00,61.07
2024-04-07 13:00:00,61.07
2024-04-07 14:00:00,61.07
2024-04-07 15:00:00,61.07
2024-04-07 16:00:00,61.07
2024-04-07 17:00:00,61.07
2024-04-07 18:00:00,61.07
2024-04-07 19:00:00,61.07
2024-04-07 20:00:00,61.07
2024-04-07 21:00:00,61.07
2024-04-07 22:00:00,61.07
2024-04-07 23:00:00,61.07
2024-04-08 00:00:00,61.07
2024-04-08 01:00:00,61.07
2024-04-08 02:00:00,61.07
2024-04-08 03:00:00,61.07
2024-04-08 04:00:00,61.07
2024-04-08 05:00:00,61.07
2024-04-08 06:00:00,61.07
2024-04-08 07:00:00,61.07
2024-04-08 08:00:00,61.07
2024-04-08 09:00:00,61.07
2024-04-08 10:00:00,61.07
2024-04-08 11:00:00,61.07
2024-04-08 12:00:00,61.07
2024-04-08 13:00:00,61.07
2024-04-08 14:00:00,61.07
2024-04-08 15:00:00,61.07
2024-04-08 16:00:00,61.07
2024-04-08 17:00:00,61.07
2024-04-08 18:00:00,61.07
2024-04-08 19:00:00,61.07
2024-04-08 20:00:00,61.07
2024-04-08 21:00:00,61.07
2024-04-08 22:00:00,61.07
2024-04-08 23:00:00,61.07
2024-04-09 00:00:00,61.07
2024-04-09 01:00:00,61.07
2024-04-09 02:00:00,61.07
2024-04-09 03:00:00,61.07
2024-04-09 04:00:00,61.07
2024-04-09 05:00:00,61.07
2024-04-09 06:00:00,61.07
2024-04-09 07:00:00,61.07
2024-04-09 08:00:00,61.07
2024-04-09 09:00:00,61.07
2024-04-09 10:00:00,61.07
2024-04-09 11:00:00,61.07
2024-04-09 12:00:00,61.07
2024-04-09 13:00:00,61.07
2024-04-09 14:00:00,61.07
2024-04-09 15:00:00,61.07
2024-04-09 16:00:00,61.07
2024-04-09 17:00:00,61.07
2024-04-09 18:00:00,61.07
2024-04-09 19:00:00,61.07
2024-04-09 20:00:00,61.07
2024-04-09 21:00:00,61.07
2024-04-09 22:00:00,61.07
2024-04-09 23:00:00,61.07
2024-04-10 00:00:00,61.07
2024-04-10 01:00:00,61.07
2024-04-10 02:00:00,61.07
2024-04-10 03:00:00,61.07
2024-04-10 04:00:00,61.07
2024-04-10 05:00:00,61.07
2024-04-10 06:00:00,61.07
2024-04-10 07:00:00,61.07
2024-04-10 08:00:00,61.07
2024-04-10 09:00:00,61.07
2024-04-10 10:00:00,61.07
2024-04-10 11:00:00,61.07
2024-04-10 12:00:00,61.07
2024-04-10 13:00:00,61.07
2024-04-10 14:00:00,61.07
2024-04-10 15:00:00,61.07
2024-04-10 16:00:00,61.07
2024-04-10 17:00:00,61.07
2024-04-10 18:00:00,61.07
2024-04-10 19:00:00,61.07
2024-04-10 20:00:00,61.07
2024-04-10 21:00:00,61.07
2024-04-10 22:00:00,61.07
2024-04-10 23:00:00,61.07
2024-04-11 00:00:00,61.07
2024-04-11 01:00:00,61.07
2024-04-11 02:00:00,61.07
2024-04-11 03:00:00,61.07
2024-04-11 04:00:00,61.07
2024-04-11 05:00:00,61.07
2024-04-11 06:00:00,61.07
2024-04-11 07:00:00,61.07
2024-04-11 08:00:00,61.07
2024-04-11 09:00:00,61.07
2024-04-11 10:00:00,61.07
2024-04-11 11:00:00,61.07
2024-04-11 12:00:00,61.07
2024-04-11 13:00:00,61.07
2024-04-11 14:00:00,61.07
2024-04-11 15:00:00,61.07
2024-04-11 16:00:00,61.07
2024-04-11 17:00:00,61.07
2024-04-11 18:00:00,61.07
2024-04-11 19:00:00,61.07
2024-04-11 20:00:00,61.07
2024-04-11 21:00:00,61.07
2024-04-11 22:00:00,61.07
2024-04-11 23:00:00,61.07
2024-04-12 00:00:00,61.07
2024-04-12 01:00:00,61.07
2024-04-12 02:00:00,61.07
2024-04-12 03:00:00,61.07
2024-04-12 04:00:00,61.07
2024-04-12 05:00:00,61.07
2024-04-12 06:00:00,61.07
2024-04-12 07:00:00,61.07
2024-04-12 08:00:00,61.07
2024-04-12 09:00:00,61.07
2024-04-12 10:00:00,61.07
2024-04-12 11:00:00,61.07
2024-04-12 12:00:00,61.07
2024-04-12 13:00:00,61.07
2024-04-12 14:00:00,61.07
2024-04-12 15:00:00,61.07
2024-04-12 16:00:00,61.07
2024-04-12 17:00:00,61.07
2024-04-12 18:00:00,61.07
2024-04-12 19:00:00,61.07
2024-04-12 20:00:00,61.07
2024-04-12 21:00:00,61.07
2024-04-12 22:00:00,61.07
2024-04-12 23:00:00,61.07
2024-04-13 00:00:00,61.07
2024-04-13 01:00:00,61.07
2024-04-13 02:00:00,61.07
2024-04-13 03:00:00,61.07
2024-04-13 04:00:00,61.07
2024-04-13 05:00:00,61.07
2024-04-13 06:00:00,61.07
2024-04-13 07:00:00,61.07
2024-04-13 08:00:00,61.07
2024-04-13 09:00:00,61.07
2024-04-13 10:00:00,61.07
2024-04-13 11:00:00,61.07
2024-04-13 12:00:00,61.07
2024-04-13 13:00:00,61.07
2024-04-13 14:00:00,61.07
2024-04-13 15:00:00,61.07
2024-04-13 16:00:00,61.07
2024-04-13 17:00:00,61.07
2024-04-13 18:00:00,61.07
2024-04-13 19:00:00,61.07
2024-04-13 20:00:00,61.07
2024-04-13 21:00:00,61.07
2024-04-13 22:00:00,61.07
2024-04-13 23:00:00,61.07
2024-04-14 00:00:00,61.07
2024-04-14 01:00:00,61.07
2024-04-14 02:00:00,61.07
2024-04-14 03:00:00,61.07
2024-04-14 04:00:00,61.07
2024-04-14 05:00:00,61.07
2024-04-14 06:00:00,61.07
2024-04-14 07:00:00,61.07
2024-04-14 08:00:00,61.07
2024-04-14 09:00:00,61.07
2024-04-14 10:00:00,61.07
2024-04-14 11:00:00,61.07
2024-04-14 12:00:00,61.07
2024-04-14 13:00:00,61.07
2024-04-14 14:00:00,61.07
2024-04-14 15:00:00,61.07
2024-04-14 16:00:00,61.07
2024-04-14 17:00:00,61.07
2024-04-14 18:00:00,61.07
2024-04-14 19:00:00,61.07
2024-04-14 20:00:00,61.07
2024-04-14 21:00:00,61.07
2024-04-14 22:00:00,61.07
2024-04-14 23:00:00,61.07
2024-04-15 00:00:00,61.07
2024-04-15 01:00:00,61.07
2024-04-15 02:00:00,61.07
2024-04-15 03:00:00,61.07
2024-04-15 04:00:00,61.07
2024-04-15 05:00:00,61.07
2024-04-15 06:00:00,61.07
2024-04-15 07:00:00,61.07
2024-04-15 08:00:00,61.07
2024-04-15 09:00:00,61.07
2024-04-15 10:00:00,61.07
2024-04-15 11:00:00,61.07
2024-04-15 12:00:00,61.07
2024-04-15 13:00:00,61.07
2024-04-15 14:00:00,61.07
2024-04-15 15:00:00,61.07
2024-04-15 16:00:00,61.07
2024-04-15 17:00:00,61.07
2024-04-15 18:00:00,61.07
2024-04-15 19:00:00,61.07
2024-04-15 20:00:00,61.07
2024-04-15 21:00:00,61.07
2024-04-15 22:00:00,61.07
2024-04-15 23:00:00,61.07
2024-04-16 00:00:00,61.07
2024-04-16 01:00:00,61.07
2024-04-16 02:00:00,61.07
2024-04-16 03:00:00,61.07
2024-04-16 04:00:00,61.07
2024-04-16 05:00:00,61.07
2024-04-16 06:00:00,61.07
2024-04-16 07:00:00,61.07
2024-04-16 08:00:00,61.07
2024-04-16 09:00:00,61.07
2024-04-16 10:00:00,61.07
2024-04-16 11:00:00,61.07
2024-04-16 12:00:00,61.07
2024-04-16 13:00:00,61.07
2024-04-16 14:00:00,61.07
2024-04-16 15:00:00,61.07
2024-04-16 16:00:00,61.07
2024-04-16 17:00:00,61.07
2024-04-16 18:00:00,61.07
2024-04-16 19:00:00,61.07
2024-04-16 20:00:00,61.07
2024-04-16 21:00:00,61.07
2024-04-16 22:00:00,61.07
2024-04-16 23:00:00,61.07
2024-04-17 00:00:00,61.07
2024-04-17 01:00:00,61.07
2024-04-17 02:00:00,61.07
2024-04-17 03:00:00,61.07
2024-04-17 04:00:00,61.07
2024-04-17 05:00:00,61.07
2024-04-17 06:00:00,61.07
2024-04-17 07:00:00,61.07
2024-04-17 08:00:00,61.07
2024-04-17 09:00:00,61.07
2024-04-17 10:00:00,61.07
2024-04-17 11:00:00,61.07
2024-04-17 12:00:00,61.07
2024-04-17 13:00:00,61.07
2024-04-17 14:00:00,61.07
2024-04-17 15:00:00,61.07
2024-04-17 16:00:00,61.07
2024-04-17 17:00:00,61.07
2024-04-17 18:00:00,61.07
2024-04-17 19:00:00,61.07
2024-04-17 20:00:00,61.07
2024-04-17 21:00:00,61.07
2024-04-17 22:00:00,61.07
2024-04-17 23:00:00,61.07
2024-04-18 00:00:00,61.07
2024-04-18 01:00:00,61.07
2024-04-18 02:00:00,61.07
2024-04-18 03:00:00,61.07
2024-04-18 04:00:00,61.07
2024-04-18 05:00:00,61.07
2024-04-18 06:00:00,61.07
2024-04-18 07:00:00,61.07
2024-04-18 08:00:00,61.07
2024-04-18 09:00:00,61.07
2024-04-18 10:00:00,61.07
2024-04-18 11:00:00,61.07
2024-04-18 12:00:00,61.07
2024-04-18 13:00:00,61.07
2024-04-18 14:00:00,61.07
2024-04-18 15:00:00,61.07
2024-04-18 16:00:00,61.07
2024-04-18 17:00:00,61.07
2024-04-18 18:00:00,61.07
2024-04-18 19:00:00,61.07
2024-04-18 20:00:00,61.07
2024-04-18 21:00:00,61.07
2024-04-18 22:00:00,61.07
2024-04-18 23:00:00,61.07
2024-04-19 00:00:00,61.07
2024-04-19 01:00:00,61.07
2024-04-19 02:00:00,61.07
2024-04-19 03:00:00,61.07
2024-04-19 04:00:00,61.07
2024-04-19 05:00:00,61.07
2024-04-19 06:00:00,61.07
2024-04-19 07:00:00,61.07
2024-04-19 08:00:00,61.07
2024-04-19 09:00:00,61.07
2024-04-19 10:00:00,61.07
2024-04-19 11:00:00,61.07
2024-04-19 12:00:00,61.07
2024-04-19 13:00:00,61.07
2024-04-19 14:00:00,61.07
2024-04-19 15:00:00,61.07
2024-04-19 16:00:00,61.07
2024-04-19 17:00:00,61.07
2024-04-19 18:00:00,61.07
2024-04-19 19:00:00,61.07
2024-04-19 20:00:00,61.07
2024-04-19 21:00:00,61.07
2024-04-19 22:00:00,61.07
2024-04-19 23:00:00,61.07
2024-04-20 00:00:00,61.07
2024-04-20 01:00:00,61.07
2024-04-20 02:00:00,61.07
2024-04-20 03:00:00,61.07
2024-04-20 04:00:00,61.07
2024-04-20 05:00:00,61.07
2024-04-20 06:00:00,61.07
2024-04-20 07:00:00,61.07
2024-04-20 08:00:00,61.07
2024-04-20 09:00:00,61.07
2024-04-20 10:00:00,61.07
2024-04-20 11:00:00,61.07
2024-04-20 12:00:00,61.07
2024-04-20 13:00:00,61.07
2024-04-20 14:00:00,61.07
2024-04-20 15:00:00,61.07
2024-04-20 16:00:00,61.07
2024-04-20 17:00:00,61.07
2024-04-20 18:00:00,61.07
2024-04-20 19:00:00,61.07
2024-04-20 20:00:00,61.07
2024-04-20 21:00:00,61.07
2024-04-20 22:00:00,61.07
2024-04-20 23:00:00,61.07
2024-04-21 00:00:00,61.07
2024-04-21 01:00:00,61.07
2024-04-21 02:00:00,61.07
2024-04-21 03:00:00,61.07
2024-04-21 04:00:00,61.07
2024-04-21 05:00:00,61.07
2024-04-21 06:00:00,61.07
2024-04-21 07:00:00,61.07
2024-04-21 08:00:00,61.07
2024-04-21 09:00:00,61.07
2024-04-21 10:00:00,61.07
2024-04-21 11:00:00,61.07
2024-04-21 12:00:00,61.07
2024-04-21 13:00:00,61.07
2024-04-21 14:00:00,61.07
2024-04-21 15:00:00,61.07
2024-04-21 16:00:00,61.07
2024-04-21 17:00:00,61.07
2024-04-21 18:00:00,61.07
2024-04-21 19:00:00,61.07
2024-04-21 20:00:00,61.07
2024-04-21 21:00:00,61.07
2024-04-21 22:00:00,61.07
2024-04-21 23:00:00,61.07
2024-04-22 00:00:00,61.07
2024-04-22 01:00:00,61.07
2024-04-22 02:00:00,61.07
2024-04-22 03:00:00,61.07
2024-04-22 04:00:00,61.07
2024-04-22 05:00:00,61.07
2024-04-22 06:00:00,61.07
2024-04-22 07:00:00,61.07
2024-04-22 08:00:00,61.07
2024-04-22 09:00:00,61.07
2024-04-22 10:00:00,61.07
2024-04-22 11:00:00,61.07
2024-04-22 12:00:00,61.07
2024-04-22 13:00:00,61.07
2024-04-22 14:00:00,61.07
2024-04-22 15:00:00,61.07
2024-04-22 16:00:00,61.07
2024-04-22 17:00:00,61.07
2024-04-22 18:00:00,61.07
2024-04-22 19:00:00,61.07
2024-04-22 20:00:00,61.07
2024-04-22 21:00:00,61.07
2024-04-22 22:00:00,61.07
2024-04-22 23:00:00,61.07
2024-04-23 00:00:00,61.07
2024-04-23 01:00:00,61.07
2024-04-23 02:00:00,61.07
2024-04-23 03:00:00,61.07
2024-04-23 04:00:00,61.07
2024-04-23 05:00:00,61.07
2024-04-23 06:00:00,61.07
2024-04-23 07:00:00,61.07
2024-04-23 08:00:00,61.07
2024-04-23 09:00:00,61.07
2024-04-23 10:00:00,61.07
2024-04-23 11:00:00,61.07
2024-04-23 12:00:00,61.07
2024-04-23 13:00:00,61.07
2024-04-23 14:00:00,61.07
2024-04-23 15:00:00,61.07
2024-04-23 16:00:00,61.07
2024-04-23 17:00:00,61.07
2024-04-23 18:00:00,61.07
2024-04-23 19:00:00,61.07
2024-04-23 20:00:00,61.07
2024-04-23 21:00:00,61.07
2024-04-23 22:00:00,61.07
2024-04-23 23:00:00,61.07
2024-04-24 00:00:00,61.07
2024-04-24 01:00:00,61.07
2024-04-24 02:00:00,61.07
2024-04-24 03:00:00,61.07
2024-04-24 04:00:00,61.07
2024-04-24 05:00:00,61.07
2024-04-24 06:00:00,61.07
2024-04-24 07:00:00,61.07
2024-04-24 08:00:00,61.07
2024-04-24 09:00:00,61.07
2024-04-24 10:00:00,61.07
2024-04-24 11:00:00,61.07
2024-04-24 12:00:00,61.07
2024-04-24 13:00:00,61.07
2024-04-24 14:00:00,61.07
2024-04-24 15:00:00,61.07
2024-04-24 16:00:00,61.07
2024-04-24 17:00:00,61.07
2024-04-24 18:00:00,61.07
2024-04-24 19:00:00,61.07
2024-04-24 20:00:00,61.07
2024-04-24 21:00:00,61.07
2024-04-24 22:00:00,61.07
2024-04-24 23:00:00,61.07
2024-04-25 00:00:00,61.07
2024-04-25 01:00:00,61.07
2024-04-25 02:00:00,61.07
2024-04-25 03:00:00,61.07
2024-04-25 04:00:00,61.07
2024-04-25 05:00:00,61.07
2024-04-25 06:00:00,61.07
2024-04-25 07:00:00,61.07
2024-04-25 08:00:00,61.07
2024-04-25 09:00:00,61.07
2024-04-25 10:00:00,61.07
2024-04-25 11:00:00,61.07
2024-04-25 12:00:00,61.07
2024-04-25 13:00:00,61.07
2024-04-25 14:00:00,61.07
2024-04-25 15:00:00,61.07
2024-04-25 16:00:00,61.07
2024-04-25 17:00:00,61.07
2024-04-25 18:00:00,61.07
2024-04-25 19:00:00,61.07
2024-04-25 20:00:00,61.07
2024-04-25 21:00:00,61.07
2024-04-25 22:00:00,61.07
2024-04-25 23:00:00,61.07
2024-04-26 00:00:00,61.07
2024-04-26 01:00:00,61.07
2024-04-26 02:00:00,61.07
2024-04-26 03:00:00,61.07
2024-04-26 04:00:00,61.07
2024-04-26 05:00:00,61.07
2024-04-26 06:00:00,61.07
2024-04-26 07:00:00,61.07
2024-04-26 08:00:00,61.07
2024-04-26 09:00:00,61.07
2024-04-26 10:00:00,61.07
2024-04-26 11:00:00,61.07
2024-04-26 12:00:00,61.07
2024-04-26 13:00:00,61.07
2024-04-26 14:00:00,61.07
2024-04-26 15:00:00,61.07
2024-04-26 16:00:00,61.07
2024-04-26 17:00:00,61.07
2024-04-26 18:00:00,61.07
2024-04-26 19:00:00,61.07
2024-04-26 20:00:00,61.07
2024-04-26 21:00:00,61.07
2024-04-26 22:00:00,61.07
2024-04-26 23:00:00,61.07
2024-04-27 00:00:00,61.07
2024-04-27 01:00:00,61.07
2024-04-27 02:00:00,61.07
2024-04-27 03:00:00,61.07
2024-04-27 04:00:00,61.07
2024-04-27 05:00:00,61.07
2024-04-27 06:00:00,61.07
2024-04-27 07:00:00,61.07
2024-04-27 08:00:00,61.07
2024-04-27 09:00:00,61.07
2024-04-27 10:00:00,61.07
2024-04-27 11:00:00,61.07
2024-04-27 12:00:00,61.07
2024-04-27 13:00:00,61.07
2024-04-27 14:00:00,61.07
2024-04-27 15:00:00,61.07
2024-04-27 16:00:00,61.07
2024-04-27 17:00:00,61.07
2024-04-27 18:00:00,61.07
2024-04-27 19:00:00,61.07
2024-04-27 20:00:00,61.07
2024-04-27 21:00:00,61.07
2024-04-27 22:00:00,61.07
2024-04-27 23:00:00,61.07
2024-04-28 00:00:00,61.07
2024-04-28 01:00:00,61.07
2024-04-28 02:00:00,61.07
2024-04-28 03:00:00,61.07
2024-04-28 04:00:00,61.07
2024-04-28 05:00:00,61.07
2024-04-28 06:00:00,61.07
2024-04-28 07:00:00,61.07
2024-04-28 08:00:00,61.07
2024-04-28 09:00:00,61.07
2024-04-28 10:00:00,61.07
2024-04-28 11:00:00,61.07
2024-04-28 12:00:00,61.07
2024-04-28 13:00:00,61.07
2024-04-28 14:00:00,61.07
2024-04-28 15:00:00,61.07
2024-04-28 16:00:00,61.07
2024-04-28 17:00:00,61.07
2024-04-28 18:00:00,61.07
2024-04-28 19:00:00,61.07
2024-04-28 20:00:00,61.07
2024-04-28 21:00:00,61.07
2024-04-28 22:00:00,61.07
2024-04-28 23:00:00,61.07
2024-04-29 00:00:00,61.07
2024-04-29 01:00:00,61.07
2024-04-29 02:00:00,61.07
2024-04-29 03:00:00,61.07
2024-04-29 04:00:00,61.07
2024-04-29 05:00:00,61.07
2024-04-29 06:00:00,61.07
2024-04-29 07:00:00,61.07
2024-04-29 08:00:00,61.07
2024-04-29 09:00:00,61.07
2024-04-29 10:00:00,61.07
2024-04-29 11:00:00,61.07
2024-04-29 12:00:00,61.07
2024-04-29 13:00:00,61.07
2024-04-29 14:00:00,61.07
2024-04-29 15:00:00,61.07
2024-04-29 16:00:00,61.07
2024-04-29 17:00:00,61.07
2024-04-29 18:00:00,61.07
2024-04-29 19:00:00,61.07
2024-04-29 20:00:00,61.07
2024-04-29 21:00:00,61.07
2024-04-29 22:00:00,61.07
2024-04-29 23:00:00,61.07
2024-04-30 00:00:00,61.07
2024-04-30 01:00:00,61.07
2024-04-30 02:00:00,61.07
2024-04-30 03:00:00,61.07
2024-04-30 04:00:00,61.07
2024-04-30 05:00:00,61.07
2024-04-30 06:00:00,61.07
2024-04-30 07:00:00,61.07
2024-04-30 08:00:00,61.07
2024-04-30 09:00:00,61.07
2024-04-30 10:00:00,61.07
2024-04-30 11:00:00,61.07
2024-04-30 12:00:00,61.07
2024-04-30 13:00:00,61.07
2024-04-30 14:00:00,61.07
2024-04-30 15:00:00,61.07
2024-04-30 16:00:00,61.07
2024-04-30 17:00:00,61.07
2024-04-30 18:00:00,61.07
2024-04-30 19:00:00,61.07
2024-04-30 20:00:00,61.07
2024-04-30 21:00:00,61.07
2024-04-30 22:00:00,61.07
2024-04-30 23:00:00,61.07
2024-05-01 00:00:00,61.07
2024-05-01 01:00:00,61.07
2024-05-01 02:00:00,61.07
2024-05-01 03:00:00,61.07
2024-05-01 04:00:00,61.07
2024-05-01 05:00:00,61.07
2024-05-01 06:00:00,61.07
2024-05-01 07:00:00,61.07
2024-05-01 08:00:00,61.07
2024-05-01 09:00:00,61.07
2024-05-01 10:00:00,61.07
2024-05-01 11:00:00,61.07
2024-05-01 12:00:00,61.07
2024-05-01 13:00:00,61.07
2024-05-01 14:00:00,61.07
2024-05-01 15:00:00,61.07
2024-05-01 16:00:00,61.07
2024-05-01 17:00:00,61.07
2024-05-01 18:00:00,61.07
2024-05-01 19:00:00,61.07
2024-05-01 20:00:00,61.07
2024-05-01 21:00:00,61.07
2024-05-01 22:00:00,61.07
2024-05-01 23:00:00,61.07
2024-05-02 00:00:00,61.07
2024-05-02 01:00:00,61.07
2024-05-02 02:00:00,61.07
2024-05-02 03:00:00,61.07
2024-05-02 04:00:00,61.07
2024-05-02 05:00:00,61.07
2024-05-02 06:00:00,61.07
2024-05-02 07:00:00,61.07
2024-05-02 08:00:00,61.07
2024-05-02 09:00:00,61.07
2024-05-02 10:00:00,61.07
2024-05-02 11:00:00,61.07
2024-05-02 12:00:00,61.07
2024-05-02 13:00:00,61.07
2024-05-02 14:00:00,61.07
2024-05-02 15:00:00,61.07
2024-05-02 16:00:00,61.07
2024-05-02 17:00:00,61.07
2024-05-02 18:00:00,61.07
2024-05-02 19:00:00,61.07
2024-05-02 20:00:00,61.07
2024-05-02 21:00:00,61.07
2024-05-02 22:00:00,61.07
2024-05-02 23:00:00,61.07
2024-05-03 00:00:00,61.07
2024-05-03 01:00:00,61.07
2024-05-03 02:00:00,61.07
2024-05-03 03:00:00,61.07
2024-05-03 04:00:00,61.07
2024-05-03 05:00:00,61.07
2024-05-03 06:00:00,61.07
2024-05-03 07:00:00,61.07
2024-05-03 08:00:00,61.07
2024-05-03 09:00:00,61.07
2024-05-03 10:00:00,61.07
2024-05-03 11:00:00,61.07
2024-05-03 12:00:00,61.07
2024-05-03 13:00:00,61.07
2024-05-03 14:00:00,61.07
2024-05-03 15:00:00,61.07
2024-05-03 16:00:00,61.07
2024-05-03 17:00:00,61.07
2024-05-03 18:00:00,61.07
2024-05-03 19:00:00,61.07
2024-05-03 20:00:00,61.07
2024-05-03 21:00:00,61.07
2024-05-03 22:00:00,61.07
2024-05-03 23:00:00,61.07
2024-05-04 00:00:00,61.07
2024-05-04 01:00:00,61.07
2024-05-04 02:00:00,61.07
2024-05-04 03:00:00,61.07
2024-05-04 04:00:00,61.07
2024-05-04 05:00:00,61.07
2024-05-04 06:00:00,61.07
2024-05-04 07:00:00,61.07
2024-05-04 08:00:00,61.07
2024-05-04 09:00:00,61.07
2024-05-04 10:00:00,61.07
2024-05-04 11:00:00,61.07
2024-05-04 12:00:00,61.07
2024-05-04 13:00:00,61.07
2024-05-04 14:00:00,61.07
2024-05-04 15:00:00,61.07
2024-05-04 16:00:00,61.07
2024-05-04 17:00:00,61.07
2024-05-04 18:00:00,61.07
2024-05-04 19:00:00,61.07
2024-05-04 20:00:00,61.07
2024-05-04 21:00:00,61.07
2024-05-04 22:00:00,61.07
2024-05-04 23:00:00,61.07
2024-05-05 00:00:00,61.07
2024-05-05 01:00:00,61.07
2024-05-05 02:00:00,61.07
2024-05-05 03:00:00,61.07
2024-05-05 04:00:00,61.07
2024-05-05 05:00:00,61.07
2024-05-05 06:00:00,61.07
2024-05-05 07:00:00,61.07
2024-05-05 08:00:00,61.07
2024-05-05 09:00:00,61.07
2024-05-05 10:00:00,61.07
2024-05-05 11:00:00,61.07
2024-05-05 12:00:00,61.07
2024-05-05 13:00:00,61.07
2024-05-05 14:00:00,61.07
2024-05-05 15:00:00,61.07
2024-05-05 16:00:00,61.07
2024-05-05 17:00:00,61.07
2024-05-05 18:00:00,61.07
2024-05-05 19:00:00,61.07
2024-05-05 20:00:00,61.07
2024-05-05 21:00:00,61.07
2024-05-05 22:00:00,61.07
2024-05-05 23:00:00,61.07
2024-05-06 00:00:00,61.07
2024-05-06 01:00:00,61.07
2024-05-06 02:00:00,61.07
2024-05-06 03:00:00,61.07
2024-05-06 04:00:00,61.07
2024-05-06 05:00:00,61.07
2024-05-06 06:00:00,61.07
2024-05-06 07:00:00,61.07
2024-05-06 08:00:00,61.07
2024-05-06 09:00:00,61.07
2024-05-06 10:00:00,61.07
2024-05-06 11:00:00,61.07
2024-05-06 12:00:00,61.07
2024-05-06 13:00:00,61.07
2024-05-06 14:00:00,61.07
2024-05-06 15:00:00,61.07
2024-05-06 16:00:00,61.07
2024-05-06 17:00:00,61.07
2024-05-06 18:00:00,61.07
2024-05-06 19:00:00,61.07
2024-05-06 20:00:00,61.07
2024-05-06 21:00:00,61.07
2024-05-06 22:00:00,61.07
2024-05-06 23:00:00,61.07
2024-05-07 00:00:00,61.07
2024-05-07 01:00:00,61.07
2024-05-07 02:00:00,61.07
2024-05-07 03:00:00,61.07
2024-05-07 04:00:00,61.07
2024-05-07 05:00:00,61.07
2024-05-07 06:00:00,61.07
2024-05-07 07:00:00,61.07
2024-05-07 08:00:00,61.07
2024-05-07 09:00:00,61.07
2024-05-07 10:00:00,61.07
2024-05-07 11:00:00,61.07
2024-05-07 12:00:00,61.07
2024-05-07 13:00:00,61.07
2024-05-07 14:00:00,61.07
2024-05-07 15:00:00,61.07
2024-05-07 16:00:00,61.07
2024-05-07 17:00:00,61.07
2024-05-07 18:00:00,61.07
2024-05-07 19:00:00,61.07
2024-05-07 20:00:00,61.07
2024-05-07 21:00:00,61.07
2024-05-07 22:00:00,61.07
2024-05-07 23:00:00,61.07
2024-05-08 00:00:00,61.07
2024-05-08 01:00:00,61.07
2024-05-08 02:00:00,61.07
2024-05-08 03:00:00,61.07
2024-05-08 04:00:00,61.07
2024-05-08 05:00:00,61.07
2024-05-08 06:00:00,61.07
2024-05-08 07:00:00,61.07
2024-05-08 08:00:00,61.07
2024-05-08 09:00:00,61.07
2024-05-08 10:00:00,61.07
2024-05-08 11:00:00,61.07
2024-05-08 12:00:00,61.07
2024-05-08 13:00:00,61.07
2024-05-08 14:00:00,61.07
2024-05-08 15:00:00,61.07
2024-05-08 16:00:00,61.07
2024-05-08 17:00:00,61.07
2024-05-08 18:00:00,61.07
2024-05-08 19:00:00,61.07
2024-05-08 20:00:00,61.07
2024-05-08 21:00:00,61.07
2024-05-08 22:00:00,61.07
2024-05-08 23:00:00,61.07
2024-05-09 00:00:00,61.07
2024-05-09 01:00:00,61.07
2024-05-09 02:00:00,61.07
2024-05-09 03:00:00,61.07
2024-05-09 04:00:00,61.07
2024-05-09 05:00:00,61.07
2024-05-09 06:00:00,61.07
2024-05-09 07:00:00,61.07
2024-05-09 08:00:00,61.07
2024-05-09 09:00:00,61.07
2024-05-09 10:00:00,61.07
2024-05-09 11:00:00,61.07
2024-05-09 12:00:00,61.07
2024-05-09 13:00:00,61.07
2024-05-09 14:00:00,61.07
2024-05-09 15:00:00,61.07
2024-05-09 16:00:00,61.07
2024-05-09 17:00:00,61.07
2024-05-09 18:00:00,61.07
2024-05-09 19:00:00,61.07
2024-05-09 20:00:00,61.07
2024-05-09 21:00:00,61.07
2024-05-09 22:00:00,61.07
2024-05-09 23:00:00,61.07
2024-05-10 00:00:00,61.07
2024-05-10 01:00:00,61.07
2024-05-10 02:00:00,61.07
2024-05-10 03:00:00,61.07
2024-05-10 04:00:00,61.07
2024-05-10 05:00:00,61.07
2024-05-10 06:00:00,61.07
2024-05-10 07:00:00,61.07
2024-05-10 08:00:00,61.07
2024-05-10 09:00:00,61.07
2024-05-10 10:00:00,61.07
2024-05-10 11:00:00,61.07
2024-05-10 12:00:00,61.07
2024-05-10 13:00:00,61.07
2024-05-10 14:00:00,61.07
2024-05-10 15:00:00,61.07
2024-05-10 16:00:00,61.07
2024-05-10 17:00:00,61.07
2024-05-10 18:00:00,61.07
2024-05-10 19:00:00,61.07
2024-05-10 20:00:00,61.07
2024-05-10 21:00:00,61.07
2024-05-10 22:00:00,61.07
2024-05-10 23:00:00,61.07
2024-05-11 00:00:00,61.07
2024-05-11 01:00:00,61.07
2024-05-11 02:00:00,61.07
2024-05-11 03:00:00,61.07
2024-05-11 04:00:00,61.07
2024-05-11 05:00:00,61.07
2024-05-11 06:00:00,61.07
2024-05-11 07:00:00,61.07
2024-05-11 08:00:00,61.07
2024-05-11 09:00:00,61.07
2024-05-11 10:00:00,61.07
2024-05-11 11:00:00,61.07
2024-05-11 12:00:00,61.07
2024-05-11 13:00:00,61.07
2024-05-11 14:00:00,61.07
2024-05-11 15:00:00,61.07
2024-05-11 16:00:00,61.07
2024-05-11 17:00:00,61.07
2024-05-11 18:00:00,61.07
2024-05-11 19:00:00,61.07
2024-05-11 20:00:00,61.07
2024-05-11 21:00:00,61.07
2024-05-11 22:00:00,61.07
2024-05-11 23:00:00,61.07
2024-05-12 00:00:00,61.07
2024-05-12 01:00:00,61.07
2024-05-12 02:00:00,61.07
2024-05-12 03:00:00,61.07
2024-05-12 04:00:00,61.07
2024-05-12 05:00:00,61.07
2024-05-12 06:00:00,61.07
2024-05-12 07:00:00,61.07
2024-05-12 08:00:00,61.07
2024-05-12 09:00:00,61.07
2024-05-12 10:00:00,61.07
2024-05-12 11:00:00,61.07
2024-05-12 12:00:00,61.07
2024-05-12 13:00:00,61.07
2024-05-12 14:00:00,61.07
2024-05-12 15:00:00,61.07
2024-05-12 16:00:00,61.07
2024-05-12 17:00:00,61.07
2024-05-12 18:00:00,61.07
2024-05-12 19:00:00,61.07
2024-05-12 20:00:00,61.07
2024-05-12 21:00:00,61.07
2024-05-12 22:00:00,61.07
2024-05-12 23:00:00,61.07
2024-05-13 00:00:00,61.07
2024-05-13 01:00:00,61.07
2024-05-13 02:00:00,61.07
2024-05-13 03:00:00,61.07
2024-05-13 04:00:00,61.07
2024-05-13 05:00:00,61.07
2024-05-13 06:00:00,61.07
2024-05-13 07:00:00,61.07
2024-05-13 08:00:00,61.07
2024-05-13 09:00:00,61.07
2024-05-13 10:00:00,61.07
2024-05-13 11:00:00,61.07
2024-05-13 12:00:00,61.07
2024-05-13 13:00:00,61.07
2024-05-13 14:00:00,61.07
2024-05-13 15:00:00,61.07
2024-05-13 16:00:00,61.07
2024-05-13 17:00:00,61.07
2024-05-13 18:00:00,61.07
2024-05-13 19:00:00,61.07
2024-05-13 20:00:00,61.07
2024-05-13 21:00:00,61.07
2024-05-13 22:00:00,61.07
2024-05-13 23:00:00,61.07
2024-05-14 00:00:00,61.07
2024-05-14 01:00:00,61.07
2024-05-14 02:00:00,61.07
2024-05-14 03:00:00,61.07
2024-05-14 04:00:00,61.07
2024-05-14 05:00:00,61.07
2024-05-14 06:00:00,61.07
2024-05-14 07:00:00,61.07
2024-05-14 08:00:00,61.07
2024-05-14 09:00:00,61.07
2024-05-14 10:00:00,61.07
2024-05-14 11:00:00,61.07
2024-05-14 12:00:00,61.07
2024-05-14 13:00:00,61.07
2024-05-14 14:00:00,61.07
2024-05-14 15:00:00,61.07
2024-05-14 16:00:00,61.07
2024-05-14 17:00:00,61.07
2024-05-14 18:00:00,61.07
2024-05-14 19:00:00,61.07
2024-05-14 20:00:00,61.07
2024-05-14 21:00:00,61.07
2024-05-14 22:00:00,61.07
2024-05-14 23:00:00,61.07
2024-05-15 00:00:00,61.07
2024-05-15 01:00:00,61.07
2024-05-15 02:00:00,61.07
2024-05-15 03:00:00,61.07
2024-05-15 04:00:00,61.07
2024-05-15 05:00:00,61.07
2024-05-15 06:00:00,61.07
2024-05-15 07:00:00,61.07
2024-05-15 08:00:00,61.07
2024-05-15 09:00:00,61.07
2024-05-15 10:00:00,61.07
2024-05-15 11:00:00,61.07
2024-05-15 12:00:00,61.07
2024-05-15 13:00:00,61.07
2024-05-15 14:00:00,61.07
2024-05-15 15:00:00,61.07
2024-05-15 16:00:00,61.07
2024-05-15 17:00:00,61.07
2024-05-15 18:00:00,61.07
2024-05-15 19:00:00,61.07
2024-05-15 20:00:00,61.07
2024-05-15 21:00:00,61.07
2024-05-15 22:00:00,61.07
2024-05-15 23:00:00,61.07
2024-05-16 00:00:00,61.07
2024-05-16 01:00:00,61.07
2024-05-16 02:00:00,61.07
2024-05-16 03:00:00,61.07
2024-05-16 04:00:00,61.07
2024-05-16 05:00:00,61.07
2024-05-16 06:00:00,61.07
2024-05-16 07:00:00,61.07
2024-05-16 08:00:00,61.07
2024-05-16 09:00:00,61.07
2024-05-16 10:00:00,61.07
2024-05-16 11:00:00,61.07
2024-05-16 12:00:00,61.07
2024-05-16 13:00:00,61.07
2024-05-16 14:00:00,61.07
2024-05-16 15:00:00,61.07
2024-05-16 16:00:00,61.07
2024-05-16 17:00:00,61.07
2024-05-16 18:00:00,61.07
2024-05-16 19:00:00,61.07
2024-05-16 20:00:00,61.07
2024-05-16 21:00:00,61.07
2024-05-16 22:00:00,61.07
2024-05-16 23:00:00,61.07
2024-05-17 00:00:00,61.07
2024-05-17 01:00:00,61.07
2024-05-17 02:00:00,61.07
2024-05-17 03:00:00,61.07
2024-05-17 04:00:00,61.07
2024-05-17 05:00:00,61.07
2024-05-17 06:00:00,61.07
2024-05-17 07:00:00,61.07
2024-05-17 08:00:00,61.07
2024-05-17 09:00:00,61.07
2024-05-17 10:00:00,61.07
2024-05-17 11:00:00,61.07
2024-05-17 12:00:00,61.07
2024-05-17 13:00:00,61.07
2024-05-17 14:00:00,61.07
2024-05-17 15:00:00,61.07
2024-05-17 16:00:00,61.07
2024-05-17 17:00:00,61.07
2024-05-17 18:00:00,61.07
2024-05-17 19:00:00,61.07
2024-05-17 20:00:00,61.07
2024-05-17 21:00:00,61.07
2024-05-17 22:00:00,61.07
2024-05-17 23:00:00,61.07
2024-05-18 00:00:00,61.07
2024-05-18 01:00:00,61.07
2024-05-18 02:00:00,61.07
2024-05-18 03:00:00,61.07
2024-05-18 04:00:00,61.07
2024-05-18 05:00:00,61.07
2024-05-18 06:00:00,61.07
2024-05-18 07:00:00,61.07
2024-05-18 08:00:00,61.07
2024-05-18 09:00:00,61.07
2024-05-18 10:00:00,61.07
2024-05-18 11:00:00,61.07
2024-05-18 12:00:00,61.07
2024-05-18 13:00:00,61.07
2024-05-18 14:00:00,61.07
2024-05-18 15:00:00,61.07
2024-05-18 16:00:00,61.07
2024-05-18 17:00:00,61.07
2024-05-18 18:00:00,61.07
2024-05-18 19:00:00,61.07
2024-05-18 20:00:00,61.07
2024-05-18 21:00:00,61.07
2024-05-18 22:00:00,61.07
2024-05-18 23:00:00,61.07
2024-05-19 00:00:00,61.07
2024-05-19 01:00:00,61.07
2024-05-19 02:00:00,61.07
2024-05-19 03:00:00,61.07
2024-05-19 04:00:00,61.07
2024-05-19 05:00:00,61.07
2024-05-19 06:00:00,61.07
2024-05-19 07:00:00,61.07
2024-05-19 08:00:00,61.07
2024-05-19 09:00:00,61.07
2024-05-19 10:00:00,61.07
2024-05-19 11:00:00,61.07
2024-05-19 12:00:00,61.07
2024-05-19 13:00:00,61.07
2024-05-19 14:00:00,61.07
2024-05-19 15:00:00,61.07
2024-05-19 16:00:00,61.07
2024-05-19 17:00:00,61.07
2024-05-19 18:00:00,61.07
2024-05-19 19:00:00,61.07
2024-05-19 20:00:00,61.07
2024-05-19 21:00:00,61.07
2024-05-19 22:00:00,61.07
2024-05-19 23:00:00,61.07
2024-05-20 00:00:00,61.07
2024-05-20 01:00:00,61.07
2024-05-20 02:00:00,61.07
2024-05-20 03:00:00,61.07
2024-05-20 04:00:00,61.07
2024-05-20 05:00:00,61.07
2024-05-20 06:00:00,61.07
2024-05-20 07:00:00,61.07
2024-05-20 08:00:00,61.07
2024-05-20 09:00:00,61.07
2024-05-20 10:00:00,61.07
2024-05-20 11:00:00,61.07
2024-05-20 12:00:00,61.07
2024-05-20 13:00:00,61.07
2024-05-20 14:00:00,61.07
2024-05-20 15:00:00,61.07
2024-05-20 16:00:00,61.07
2024-05-20 17:00:00,61.07
2024-05-20 18:00:00,61.07
2024-05-20 19:00:00,61.07
2024-05-20 20:00:00,61.07
2024-05-20 21:00:00,61.07
2024-05-20 22:00:00,61.07
2024-05-20 23:00:00,61.07
2024-05-21 00:00:00,61.07
2024-05-21 01:00:00,61.07
2024-05-21 02:00:00,61.07
2024-05-21 03:00:00,61.07
2024-05-21 04:00:00,61.07
2024-05-21 05:00:00,61.07
2024-05-21 06:00:00,61.07
2024-05-21 07:00:00,61.07
2024-05-21 08:00:00,61.07
2024-05-21 09:00:00,61.07
2024-05-21 10:00:00,61.07
2024-05-21 11:00:00,61.07
2024-05-21 12:00:00,61.07
2024-05-21 13:00:00,61.07
2024-05-21 14:00:00,61.07
2024-05-21 15:00:00,61.07
2024-05-21 16:00:00,61.07
2024-05-21 17:00:00,61.07
2024-05-21 18:00:00,61.07
2024-05-21 19:00:00,61.07
2024-05-21 20:00:00,61.07
2024-05-21 21:00:00,61.07
2024-05-21 22:00:00,61.07
2024-05-21 23:00:00,61.07
2024-05-22 00:00:00,61.07
2024-05-22 01:00:00,61.07
2024-05-22 02:00:00,61.07
2024-05-22 03:00:00,61.07
2024-05-22 04:00:00,61.07
2024-05-22 05:00:00,61.07
2024-05-22 06:00:00,61.07
2024-05-22 07:00:00,61.07
2024-05-22 08:00:00,61.07
2024-05-22 09:00:00,61.07
2024-05-22 10:00:00,61.07
2024-05-22 11:00:00,61.07
2024-05-22 12:00:00,61.07
2024-05-22 13:00:00,61.07
2024-05-22 14:00:00,61.07
2024-05-22 15:00:00,61.07
2024-05-22 16:00:00,61.07
2024-05-22 17:00:00,61.07
2024-05-22 18:00:00,61.07
2024-05-22 19:00:00,61.07
2024-05-22 20:00:00,61.07
2024-05-22 21:00:00,61.07
2024-05-22 22:00:00,61.07
2024-05-22 23:00:00,61.07
2024-05-23 00:00:00,61.07
2024-05-23 01:00:00,61.07
2024-05-23 02:00:00,61.07
2024-05-23 03:00:00,61.07
2024-05-23 04:00:00,61.07
2024-05-23 05:00:00,61.07
2024-05-23 06:00:00,61.07
2024-05-23 07:00:00,61.07
2024-05-23 08:00:00,61.07
2024-05-23 09:00:00,61.07
2024-05-23 10:00:00,61.07
2024-05-23 11:00:00,61.07
2024-05-23 12:00:00,61.07
2024-05-23 13:00:00,61.07
2024-05-23 14:00:00,61.07
2024-05-23 15:00:00,61.07
2024-05-23 16:00:00,61.07
2024-05-23 17:00:00,61.07
2024-05-23 18:00:00,61.07
2024-05-23 19:00:00,61.07
2024-05-23 20:00:00,61.07
2024-05-23 21:00:00,61.07
2024-05-23 22:00:00,61.07
2024-05-23 23:00:00,61.07
2024-05-24 00:00:00,61.07
2024-05-24 01:00:00,61.07
2024-05-24 02:00:00,61.07
2024-05-24 03:00:00,61.07
2024-05-24 04:00:00,61.07
2024-05-24 05:00:00,61.07
2024-05-24 06:00:00,61.07
2024-05-24 07:00:00,61.07
2024-05-24 08:00:00,61.07
2024-05-24 09:00:00,61.07
2024-05-24 10:00:00,61.07
2024-05-24 11:00:00,61.07
2024-05-24 12:00:00,61.07
2024-05-24 13:00:00,61.07
2024-05-24 14:00:00,61.07
2024-05-24 15:00:00,61.07
2024-05-24 16:00:00,61.07
2024-05-24 17:00:00,61.07
2024-05-24 18:00:00,61.07
2024-05-24 19:00:00,61.07
2024-05-24 20:00:00,61.07
2024-05-24 21:00:00,61.07
2024-05-24 22:00:00,61.07
2024-05-24 23:00:00,61.07
2024-05-25 00:00:00,61.07
2024-05-25 01:00:00,61.07
2024-05-25 02:00:00,61.07
2024-05-25 03:00:00,61.07
2024-05-25 04:00:00,61.07
2024-05-25 05:00:00,61.07
2024-05-25 06:00:00,61.07
2024-05-25 07:00:00,61.07
2024-05-25 08:00:00,61.07
2024-05-25 09:00:00,61.07
2024-05-25 10:00:00,61.07
2024-05-25 11:00:00,61.07
2024-05-25 12:00:00,61.07
2024-05-25 13:00:00,61.07
2024-05-25 14:00:00,61.07
2024-05-25 15:00:00,61.07
2024-05-25 16:00:00,61.07
2024-05-25 17:00:00,61.07
2024-05-25 18:00:00,61.07
2024-05-25 19:00:00,61.07
2024-05-25 20:00:00,61.07
2024-05-25 21:00:00,61.07
2024-05-25 22:00:00,61.07
2024-05-25 23:00:00,61.07
2024-05-26 00:00:00,61.07
2024-05-26 01:00:00,61.07
2024-05-26 02:00:00,61.07
2024-05-26 03:00:00,61.07
2024-05-26 04:00:00,61.07
2024-05-26 05:00:00,61.07
2024-05-26 06:00:00,61.07
2024-05-26 07:00:00,61.07
2024-05-26 08:00:00,61.07
2024-05-26 09:00:00,61.07
2024-05-26 10:00:00,61.07
2024-05-26 11:00:00,61.07
2024-05-26 12:00:00,61.07
2024-05-26 13:00:00,61.07
2024-05-26 14:00:00,61.07
2024-05-26 15:00:00,61.07
2024-05-26 16:00:00,61.07
2024-05-26 17:00:00,61.07
2024-05-26 18:00:00,61.07
2024-05-26 19:00:00,61.07
2024-05-26 20:00:00,61.07
2024-05-26 21:00:00,61.07
2024-05-26 22:00:00,61.07
2024-05-26 23:00:00,61.07
2024-05-27 00:00:00,61.07
2024-05-27 01:00:00,61.07
2024-05-27 02:00:00,61.07
2024-05-27 03:00:00,61.07
2024-05-27 04:00:00,61.07
2024-05-27 05:00:00,61.07
2024-05-27 06:00:00,61.07
2024-05-27 07:00:00,61.07
2024-05-27 08:00:00,61.07
2024-05-27 09:00:00,61.07
2024-05-27 10:00:00,61.07
2024-05-27 11:00:00,61.07
2024-05-27 12:00:00,61.07
2024-05-27 13:00:00,61.07
2024-05-27 14:00:00,61.07
2024-05-27 15:00:00,61.07
2024-05-27 16:00:00,61.07
2024-05-27 17:00:00,61.07
2024-05-27 18:00:00,61.07
2024-05-27 19:00:00,61.07
2024-05-27 20:00:00,61.07
2024-05-27 21:00:00,61.07
2024-05-27 22:00:00,61.07
2024-05-27 23:00:00,61.07
2024-05-28 00:00:00,61.07
2024-05-28 01:00:00,61.07
2024-05-28 02:00:00,61.07
2024-05-28 03:00:00,61.07
2024-05-28 04:00:00,61.07
2024-05-28 05:00:00,61.07
2024-05-28 06:00:00,61.07
2024-05-28 07:00:00,61.07
2024-05-28 08:00:00,61.07
2024-05-28 09:00:00,61.07
2024-05-28 10:00:00,61.07
2024-05-28 11:00:00,61.07
2024-05-28 12:00:00,61.07
2024-05-28 13:00:00,61.07
2024-05-28 14:00:00,61.07
2024-05-28 15:00:00,61.07
2024-05-28 16:00:00,61.07
2024-05-28 17:00:00,61.07
2024-05-28 18:00:00,61.07
2024-05-28 19:00:00,61.07
2024-05-28 20:00:00,61.07
2024-05-28 21:00:00,61.07
2024-05-28 22:00:00,61.07
2024-05-28 23:00:00,61.07
2024-05-29 00:00:00,61.07
2024-05-29 01:00:00,61.07
2024-05-29 02:00:00,61.07
2024-05-29 03:00:00,61.07
2024-05-29 04:00:00,61.07
2024-05-29 05:00:00,61.07
2024-05-29 06:00:00,61.07
2024-05-29 07:00:00,61.07
2024-05-29 08:00:00,61.07
2024-05-29 09:00:00,61.07
2024-05-29 10:00:00,61.07
2024-05-29 11:00:00,61.07
2024-05-29 12:00:00,61.07
2024-05-29 13:00:00,61.07
2024-05-29 14:00:00,61.07
2024-05-29 15:00:00,61.07
2024-05-29 16:00:00,61.07
2024-05-29 17:00:00,61.07
2024-05-29 18:00:00,61.07
2024-05-29 19:00:00,61.07
2024-05-29 20:00:00,61.07
2024-05-29 21:00:00,61.07
2024-05-29 22:00:00,61.07
2024-05-29 23:00:00,61.07
2024-05-30 00:00:00,61.07
2024-05-30 01:00:00,61.07
2024-05-30 02:00:00,61.07
2024-05-30 03:00:00,61.07
2024-05-30 04:00:00,61.07
2024-05-30 05:00:00,61.07
2024-05-30 06:00:00,61.07
2024-05-30 07:00:00,61.07
2024-05-30 08:00:00,61.07
2024-05-30 09:00:00,61.07
2024-05-30 10:00:00,61.07
2024-05-30 11:00:00,61.07
2024-05-30 12:00:00,61.07
2024-05-30 13:00:00,61.07
2024-05-30 14:00:00,61.07
2024-05-30 15:00:00,61.07
2024-05-30 16:00:00,61.07
2024-05-30 17:00:00,61.07
2024-05-30 18:00:00,61.07
2024-05-30 19:00:00,61.07
2024-05-30 20:00:00,61.07
2024-05-30 21:00:00,61.07
2024-05-30 22:00:00,61.07
2024-05-30 23:00:00,61.07
2024-05-31 00:00:00,61.07
2024-05-31 01:00:00,61.07
2024-05-31 02:00:00,61.07
2024-05-31 03:00:00,61.07
2024-05-31 04:00:00,61.07
2024-05-31 05:00:00,61.07
2024-05-31 06:00:00,61.07
2024-05-31 07:00:00,61.07
2024-05-31 08:00:00,61.07
2024-05-31 09:00:00,61.07
2024-05-31 10:00:00,61.07
2024-05-31 11:00:00,61.07
2024-05-31 12:00:00,61.07
2024-05-31 13:00:00,61.07
2024-05-31 14:00:00,61.07
2024-05-31 15:00:00,61.07
2024-05-31 16:00:00,61.07
2024-05-31 17:00:00,61.07
2024-05-31 18:00:00,61.07
2024-05-31 19:00:00,61.07
2024-05-31 20:00:00,61.07
2024-05-31 21:00:00,61.07
2024-05-31 22:00:00,61.07
2024-05-31 23:00:00,61.07
2024-06-01 00:00:00,61.07
2024-06-01 01:00:00,61.07
2024-06-01 02:00:00,61.07
2024-06-01 03:00:00,61.07
2024-06-01 04:00:00,61.07
2024-06-01 05:00:00,61.07
2024-06-01 06:00:00,61.07
2024-06-01 07:00:00,61.07
2024-06-01 08:00:00,61.07
2024-06-01 09:00:00,61.07
2024-06-01 10:00:00,61.07
2024-06-01 11:00:00,61.07
2024-06-01 12:00:00,61.07
2024-06-01 13:00:00,61.07
2024-06-01 14:00:00,61.07
2024-06-01 15:00:00,61.07
2024-06-01 16:00:00,61.07
2024-06-01 17:00:00,61.07
2024-06-01 18:00:00,61.07
2024-06-01 19:00:00,61.07
2024-06-01 20:00:00,61.07
2024-06-01 21:00:00,61.07
2024-06-01 22:00:00,61.07
2024-06-01 23:00:00,61.07
2024-06-02 00:00:00,61.07
2024-06-02 01:00:00,61.07
2024-06-02 02:00:00,61.07
2024-06-02 03:00:00,61.07
2024-06-02 04:00:00,61.07
2024-06-02 05:00:00,61.07
2024-06-02 06:00:00,61.07
2024-06-02 07:00:00,61.07
2024-06-02 08:00:00,61.07
2024-06-02 09:00:00,61.07
2024-06-02 10:00:00,61.07
2024-06-02 11:00:00,61.07
2024-06-02 12:00:00,61.07
2024-06-02 13:00:00,61.07
2024-06-02 14:00:00,61.07
2024-06-02 15:00:00,61.07
2024-06-02 16:00:00,61.07
2024-06-02 17:00:00,61.07
2024-06-02 18:00:00,61.07
2024-06-02 19:00:00,61.07
2024-06-02 20:00:00,61.07
2024-06-02 21:00:00,61.07
2024-06-02 22:00:00,61.07
2024-06-02 23:00:00,61.07
2024-06-03 00:00:00,61.07
2024-06-03 01:00:00,61.07
2024-06-03 02:00:00,61.07
2024-06-03 03:00:00,61.07
2024-06-03 04:00:00,61.07
2024-06-03 05:00:00,61.07
2024-06-03 06:00:00,61.07
2024-06-03 07:00:00,61.07
2024-06-03 08:00:00,61.07
2024-06-03 09:00:00,61.07
2024-06-03 10:00:00,61.07
2024-06-03 11:00:00,61.07
2024-06-03 12:00:00,61.07
2024-06-03 13:00:00,61.07
2024-06-03 14:00:00,61.07
2024-06-03 15:00:00,61.07
2024-06-03 16:00:00,61.07
2024-06-03 17:00:00,61.07
2024-06-03 18:00:00,61.07
2024-06-03 19:00:00,61.07
2024-06-03 20:00:00,61.07
2024-06-03 21:00:00,61.07
2024-06-03 22:00:00,61.07
2024-06-03 23:00:00,61.07
2024-06-04 00:00:00,61.07
2024-06-04 01:00:00,61.07
2024-06-04 02:00:00,61.07
2024-06-04 03:00:00,61.07
2024-06-04 04:00:00,61.07
2024-06-04 05:00:00,61.07
2024-06-04 06:00:00,61.07
2024-06-04 07:00:00,61.07
2024-06-04 08:00:00,61.07
2024-06-04 09:00:00,61.07
2024-06-04 10:00:00,61.07
2024-06-04 11:00:00,61.07
2024-06-04 12:00:00,61.07
2024-06-04 13:00:00,61.07
2024-06-04 14:00:00,61.07
2024-06-04 15:00:00,61.07
2024-06-04 16:00:00,61.07
2024-06-04 17:00:00,61.07
2024-06-04 18:00:00,61.07
2024-06-04 19:00:00,61.07
2024-06-04 20:00:00,61.07
2024-06-04 21:00:00,61.07
2024-06-04 22:00:00,61.07
2024-06-04 23:00:00,61.07
2024-06-05 00:00:00,61.07
2024-06-05 01:00:00,61.07
2024-06-05 02:00:00,61.07
2024-06-05 03:00:00,61.07
2024-06-05 04:00:00,61.07
2024-06-05 05:00:00,61.07
2024-06-05 06:00:00,61.07
2024-06-05 07:00:00,61.07
2024-06-05 08:00:00,61.07
2024-06-05 09:00:00,61.07
2024-06-05 10:00:00,61.07
2024-06-05 11:00:00,61.07
2024-06-05 12:00:00,61.07
2024-06-05 13:00:00,61.07
2024-06-05 14:00:00,61.07
2024-06-05 15:00:00,61.07
2024-06-05 16:00:00,61.07
2024-06-05 17:00:00,61.07
2024-06-05 18:00:00,61.07
2024-06-05 19:00:00,61.07
2024-06-05 20:00:00,61.07
2024-06-05 21:00:00,61.07
2024-06-05 22:00:00,61.07
2024-06-05 23:00:00,61.07
2024-06-06 00:00:00,61.07
2024-06-06 01:00:00,61.07
2024-06-06 02:00:00,61.07
2024-06-06 03:00:00,61.07
2024-06-06 04:00:00,61.07
2024-06-06 05:00:00,61.07
2024-06-06 06:00:00,61.07
2024-06-06 07:00:00,61.07
2024-06-06 08:00:00,61.07
2024-06-06 09:00:00,61.07
2024-06-06 10:00:00,61.07
2024-06-06 11:00:00,61.07
2024-06-06 12:00:00,61.07
2024-06-06 13:00:00,61.07
2024-06-06 14:00:00,61.07
2024-06-06 15:00:00,61.07
2024-06-06 16:00:00,61.07
2024-06-06 17:00:00,61.07
2024-06-06 18:00:00,61.07
2024-06-06 19:00:00,61.07
2024-06-06 20:00:00,61.07
2024-06-06 21:00:00,61.07
2024-06-06 22:00:00,61.07
2024-06-06 23:00:00,61.07
2024-06-07 00:00:00,61.07
2024-06-07 01:00:00,61.07
2024-06-07 02:00:00,61.07
2024-06-07 03:00:00,61.07
2024-06-07 04:00:00,61.07
2024-06-07 05:00:00,61.07
2024-06-07 06:00:00,61.07
2024-06-07 07:00:00,61.07
2024-06-07 08:00:00,61.07
2024-06-07 09:00:00,61.07
2024-06-07 10:00:00,61.07
2024-06-07 11:00:00,61.07
2024-06-07 12:00:00,61.07
2024-06-07 13:00:00,61.07
2024-06-07 14:00:00,61.07
2024-06-07 15:00:00,61.07
2024-06-07 16:00:00,61.07
2024-06-07 17:00:00,61.07
2024-06-07 18:00:00,61.07
2024-06-07 19:00:00,61.07
2024-06-07 20:00:00,61.07
2024-06-07 21:00:00,61.07
2024-06-07 22:00:00,61.07
2024-06-07 23:00:00,61.07
2024-06-08 00:00:00,61.07
2024-06-08 01:00:00,61.07
2024-06-08 02:00:00,61.07
2024-06-08 03:00:00,61.07
2024-06-08 04:00:00,61.07
2024-06-08 05:00:00,61.07
2024-06-08 06:00:00,61.07
2024-06-08 07:00:00,61.07
2024-06-08 08:00:00,61.07
2024-06-08 09:00:00,61.07
2024-06-08 10:00:00,61.07
2024-06-08 11:00:00,61.07
2024-06-08 12:00:00,61.07
2024-06-08 13:00:00,61.07
2024-06-08 14:00:00,61.07
2024-06-08 15:00:00,61.07
2024-06-08 16:00:00,61.07
2024-06-08 17:00:00,61.07
2024-06-08 18:00:00,61.07
2024-06-08 19:00:00,61.07
2024-06-08 20:00:00,61.07
2024-06-08 21:00:00,61.07
2024-06-08 22:00:00,61.07
2024-06-08 23:00:00,61.07
2024-06-09 00:00:00,61.07
2024-06-09 01:00:00,61.07
2024-06-09 02:00:00,61.07
2024-06-09 03:00:00,61.07
2024-06-09 04:00:00,61.07
2024-06-09 05:00:00,61.07
2024-06-09 06:00:00,61.07
2024-06-09 07:00:00,61.07
2024-06-09 08:00:00,61.07
2024-06-09 09:00:00,61.07
2024-06-09 10:00:00,61.07
2024-06-09 11:00:00,61.07
2024-06-09 12:00:00,61.07
2024-06-09 13:00:00,61.07
2024-06-09 14:00:00,61.07
2024-06-09 15:00:00,61.07
2024-06-09 16:00:00,61.07
2024-06-09 17:00:00,61.07
2024-06-09 18:00:00,61.07
2024-06-09 19:00:00,61.07
2024-06-09 20:00:00,61.07
2024-06-09 21:00:00,61.07
2024-06-09 22:00:00,61.07
2024-06-09 23:00:00,61.07
2024-06-10 00:00:00,61.07
2024-06-10 01:00:00,61.07
2024-06-10 02:00:00,61.07
2024-06-10 03:00:00,61.07
2024-06-10 04:00:00,61.07
2024-06-10 05:00:00,61.07
2024-06-10 06:00:00,61.07
2024-06-10 07:00:00,61.07
2024-06-10 08:00:00,61.07
2024-06-10 09:00:00,61.07
2024-06-10 10:00:00,61.07
2024-06-10 11:00:00,61.07
2024-06-10 12:00:00,61.07
2024-06-10 13:00:00,61.07
2024-06-10 14:00:00,61.07
2024-06-10 15:00:00,61.07
2024-06-10 16:00:00,61.07
2024-06-10 17:00:00,61.07
2024-06-10 18:00:00,61.07
2024-06-10 19:00:00,61.07
2024-06-10 20:00:00,61.07
2024-06-10 21:00:00,61.07
2024-06-10 22:00:00,61.07
2024-06-10 23:00:00,61.07
2024-06-11 00:00:00,61.07
2024-06-11 01:00:00,61.07
2024-06-11 02:00:00,61.07
2024-06-11 03:00:00,61.07
2024-06-11 04:00:00,61.07
2024-06-11 05:00:00,61.07
2024-06-11 06:00:00,61.07
2024-06-11 07:00:00,61.07
2024-06-11 08:00:00,61.07
2024-06-11 09:00:00,61.07
2024-06-11 10:00:00,61.07
2024-06-11 11:00:00,61.07
2024-06-11 12:00:00,61.07
2024-06-11 13:00:00,61.07
2024-06-11 14:00:00,61.07
2024-06-11 15:00:00,61.07
2024-06-11 16:00:00,61.07
2024-06-11 17:00:00,61.07
2024-06-11 18:00:00,61.07
2024-06-11 19:00:00,61.07
2024-06-11 20:00:00,61.07
2024-06-11 21:00:00,61.07
2024-06-11 22:00:00,61.07
2024-06-11 23:00:00,61.07
2024-06-12 00:00:00,61.07
2024-06-12 01:00:00,61.07
2024-06-12 02:00:00,61.07
2024-06-12 03:00:00,61.07
2024-06-12 04:00:00,61.07
2024-06-12 05:00:00,61.07
2024-06-12 06:00:00,61.07
2024-06-12 07:00:00,61.07
2024-06-12 08:00:00,61.07
2024-06-12 09:00:00,61.07
2024-06-12 10:00:00,61.07
2024-06-12 11:00:00,61.07
2024-06-12 12:00:00,61.07
2024-06-12 13:00:00,61.07
2024-06-12 14:00:00,61.07
2024-06-12 15:00:00,61.07
2024-06-12 16:00:00,61.07
2024-06-12 17:00:00,61.07
2024-06-12 18:00:00,61.07
2024-06-12 19:00:00,61.07
2024-06-12 20:00:00,61.07
2024-06-12 21:00:00,61.07
2024-06-12 22:00:00,61.07
2024-06-12 23:00:00,61.07
2024-06-13 00:00:00,61.07
2024-06-13 01:00:00,61.07
2024-06-13 02:00:00,61.07
2024-06-13 03:00:00,61.07
2024-06-13 04:00:00,61.07
2024-06-13 05:00:00,61.07
2024-06-13 06:00:00,61.07
2024-06-13 07:00:00,61.07
2024-06-13 08:00:00,61.07
2024-06-13 09:00:00,61.07
2024-06-13 10:00:00,61.07
2024-06-13 11:00:00,61.07
2024-06-13 12:00:00,61.07
2024-06-13 13:00:00,61.07
2024-06-13 14:00:00,61.07
2024-06-13 15:00:00,61.07
2024-06-13 16:00:00,61.07
2024-06-13 17:00:00,61.07
2024-06-13 18:00:00,61.07
2024-06-13 19:00:00,61.07
2024-06-13 20:00:00,61.07
2024-06-13 21:00:00,61.07
2024-06-13 22:00:00,61.07
2024-06-13 23:00:00,61.07
2024-06-14 00:00:00,61.07
2024-06-14 01:00:00,61.07
2024-06-14 02:00:00,61.07
2024-06-14 03:00:00,61.07
2024-06-14 04:00:00,61.07
2024-06-14 05:00:00,61.07
2024-06-14 06:00:00,61.07
2024-06-14 07:00:00,61.07
2024-06-14 08:00:00,61.07
2024-06-14 09:00:00,61.07
2024-06-14 10:00:00,61.07
2024-06-14 11:00:00,61.07
2024-06-14 12:00:00,61.07
2024-06-14 13:00:00,61.07
2024-06-14 14:00:00,61.07
2024-06-14 15:00:00,61.07
2024-06-14 16:00:00,61.07
2024-06-14 17:00:00,61.07
2024-06-14 18:00:00,61.07
2024-06-14 19:00:00,61.07
2024-06-14 20:00:00,61.07
2024-06-14 21:00:00,61.07
2024-06-14 22:00:00,61.07
2024-06-14 23:00:00,61.07
2024-06-15 00:00:00,61.07
2024-06-15 01:00:00,61.07
2024-06-15 02:00:00,61.07
2024-06-15 03:00:00,61.07
2024-06-15 04:00:00,61.07
2024-06-15 05:00:00,61.07
2024-06-15 06:00:00,61.07
2024-06-15 07:00:00,61.07
2024-06-15 08:00:00,61.07
2024-06-15 09:00:00,61.07
2024-06-15 10:00:00,61.07
2024-06-15 11:00:00,61.07
2024-06-15 12:00:00,61.07
2024-06-15 13:00:00,61.07
2024-06-15 14:00:00,61.07
2024-06-15 15:00:00,61.07
2024-06-15 16:00:00,61.07
2024-06-15 17:00:00,61.07
2024-06-15 18:00:00,61.07
2024-06-15 19:00:00,61.07
2024-06-15 20:00:00,61.07
2024-06-15 21:00:00,61.07
2024-06-15 22:00:00,61.07
2024-06-15 23:00:00,61.07
2024-06-16 00:00:00,61.07
2024-06-16 01:00:00,61.07
2024-06-16 02:00:00,61.07
2024-06-16 03:00:00,61.07
2024-06-16 04:00:00,61.07
2024-06-16 05:00:00,61.07
2024-06-16 06:00:00,61.07
2024-06-16 07:00:00,61.07
2024-06-16 08:00:00,61.07
2024-06-16 09:00:00,61.07
2024-06-16 10:00:00,61.07
2024-06-16 11:00:00,61.07
2024-06-16 12:00:00,61.07
2024-06-16 13:00:00,61.07
2024-06-16 14:00:00,61.07
2024-06-16 15:00:00,61.07
2024-06-16 16:00:00,61.07
2024-06-16 17:00:00,61.07
2024-06-16 18:00:00,61.07
2024-06-16 19:00:00,61.07
2024-06-16 20:00:00,61.07
2024-06-16 21:00:00,61.07
2024-06-16 22:00:00,61.07
2024-06-16 23:00:00,61.07
2024-06-17 00:00:00,61.07
2024-06-17 01:00:00,61.07
2024-06-17 02:00:00,61.07
2024-06-17 03:00:00,61.07
2024-06-17 04:00:00,61.07
2024-06-17 05:00:00,61.07
2024-06-17 06:00:00,61.07
2024-06-17 07:00:00,61.07
2024-06-17 08:00:00,61.07
2024-06-17 09:00:00,61.07
2024-06-17 10:00:00,61.07
2024-06-17 11:00:00,61.07
2024-06-17 12:00:00,61.07
2024-06-17 13:00:00,61.07
2024-06-17 14:00:00,61.07
2024-06-17 15:00:00,61.07
2024-06-17 16:00:00,61.07
2024-06-17 17:00:00,61.07
2024-06-17 18:00:00,61.07
2024-06-17 19:00:00,61.07
2024-06-17 20:00:00,61.07
2024-06-17 21:00:00,61.07
2024-06-17 22:00:00,61.07
2024-06-17 23:00:00,61.07
2024-06-18 00:00:00,61.07
2024-06-18 01:00:00,61.07
2024-06-18 02:00:00,61.07
2024-06-18 03:00:00,61.07
2024-06-18 04:00:00,61.07
2024-06-18 05:00:00,61.07
2024-06-18 06:00:00,61.07
2024-06-18 07:00:00,61.07
2024-06-18 08:00:00,61.07
2024-06-18 09:00:00,61.07
2024-06-18 10:00:00,61.07
2024-06-18 11:00:00,61.07
2024-06-18 12:00:00,61.07
2024-06-18 13:00:00,61.07
2024-06-18 14:00:00,61.07
2024-06-18 15:00:00,61.07
2024-06-18 16:00:00,61.07
2024-06-18 17:00:00,61.07
2024-06-18 18:00:00,61.07
2024-06-18 19:00:00,61.07
2024-06-18 20:00:00,61.07
2024-06-18 21:00:00,61.07
2024-06-18 22:00:00,61.07
2024-06-18 23:00:00,61.07
2024-06-19 00:00:00,61.07
2024-06-19 01:00:00,61.07
2024-06-19 02:00:00,61.07
2024-06-19 03:00:00,61.07
2024-06-19 04:00:00,61.07
2024-06-19 05:00:00,61.07
2024-06-19 06:00:00,61.07
2024-06-19 07:00:00,61.07
2024-06-19 08:00:00,61.07
2024-06-19 09:00:00,61.07
2024-06-19 10:00:00,61.07
2024-06-19 11:00:00,61.07
2024-06-19 12:00:00,61.07
2024-06-19 13:00:00,61.07
2024-06-19 14:00:00,61.07
2024-06-19 15:00:00,61.07
2024-06-19 16:00:00,61.07
2024-06-19 17:00:00,61.07
2024-06-19 18:00:00,61.07
2024-06-19 19:00:00,61.07
2024-06-19 20:00:00,61.07
2024-06-19 21:00:00,61.07
2024-06-19 22:00:00,61.07
2024-06-19 23:00:00,61.07
2024-06-20 00:00:00,61.07
2024-06-20 01:00:00,61.07
2024-06-20 02:00:00,61.07
2024-06-20 03:00:00,61.07
2024-06-20 04:00:00,61.07
2024-06-20 05:00:00,61.07
2024-06-20 06:00:00,61.07
2024-06-20 07:00:00,61.07
2024-06-20 08:00:00,61.07
2024-06-20 09:00:00,61.07
2024-06-20 10:00:00,61.07
2024-06-20 11:00:00,61.07
2024-06-20 12:00:00,61.07
2024-06-20 13:00:00,61.07
2024-06-20 14:00:00,61.07
2024-06-20 15:00:00,61.07
2024-06-20 16:00:00,61.07
2024-06-20 17:00:00,61.07
2024-06-20 18:00:00,61.07
2024-06-20 19:00:00,61.07
2024-06-20 20:00:00,61.07
2024-06-20 21:00:00,61.07
2024-06-20 22:00:00,61.07
2024-06-20 23:00:00,61.07
2024-06-21 00:00:00,61.07
2024-06-21 01:00:00,61.07
2024-06-21 02:00:00,61.07
2024-06-21 03:00:00,61.07
2024-06-21 04:00:00,61.07
2024-06-21 05:00:00,61.07
2024-06-21 06:00:00,61.07
2024-06-21 07:00:00,61.07
2024-06-21 08:00:00,61.07
2024-06-21 09:00:00,61.07
2024-06-21 10:00:00,61.07
2024-06-21 11:00:00,61.07
2024-06-21 12:00:00,61.07
2024-06-21 13:00:00,61.07
2024-06-21 14:00:00,61.07
2024-06-21 15:00:00,61.07
2024-06-21 16:00:00,61.07
2024-06-21 17:00:00,61.07
2024-06-21 18:00:00,61.07
2024-06-21 19:00:00,61.07
2024-06-21 20:00:00,61.07
2024-06-21 21:00:00,61.07
2024-06-21 22:00:00,61.07
2024-06-21 23:00:00,61.07
2024-06-22 00:00:00,61.07
2024-06-22 01:00:00,61.07
2024-06-22 02:00:00,61.07
2024-06-22 03:00:00,61.07
2024-06-22 04:00:00,61.07
2024-06-22 05:00:00,61.07
2024-06-22 06:00:00,61.07
2024-06-22 07:00:00,61.07
2024-06-22 08:00:00,61.07
2024-06-22 09:00:00,61.07
2024-06-22 10:00:00,61.07
2024-06-22 11:00:00,61.07
2024-06-22 12:00:00,61.07
2024-06-22 13:00:00,61.07
2024-06-22 14:00:00,61.07
2024-06-22 15:00:00,61.07
2024-06-22 16:00:00,61.07
2024-06-22 17:00:00,61.07
2024-06-22 18:00:00,61.07
2024-06-22 19:00:00,61.07
2024-06-22 20:00:00,61.07
2024-06-22 21:00:00,61.07
2024-06-22 22:00:00,61.07
2024-06-22 23:00:00,61.07
2024-06-23 00:00:00,61.07
2024-06-23 01:00:00,61.07
2024-06-23 02:00:00,61.07
2024-06-23 03:00:00,61.07
2024-06-23 04:00:00,61.07
2024-06-23 05:00:00,61.07
2024-06-23 06:00:00,61.07
2024-06-23 07:00:00,61.07
2024-06-23 08:00:00,61.07
2024-06-23 09:00:00,61.07
2024-06-23 10:00:00,61.07
2024-06-23 11:00:00,61.07
2024-06-23 12:00:00,61.07
2024-06-23 13:00:00,61.07
2024-06-23 14:00:00,61.07
2024-06-23 15:00:00,61.07
2024-06-23 16:00:00,61.07
2024-06-23 17:00:00,61.07
2024-06-23 18:00:00,61.07
2024-06-23 19:00:00,61.07
2024-06-23 20:00:00,61.07
2024-06-23 21:00:00,61.07
2024-06-23 22:00:00,61.07
2024-06-23 23:00:00,61.07
2024-06-24 00:00:00,61.07
2024-06-24 01:00:00,61.07
2024-06-24 02:00:00,61.07
2024-06-24 03:00:00,61.07
2024-06-24 04:00:00,61.07
2024-06-24 05:00:00,61.07
2024-06-24 06:00:00,61.07
2024-06-24 07:00:00,61.07
2024-06-24 08:00:00,61.07
2024-06-24 09:00:00,61.07
2024-06-24 10:00:00,61.07
2024-06-24 11:00:00,61.07
2024-06-24 12:00:00,61.07
2024-06-24 13:00:00,61.07
2024-06-24 14:00:00,61.07
2024-06-24 15:00:00,61.07
2024-06-24 16:00:00,61.07
2024-06-24 17:00:00,61.07
2024-06-24 18:00:00,61.07
2024-06-24 19:00:00,61.07
2024-06-24 20:00:00,61.07
2024-06-24 21:00:00,61.07
2024-06-24 22:00:00,61.07
2024-06-24 23:00:00,61.07
2024-06-25 00:00:00,61.07
2024-06-25 01:00:00,61.07
2024-06-25 02:00:00,61.07
2024-06-25 03:00:00,61.07
2024-06-25 04:00:00,61.07
2024-06-25 05:00:00,61.07
2024-06-25 06:00:00,61.07
2024-06-25 07:00:00,61.07
2024-06-25 08:00:00,61.07
2024-06-25 09:00:00,61.07
2024-06-25 10:00:00,61.07
2024-06-25 11:00:00,61.07
2024-06-25 12:00:00,61.07
2024-06-25 13:00:00,61.07
2024-06-25 14:00:00,61.07
2024-06-25 15:00:00,61.07
2024-06-25 16:00:00,61.07
2024-06-25 17:00:00,61.07
2024-06-25 18:00:00,61.07
2024-06-25 19:00:00,61.07
2024-06-25 20:00:00,61.07
2024-06-25 21:00:00,61.07
2024-06-25 22:00:00,61.07
2024-06-25 23:00:00,61.07
2024-06-26 00:00:00,61.07
2024-06-26 01:00:00,61.07
2024-06-26 02:00:00,61.07
2024-06-26 03:00:00,61.07
2024-06-26 04:00:00,61.07
2024-06-26 05:00:00,61.07
2024-06-26 06:00:00,61.07
2024-06-26 07:00:00,61.07
2024-06-26 08:00:00,61.07
2024-06-26 09:00:00,61.07
2024-06-26 10:00:00,61.07
2024-06-26 11:00:00,61.07
2024-06-26 12:00:00,61.07
2024-06-26 13:00:00,61.07
2024-06-26 14:00:00,61.07
2024-06-26 15:00:00,61.07
2024-06-26 16:00:00,61.07
2024-06-26 17:00:00,61.07
2024-06-26 18:00:00,133.31
2024-06-26 19:00:00,61.07
2024-06-26 20:00:00,61.07
2024-06-26 21:00:00,61.07
2024-06-26 22:00:00,61.07
2024-06-26 23:00:00,61.07
2024-06-27 00:00:00,61.07
2024-06-27 01:00:00,61.07
2024-06-27 02:00:00,61.07
2024-06-27 03:00:00,61.07
2024-06-27 04:00:00,61.07
2024-06-27 05:00:00,61.07
2024-06-27 06:00:00,61.07
2024-06-27 07:00:00,61.07
2024-06-27 08:00:00,61.07
2024-06-27 09:00:00,61.07
2024-06-27 10:00:00,61.07
2024-06-27 11:00:00,61.07
2024-06-27 12:00:00,61.07
2024-06-27 13:00:00,61.07
2024-06-27 14:00:00,61.07
2024-06-27 15:00:00,61.07
2024-06-27 16:00:00,61.07
2024-06-27 17:00:00,119.98
2024-06-27 18:00:00,190.37
2024-06-27 19:00:00,61.07
2024-06-27 20:00:00,61.07
2024-06-27 21:00:00,61.07
2024-06-27 22:00:00,61.07
2024-06-27 23:00:00,61.07
2024-06-28 00:00:00,61.07
2024-06-28 01:00:00,61.07
2024-06-28 02:00:00,61.07
2024-06-28 03:00:00,61.07
2024-06-28 04:00:00,61.07
2024-06-28 05:00:00,61.07
2024-06-28 06:00:00,61.07
2024-06-28 07:00:00,61.07
2024-06-28 08:00:00,61.07
2024-06-28 09:00:00,61.07
2024-06-28 10:00:00,61.07
2024-06-28 11:00:00,61.07
2024-06-28 12:00:00,61.07
2024-06-28 13:00:00,61.07
2024-06-28 14:00:00,61.07
2024-06-28 15:00:00,61.07
2024-06-28 16:00:00,61.07
2024-06-28 17:00:00,125.32
2024-06-28 18:00:00,1470.57
2024-06-28 19:00:00,61.07
2024-06-28 20:00:00,61.07
2024-06-28 21:00:00,61.07
2024-06-28 22:00:00,61.07
2024-06-28 23:00:00,61.07
2024-06-29 00:00:00,112.97
2024-06-29 01:00:00,111.32
2024-06-29 02:00:00,110.16
2024-06-29 03:00:00,109.42
2024-06-29 04:00:00,109.43
2024-06-29 05:00:00,109.89
2024-06-29 06:00:00,110.33
2024-06-29 07:00:00,109.37
2024-06-29 08:00:00,107.56
2024-06-29 09:00:00,106.2
2024-06-29 10:00:00,105.9
2024-06-29 11:00:00,106.46
2024-06-29 12:00:00,105.99
2024-06-29 13:00:00,106.67
2024-06-29 14:00:00,108.13
2024-06-29 15:00:00,109.76
2024-06-29 16:00:00,113.69
2024-06-29 17:00:00,121.3
2024-06-29 18:00:00,127.64
2024-06-29 19:00:00,123.4
2024-06-29 20:00:00,117.61
2024-06-29 21:00:00,114.97
2024-06-29 22:00:00,112.83
2024-06-29 23:00:00,111.91
2024-06-30 00:00:00,110.7
2024-06-30 01:00:00,109.37
2024-06-30 02:00:00,108.61
2024-06-30 03:00:00,108.46
2024-06-30 04:00:00,108.73
2024-06-30 05:00:00,108.41
2024-06-30 06:00:00,108.01
2024-06-30 07:00:00,104.34
2024-06-30 08:00:00,61.07
2024-06-30 09:00:00,61.07
2024-06-30 10:00:00,61.07
2024-06-30 11:00:00,61.07
2024-06-30 12:00:00,61.07
2024-06-30 13:00:00,61.07
2024-06-30 14:00:00,96.91
2024-06-30 15:00:00,105.64
2024-06-30 16:00:00,110.67
2024-06-30 17:00:00,116.85
2024-06-30 18:00:00,123.03
2024-06-30 19:00:00,118.6
2024-06-30 20:00:00,114.37
2024-06-30 21:00:00,113.49
2024-06-30 22:00:00,111.7
2024-06-30 23:00:00,110.4
2024-07-01 00:00:00,109.73
2024-07-01 01:00:00,109.12
2024-07-01 02:00:00,108.06
2024-07-01 03:00:00,107.5
2024-07-01 04:00:00,107.84
2024-07-01 05:00:00,109.48
2024-07-01 06:00:00,109.98
2024-07-01 07:00:00,109.28
2024-07-01 08:00:00,61.07
2024-07-01 09:00:00,61.07
2024-07-01 10:00:00,61.07
2024-07-01 11:00:00,108.69
2024-07-01 12:00:00,108.18
2024-07-01 13:00:00,109.48
2024-07-01 14:00:00,110.11
2024-07-01 15:00:00,113.01
2024-07-01 16:00:00,116.97
2024-07-01 17:00:00,123.64
2024-07-01 18:00:00,125.81
2024-07-01 19:00:00,122.79
2024-07-01 20:00:00,118.53
2024-07-01 21:00:00,117.12
2024-07-01 22:00:00,114.36
2024-07-01 23:00:00,111.93
2024-07-02 00:00:00,110.3
2024-07-02 01:00:00,109.54
2024-07-02 02:00:00,109.16
2024-07-02 03:00:00,108.64
2024-07-02 04:00:00,108.96
2024-07-02 05:00:00,109.71
2024-07-02 06:00:00,110.22
2024-07-02 07:00:00,109.11
2024-07-02 08:00:00,61.07
2024-07-02 09:00:00,61.07
2024-07-02 10:00:00,61.07
2024-07-02 11:00:00,61.07
2024-07-02 12:00:00,61.07
2024-07-02 13:00:00,108.09
2024-07-02 14:00:00,109.8
2024-07-02 15:00:00,112.64
2024-07-02 16:00:00,116.12
2024-07-02 17:00:00,124.95
2024-07-02 18:00:00,127.11
2024-07-02 19:00:00,122.81
2024-07-02 20:00:00,119.97
2024-07-02 21:00:00,117.71
2024-07-02 22:00:00,114.33
2024-07-02 23:00:00,112.2
2024-07-03 00:00:00,110.44
2024-07-03 01:00:00,109.85
2024-07-03 02:00:00,108.97
2024-07-03 03:00:00,108.76
2024-07-03 04:00:00,109.11
2024-07-03 05:00:00,109.93
2024-07-03 06:00:00,110.12
2024-07-03 07:00:00,61.07
2024-07-03 08:00:00,61.07
2024-07-03 09:00:00,61.07
2024-07-03 10:00:00,61.07
2024-07-03 11:00:00,107.86
2024-07-03 12:00:00,107.14
2024-07-03 13:00:00,109.31
2024-07-03 14:00:00,110.69
2024-07-03 15:00:00,112.61
2024-07-03 16:00:00,119.73
2024-07-03 17:00:00,125.24
2024-07-03 18:00:00,190.44
2024-07-03 19:00:00,124.84
2024-07-03 20:00:00,122.18
2024-07-03 21:00:00,119.6
2024-07-03 22:00:00,115.43
2024-07-03 23:00:00,113.06
2024-07-04 00:00:00,111.65
2024-07-04 01:00:00,110.47
2024-07-04 02:00:00,110.12
2024-07-04 03:00:00,109.57
2024-07-04 04:00:00,109.86
2024-07-04 05:00:00,110.44
2024-07-04 06:00:00,110.66
2024-07-04 07:00:00,110.37
2024-07-04 08:00:00,61.07
2024-07-04 09:00:00,61.07
2024-07-04 10:00:00,61.07
2024-07-04 11:00:00,109.21
2024-07-04 12:00:00,108.9
2024-07-04 13:00:00,110.34
2024-07-04 14:00:00,111.16
2024-07-04 15:00:00,112.81
2024-07-04 16:00:00,119.48
2024-07-04 17:00:00,125.36
2024-07-04 18:00:00,325.26
2024-07-04 19:00:00,125.32
2024-07-04 20:00:00,122.05
2024-07-04 21:00:00,121.21
2024-07-04 22:00:00,116.48
2024-07-04 23:00:00,113.31
2024-07-05 00:00:00,111.0
2024-07-05 01:00:00,109.84
2024-07-05 02:00:00,109.92
2024-07-05 03:00:00,109.47
2024-07-05 04:00:00,109.44
2024-07-05 05:00:00,109.88
2024-07-05 06:00:00,110.69
2024-07-05 07:00:00,110.45
2024-07-05 08:00:00,109.82
2024-07-05 09:00:00,109.29
2024-07-05 10:00:00,109.38
2024-07-05 11:00:00,109.24
2024-07-05 12:00:00,108.9
2024-07-05 13:00:00,109.66
2024-07-05 14:00:00,110.78
2024-07-05 15:00:00,112.26
2024-07-05 16:00:00,118.54
2024-07-05 17:00:00,124.47
2024-07-05 18:00:00,219.12
2024-07-05 19:00:00,124.14
2024-07-05 20:00:00,121.55
2024-07-05 21:00:00,119.63
2024-07-05 22:00:00,115.26
2024-07-05 23:00:00,112.62
2024-07-06 00:00:00,96.32
2024-07-06 01:00:00,94.35
2024-07-06 02:00:00,93.74
2024-07-06 03:00:00,93.31
2024-07-06 04:00:00,92.92
2024-07-06 05:00:00,93.34
2024-07-06 06:00:00,93.08
2024-07-06 07:00:00,92.15
2024-07-06 08:00:00,91.15
2024-07-06 09:00:00,89.6
2024-07-06 10:00:00,88.86
2024-07-06 11:00:00,88.85
2024-07-06 12:00:00,88.74
2024-07-06 13:00:00,89.35
2024-07-06 14:00:00,91.47
2024-07-06 15:00:00,93.73
2024-07-06 16:00:00,96.19
2024-07-06 17:00:00,104.1
2024-07-06 18:00:00,137.67
2024-07-06 19:00:00,105.46
2024-07-06 20:00:00,101.12
2024-07-06 21:00:00,98.05
2024-07-06 22:00:00,97.1
2024-07-06 23:00:00,95.45
2024-07-07 00:00:00,94.36
2024-07-07 01:00:00,93.36
2024-07-07 02:00:00,91.73
2024-07-07 03:00:00,90.79
2024-07-07 04:00:00,90.78
2024-07-07 05:00:00,90.66
2024-07-07 06:00:00,88.46
2024-07-07 07:00:00,80.52
2024-07-07 08:00:00,61.07
2024-07-07 09:00:00,61.07
2024-07-07 10:00:00,61.07
2024-07-07 11:00:00,61.07
2024-07-07 12:00:00,61.07
2024-07-07 13:00:00,61.07
2024-07-07 14:00:00,61.07
2024-07-07 15:00:00,86.18
2024-07-07 16:00:00,93.29
2024-07-07 17:00:00,99.26
2024-07-07 18:00:00,104.29
2024-07-07 19:00:00,102.14
2024-07-07 20:00:00,98.29
2024-07-07 21:00:00,96.86
2024-07-07 22:00:00,96.33
2024-07-07 23:00:00,95.42
2024-07-08 00:00:00,95.79
2024-07-08 01:00:00,94.09
2024-07-08 02:00:00,92.81
2024-07-08 03:00:00,92.78
2024-07-08 04:00:00,93.01
2024-07-08 05:00:00,94.6
2024-07-08 06:00:00,95.59
2024-07-08 07:00:00,95.26
2024-07-08 08:00:00,94.98
2024-07-08 09:00:00,94.67
2024-07-08 10:00:00,94.94
2024-07-08 11:00:00,95.13
2024-07-08 12:00:00,95.17
2024-07-08 13:00:00,95.63
2024-07-08 14:00:00,96.99
2024-07-08 15:00:00,98.83
2024-07-08 16:00:00,103.83
2024-07-08 17:00:00,107.16
2024-07-08 18:00:00,127.09
2024-07-08 19:00:00,108.9
2024-07-08 20:00:00,106.93
2024-07-08 21:00:00,105.86
2024-07-08 22:00:00,100.82
2024-07-08 23:00:00,97.98
2024-07-09 00:00:00,96.96
2024-07-09 01:00:00,95.46
2024-07-09 02:00:00,95.04
2024-07-09 03:00:00,94.67
2024-07-09 04:00:00,95.1
2024-07-09 05:00:00,95.5
2024-07-09 06:00:00,95.97
2024-07-09 07:00:00,95.64
2024-07-09 08:00:00,95.34
2024-07-09 09:00:00,94.98
2024-07-09 10:00:00,95.1
2024-07-09 11:00:00,95.03
2024-07-09 12:00:00,94.91
2024-07-09 13:00:00,95.74
2024-07-09 14:00:00,97.2
2024-07-09 15:00:00,98.22
2024-07-09 16:00:00,101.35
2024-07-09 17:00:00,107.45
2024-07-09 18:00:00,129.33
2024-07-09 19:00:00,107.58
2024-07-09 20:00:00,105.37
2024-07-09 21:00:00,102.45
2024-07-09 22:00:00,99.44
2024-07-09 23:00:00,98.07
2024-07-10 00:00:00,96.3
2024-07-10 01:00:00,94.85
2024-07-10 02:00:00,94.25
2024-07-10 03:00:00,94.06
2024-07-10 04:00:00,94.35
2024-07-10 05:00:00,95.1
2024-07-10 06:00:00,95.75
2024-07-10 07:00:00,95.54
2024-07-10 08:00:00,95.25
2024-07-10 09:00:00,95.03
2024-07-10 10:00:00,95.14
2024-07-10 11:00:00,94.75
2024-07-10 12:00:00,94.29
2024-07-10 13:00:00,95.0
2024-07-10 14:00:00,96.41
2024-07-10 15:00:00,97.68
2024-07-10 16:00:00,103.33
2024-07-10 17:00:00,108.46
2024-07-10 18:00:00,150.66
2024-07-10 19:00:00,107.38
2024-07-10 20:00:00,105.28
2024-07-10 21:00:00,103.46
2024-07-10 22:00:00,99.31
2024-07-10 23:00:00,97.44
2024-07-11 00:00:00,95.78
2024-07-11 01:00:00,93.7
2024-07-11 02:00:00,93.18
2024-07-11 03:00:00,92.59
2024-07-11 04:00:00,93.22
2024-07-11 05:00:00,93.99
2024-07-11 06:00:00,94.42
2024-07-11 07:00:00,94.1
2024-07-11 08:00:00,61.07
2024-07-11 09:00:00,61.07
2024-07-11 10:00:00,61.07
2024-07-11 11:00:00,61.07
2024-07-11 12:00:00,86.62
2024-07-11 13:00:00,93.73
2024-07-11 14:00:00,95.04
2024-07-11 15:00:00,97.08
2024-07-11 16:00:00,99.68
2024-07-11 17:00:00,109.74
2024-07-11 18:00:00,188.65
2024-07-11 19:00:00,109.8
2024-07-11 20:00:00,105.59
2024-07-11 21:00:00,104.8
2024-07-11 22:00:00,99.83
2024-07-11 23:00:00,96.79
2024-07-12 00:00:00,95.77
2024-07-12 01:00:00,93.66
2024-07-12 02:00:00,92.92
2024-07-12 03:00:00,91.86
2024-07-12 04:00:00,92.51
2024-07-12 05:00:00,93.52
2024-07-12 06:00:00,93.76
2024-07-12 07:00:00,87.8
2024-07-12 08:00:00,61.07
2024-07-12 09:00:00,61.07
2024-07-12 10:00:00,61.07
2024-07-12 11:00:00,61.07
2024-07-12 12:00:00,61.07
2024-07-12 13:00:00,61.07
2024-07-12 14:00:00,61.07
2024-07-12 15:00:00,96.58
2024-07-12 16:00:00,100.89
2024-07-12 17:00:00,110.3
2024-07-12 18:00:00,110.07
2024-07-12 19:00:00,107.51
2024-07-12 20:00:00,101.57
2024-07-12 21:00:00,101.01
2024-07-12 22:00:00,97.43
2024-07-12 23:00:00,94.35
2024-07-13 00:00:00,77.52
2024-07-13 01:00:00,77.52
2024-07-13 02:00:00,77.52
2024-07-13 03:00:00,77.52
2024-07-13 04:00:00,77.52
2024-07-13 05:00:00,77.52
2024-07-13 06:00:00,77.52
2024-07-13 07:00:00,77.52
2024-07-13 08:00:00,77.52
2024-07-13 09:00:00,77.52
2024-07-13 10:00:00,77.52
2024-07-13 11:00:00,77.52
2024-07-13 12:00:00,77.52
2024-07-13 13:00:00,77.52
2024-07-13 14:00:00,77.52
2024-07-13 15:00:00,77.52
2024-07-13 16:00:00,77.52
2024-07-13 17:00:00,77.52
2024-07-13 18:00:00,78.71
2024-07-13 19:00:00,78.71
2024-07-13 20:00:00,78.71
2024-07-13 21:00:00,78.71
2024-07-13 22:00:00,77.52
2024-07-13 23:00:00,77.52
2024-07-14 00:00:00,76.15
2024-07-14 01:00:00,73.56
2024-07-14 02:00:00,72.37
2024-07-14 03:00:00,61.07
2024-07-14 04:00:00,61.07
2024-07-14 05:00:00,61.07
2024-07-14 06:00:00,61.07
2024-07-14 07:00:00,61.07
2024-07-14 08:00:00,61.07
2024-07-14 09:00:00,61.07
2024-07-14 10:00:00,61.07
2024-07-14 11:00:00,61.07
2024-07-14 12:00:00,61.07
2024-07-14 13:00:00,61.07
2024-07-14 14:00:00,61.07
2024-07-14 15:00:00,61.07
2024-07-14 16:00:00,76.28
2024-07-14 17:00:00,82.77
2024-07-14 18:00:00,88.03
2024-07-14 19:00:00,84.5
2024-07-14 20:00:00,82.92
2024-07-14 21:00:00,81.07
2024-07-14 22:00:00,79.12
2024-07-14 23:00:00,77.79
2024-07-15 00:00:00,77.96
2024-07-15 01:00:00,76.15
2024-07-15 02:00:00,74.51
2024-07-15 03:00:00,71.54
2024-07-15 04:00:00,74.31
2024-07-15 05:00:00,75.23
2024-07-15 06:00:00,76.45
2024-07-15 07:00:00,61.07
2024-07-15 08:00:00,61.07
2024-07-15 09:00:00,61.07
2024-07-15 10:00:00,61.07
2024-07-15 11:00:00,61.07
2024-07-15 12:00:00,61.07
2024-07-15 13:00:00,72.15
2024-07-15 14:00:00,77.54
2024-07-15 15:00:00,79.71
2024-07-15 16:00:00,83.93
2024-07-15 17:00:00,88.31
2024-07-15 18:00:00,90.6
2024-07-15 19:00:00,89.15
2024-07-15 20:00:00,87.54
2024-07-15 21:00:00,85.69
2024-07-15 22:00:00,82.61
2024-07-15 23:00:00,79.91
2024-07-16 00:00:00,77.77
2024-07-16 01:00:00,75.36
2024-07-16 02:00:00,75.33
2024-07-16 03:00:00,75.04
2024-07-16 04:00:00,75.64
2024-07-16 05:00:00,76.3
2024-07-16 06:00:00,77.29
2024-07-16 07:00:00,61.07
2024-07-16 08:00:00,61.07
2024-07-16 09:00:00,61.07
2024-07-16 10:00:00,61.07
2024-07-16 11:00:00,61.07
2024-07-16 12:00:00,61.07
2024-07-16 13:00:00,61.07
2024-07-16 14:00:00,61.07
2024-07-16 15:00:00,78.68
2024-07-16 16:00:00,83.88
2024-07-16 17:00:00,88.87
2024-07-16 18:00:00,93.05
2024-07-16 19:00:00,90.45
2024-07-16 20:00:00,89.51
2024-07-16 21:00:00,87.39
2024-07-16 22:00:00,82.34
2024-07-16 23:00:00,79.81
2024-07-17 00:00:00,79.9
2024-07-17 01:00:00,78.1
2024-07-17 02:00:00,77.24
2024-07-17 03:00:00,76.92
2024-07-17 04:00:00,77.04
2024-07-17 05:00:00,77.77
2024-07-17 06:00:00,79.11
2024-07-17 07:00:00,61.07
2024-07-17 08:00:00,61.07
2024-07-17 09:00:00,61.07
2024-07-17 10:00:00,61.07
2024-07-17 11:00:00,61.07
2024-07-17 12:00:00,61.07
2024-07-17 13:00:00,70.16
2024-07-17 14:00:00,78.58
2024-07-17 15:00:00,80.63
2024-07-17 16:00:00,84.55
2024-07-17 17:00:00,88.07
2024-07-17 18:00:00,91.49
2024-07-17 19:00:00,90.07
2024-07-17 20:00:00,89.22
2024-07-17 21:00:00,87.06
2024-07-17 22:00:00,84.31
2024-07-17 23:00:00,81.34
2024-07-18 00:00:00,79.87
2024-07-18 01:00:00,78.4
2024-07-18 02:00:00,78.23
2024-07-18 03:00:00,77.74
2024-07-18 04:00:00,77.85
2024-07-18 05:00:00,78.33
2024-07-18 06:00:00,79.26
2024-07-18 07:00:00,78.61
2024-07-18 08:00:00,77.95
2024-07-18 09:00:00,61.07
2024-07-18 10:00:00,76.98
2024-07-18 11:00:00,76.87
2024-07-18 12:00:00,76.53
2024-07-18 13:00:00,77.39
2024-07-18 14:00:00,78.68
2024-07-18 15:00:00,80.53
2024-07-18 16:00:00,85.62
2024-07-18 17:00:00,92.48
2024-07-18 18:00:00,163.21
2024-07-18 19:00:00,97.53
2024-07-18 20:00:00,91.41
2024-07-18 21:00:00,88.09
2024-07-18 22:00:00,84.43
2024-07-18 23:00:00,80.54
2024-07-19 00:00:00,79.19
2024-07-19 01:00:00,77.86
2024-07-19 02:00:00,77.59
2024-07-19 03:00:00,77.17
2024-07-19 04:00:00,77.46
2024-07-19 05:00:00,78.04
2024-07-19 06:00:00,78.72
2024-07-19 07:00:00,77.17
2024-07-19 08:00:00,61.07
2024-07-19 09:00:00,61.07
2024-07-19 10:00:00,61.07
2024-07-19 11:00:00,75.19
2024-07-19 12:00:00,74.83
2024-07-19 13:00:00,75.87
2024-07-19 14:00:00,77.11
2024-07-19 15:00:00,78.16
2024-07-19 16:00:00,81.34
2024-07-19 17:00:00,86.47
2024-07-19 18:00:00,88.16
2024-07-19 19:00:00,86.87
2024-07-19 20:00:00,83.44
2024-07-19 21:00:00,82.61
2024-07-19 22:00:00,80.83
2024-07-19 23:00:00,79.49
2024-07-20 00:00:00,70.65
2024-07-20 01:00:00,69.38
2024-07-20 02:00:00,68.86
2024-07-20 03:00:00,68.1
2024-07-20 04:00:00,68.75
2024-07-20 05:00:00,68.96
2024-07-20 06:00:00,68.92
2024-07-20 07:00:00,61.07
2024-07-20 08:00:00,61.07
2024-07-20 09:00:00,61.07
2024-07-20 10:00:00,61.07
2024-07-20 11:00:00,61.07
2024-07-20 12:00:00,61.07
2024-07-20 13:00:00,61.07
2024-07-20 14:00:00,61.07
2024-07-20 15:00:00,65.09
2024-07-20 16:00:00,71.84
2024-07-20 17:00:00,78.76
2024-07-20 18:00:00,84.46
2024-07-20 19:00:00,79.75
2024-07-20 20:00:00,78.55
2024-07-20 21:00:00,77.49
2024-07-20 22:00:00,75.3
2024-07-20 23:00:00,71.54
2024-07-21 00:00:00,71.41
2024-07-21 01:00:00,69.92
2024-07-21 02:00:00,69.4
2024-07-21 03:00:00,68.19
2024-07-21 04:00:00,67.65
2024-07-21 05:00:00,67.56
2024-07-21 06:00:00,66.47
2024-07-21 07:00:00,61.07
2024-07-21 08:00:00,61.07
2024-07-21 09:00:00,61.07
2024-07-21 10:00:00,61.07
2024-07-21 11:00:00,61.07
2024-07-21 12:00:00,61.07
2024-07-21 13:00:00,61.07
2024-07-21 14:00:00,61.07
2024-07-21 15:00:00,61.07
2024-07-21 16:00:00,68.09
2024-07-21 17:00:00,75.12
2024-07-21 18:00:00,82.2
2024-07-21 19:00:00,78.63
2024-07-21 20:00:00,76.16
2024-07-21 21:00:00,73.77
2024-07-21 22:00:00,72.6
2024-07-21 23:00:00,71.26
2024-07-22 00:00:00,70.72
2024-07-22 01:00:00,70.08
2024-07-22 02:00:00,69.52
2024-07-22 03:00:00,69.08
2024-07-22 04:00:00,69.44
2024-07-22 05:00:00,70.2
2024-07-22 06:00:00,69.33
2024-07-22 07:00:00,61.07
2024-07-22 08:00:00,61.07
2024-07-22 09:00:00,61.07
2024-07-22 10:00:00,61.07
2024-07-22 11:00:00,61.07
2024-07-22 12:00:00,61.07
2024-07-22 13:00:00,69.46
2024-07-22 14:00:00,70.92
2024-07-22 15:00:00,72.41
2024-07-22 16:00:00,75.92
2024-07-22 17:00:00,80.57
2024-07-22 18:00:00,82.97
2024-07-22 19:00:00,80.55
2024-07-22 20:00:00,80.33
2024-07-22 21:00:00,78.53
2024-07-22 22:00:00,69.07
2024-07-22 23:00:00,67.62
2024-07-23 00:00:00,71.81
2024-07-23 01:00:00,70.49
2024-07-23 02:00:00,70.01
2024-07-23 03:00:00,65.88
2024-07-23 04:00:00,69.97
2024-07-23 05:00:00,70.66
2024-07-23 06:00:00,70.05
2024-07-23 07:00:00,61.07
2024-07-23 08:00:00,61.07
2024-07-23 09:00:00,61.07
2024-07-23 10:00:00,61.07
2024-07-23 11:00:00,61.07
2024-07-23 12:00:00,61.07
2024-07-23 13:00:00,61.07
2024-07-23 14:00:00,61.07
2024-07-23 15:00:00,71.95
2024-07-23 16:00:00,78.53
2024-07-23 17:00:00,83.15
2024-07-23 18:00:00,85.55
2024-07-23 19:00:00,83.6
2024-07-23 20:00:00,75.02
2024-07-23 21:00:00,73.22
2024-07-23 22:00:00,72.13
2024-07-23 23:00:00,69.65
2024-07-24 00:00:00,72.73
2024-07-24 01:00:00,71.63
2024-07-24 02:00:00,71.05
2024-07-24 03:00:00,70.48
2024-07-24 04:00:00,70.84
2024-07-24 05:00:00,71.58
2024-07-24 06:00:00,69.94
2024-07-24 07:00:00,61.07
2024-07-24 08:00:00,61.07
2024-07-24 09:00:00,61.07
2024-07-24 10:00:00,61.07
2024-07-24 11:00:00,61.07
2024-07-24 12:00:00,61.07
2024-07-24 13:00:00,61.07
2024-07-24 14:00:00,61.07
2024-07-24 15:00:00,72.25
2024-07-24 16:00:00,79.2
2024-07-24 17:00:00,88.24
2024-07-24 18:00:00,89.45
2024-07-24 19:00:00,89.16
2024-07-24 20:00:00,86.03
2024-07-24 21:00:00,84.26
2024-07-24 22:00:00,80.82
2024-07-24 23:00:00,73.6
2024-07-25 00:00:00,73.87
2024-07-25 01:00:00,72.63
2024-07-25 02:00:00,71.92
2024-07-25 03:00:00,71.58
2024-07-25 04:00:00,71.72
2024-07-25 05:00:00,72.03
2024-07-25 06:00:00,72.42
2024-07-25 07:00:00,72.06
2024-07-25 08:00:00,61.07
2024-07-25 09:00:00,61.07
2024-07-25 10:00:00,61.07
2024-07-25 11:00:00,61.07
2024-07-25 12:00:00,61.07
2024-07-25 13:00:00,61.07
2024-07-25 14:00:00,70.68
2024-07-25 15:00:00,73.06
2024-07-25 16:00:00,82.35
2024-07-25 17:00:00,89.43
2024-07-25 18:00:00,238.12
2024-07-25 19:00:00,93.78
2024-07-25 20:00:00,89.15
2024-07-25 21:00:00,87.66
2024-07-25 22:00:00,83.21
2024-07-25 23:00:00,75.51
2024-07-26 00:00:00,74.3
2024-07-26 01:00:00,72.64
2024-07-26 02:00:00,72.02
2024-07-26 03:00:00,71.48
2024-07-26 04:00:00,71.55
2024-07-26 05:00:00,72.01
2024-07-26 06:00:00,72.42
2024-07-26 07:00:00,69.86
2024-07-26 08:00:00,61.07
2024-07-26 09:00:00,61.07
2024-07-26 10:00:00,61.07
2024-07-26 11:00:00,61.07
2024-07-26 12:00:00,61.07
2024-07-26 13:00:00,61.07
2024-07-26 14:00:00,71.57
2024-07-26 15:00:00,73.78
2024-07-26 16:00:00,78.08
2024-07-26 17:00:00,83.64
2024-07-26 18:00:00,88.58
2024-07-26 19:00:00,83.79
2024-07-26 20:00:00,81.91
2024-07-26 21:00:00,81.89
2024-07-26 22:00:00,76.31
2024-07-26 23:00:00,73.53
2024-07-27 00:00:00,72.59
2024-07-27 01:00:00,71.35
2024-07-27 02:00:00,70.6
2024-07-27 03:00:00,69.96
2024-07-27 04:00:00,70.07
2024-07-27 05:00:00,70.13
2024-07-27 06:00:00,69.56
2024-07-27 07:00:00,61.07
2024-07-27 08:00:00,61.07
2024-07-27 09:00:00,61.07
2024-07-27 10:00:00,61.07
2024-07-27 11:00:00,61.07
2024-07-27 12:00:00,61.07
2024-07-27 13:00:00,61.07
2024-07-27 14:00:00,61.07
2024-07-27 15:00:00,61.07
2024-07-27 16:00:00,72.03
2024-07-27 17:00:00,81.55
2024-07-27 18:00:00,93.53
2024-07-27 19:00:00,82.0
2024-07-27 20:00:00,78.39
2024-07-27 21:00:00,75.09
2024-07-27 22:00:00,72.72
2024-07-27 23:00:00,72.02
2024-07-28 00:00:00,71.94
2024-07-28 01:00:00,70.6
2024-07-28 02:00:00,70.36
2024-07-28 03:00:00,69.5
2024-07-28 04:00:00,69.39
2024-07-28 05:00:00,69.06
2024-07-28 06:00:00,68.66
2024-07-28 07:00:00,61.07
2024-07-28 08:00:00,61.07
2024-07-28 09:00:00,61.07
2024-07-28 10:00:00,61.07
2024-07-28 11:00:00,61.07
2024-07-28 12:00:00,61.07
2024-07-28 13:00:00,61.07
2024-07-28 14:00:00,61.07
2024-07-28 15:00:00,61.07
2024-07-28 16:00:00,70.42
2024-07-28 17:00:00,77.1
2024-07-28 18:00:00,87.88
2024-07-28 19:00:00,81.16
2024-07-28 20:00:00,78.93
2024-07-28 21:00:00,75.72
2024-07-28 22:00:00,74.33
2024-07-28 23:00:00,73.41
2024-07-29 00:00:00,73.82
2024-07-29 01:00:00,73.46
2024-07-29 02:00:00,73.29
2024-07-29 03:00:00,73.15
2024-07-29 04:00:00,73.21
2024-07-29 05:00:00,73.41
2024-07-29 06:00:00,73.76
2024-07-29 07:00:00,73.52
2024-07-29 08:00:00,73.28
2024-07-29 09:00:00,61.07
2024-07-29 10:00:00,61.07
2024-07-29 11:00:00,73.1
2024-07-29 12:00:00,73.0
2024-07-29 13:00:00,73.36
2024-07-29 14:00:00,74.07
2024-07-29 15:00:00,77.09
2024-07-29 16:00:00,82.28
2024-07-29 17:00:00,95.57
2024-07-29 18:00:00,147.1
2024-07-29 19:00:00,109.45
2024-07-29 20:00:00,87.72
2024-07-29 21:00:00,85.06
2024-07-29 22:00:00,82.76
2024-07-29 23:00:00,77.89
2024-07-30 00:00:00,74.68
2024-07-30 01:00:00,73.62
2024-07-30 02:00:00,73.28
2024-07-30 03:00:00,73.16
2024-07-30 04:00:00,73.28
2024-07-30 05:00:00,73.57
2024-07-30 06:00:00,73.95
2024-07-30 07:00:00,73.72
2024-07-30 08:00:00,73.36
2024-07-30 09:00:00,73.03
2024-07-30 10:00:00,72.84
2024-07-30 11:00:00,72.77
2024-07-30 12:00:00,72.34
2024-07-30 13:00:00,73.01
2024-07-30 14:00:00,73.77
2024-07-30 15:00:00,74.78
2024-07-30 16:00:00,78.37
2024-07-30 17:00:00,85.16
2024-07-30 18:00:00,116.14
2024-07-30 19:00:00,82.14
2024-07-30 20:00:00,80.34
2024-07-30 21:00:00,78.92
2024-07-30 22:00:00,75.64
2024-07-30 23:00:00,73.87
2024-07-31 00:00:00,72.23
2024-07-31 01:00:00,71.64
2024-07-31 02:00:00,71.39
2024-07-31 03:00:00,62.96
2024-07-31 04:00:00,64.12
2024-07-31 05:00:00,64.26
2024-07-31 06:00:00,66.72
2024-07-31 07:00:00,61.07
2024-07-31 08:00:00,61.07
2024-07-31 09:00:00,61.07
2024-07-31 10:00:00,61.07
2024-07-31 11:00:00,61.07
2024-07-31 12:00:00,61.07
2024-07-31 13:00:00,61.07
2024-07-31 14:00:00,61.07
2024-07-31 15:00:00,61.07
2024-07-31 16:00:00,75.58
2024-07-31 17:00:00,81.15
2024-07-31 18:00:00,89.55
2024-07-31 19:00:00,80.07
2024-07-31 20:00:00,79.75
2024-07-31 21:00:00,78.22
2024-07-31 22:00:00,75.49
2024-07-31 23:00:00,73.75
2024-08-01 00:00:00,72.92
2024-08-01 01:00:00,72.25
2024-08-01 02:00:00,72.01
2024-08-01 03:00:00,71.51
2024-08-01 04:00:00,71.66
2024-08-01 05:00:00,72.14
2024-08-01 06:00:00,70.66
2024-08-01 07:00:00,61.07
2024-08-01 08:00:00,61.07
2024-08-01 09:00:00,61.07
2024-08-01 10:00:00,61.07
2024-08-01 11:00:00,61.07
2024-08-01 12:00:00,61.07
2024-08-01 13:00:00,61.07
2024-08-01 14:00:00,61.07
2024-08-01 15:00:00,61.07
2024-08-01 16:00:00,76.01
2024-08-01 17:00:00,81.01
2024-08-01 18:00:00,88.65
2024-08-01 19:00:00,80.38
2024-08-01 20:00:00,79.4
2024-08-01 21:00:00,77.27
2024-08-01 22:00:00,75.31
2024-08-01 23:00:00,73.63
2024-08-02 00:00:00,73.14
2024-08-02 01:00:00,72.19
2024-08-02 02:00:00,71.95
2024-08-02 03:00:00,71.41
2024-08-02 04:00:00,71.56
2024-08-02 05:00:00,72.07
2024-08-02 06:00:00,70.38
2024-08-02 07:00:00,61.07
2024-08-02 08:00:00,61.07
2024-08-02 09:00:00,61.07
2024-08-02 10:00:00,61.07
2024-08-02 11:00:00,61.07
2024-08-02 12:00:00,61.07
2024-08-02 13:00:00,61.07
2024-08-02 14:00:00,61.07
2024-08-02 15:00:00,61.07
2024-08-02 16:00:00,75.48
2024-08-02 17:00:00,79.7
2024-08-02 18:00:00,81.18
2024-08-02 19:00:00,79.58
2024-08-02 20:00:00,76.47
2024-08-02 21:00:00,76.13
2024-08-02 22:00:00,75.04
2024-08-02 23:00:00,73.7
2024-08-03 00:00:00,101.34
2024-08-03 01:00:00,99.74
2024-08-03 02:00:00,99.44
2024-08-03 03:00:00,98.03
2024-08-03 04:00:00,98.52
2024-08-03 05:00:00,98.64
2024-08-03 06:00:00,79.43
2024-08-03 07:00:00,61.07
2024-08-03 08:00:00,61.07
2024-08-03 09:00:00,61.07
2024-08-03 10:00:00,61.07
2024-08-03 11:00:00,61.07
2024-08-03 12:00:00,61.07
2024-08-03 13:00:00,61.07
2024-08-03 14:00:00,61.07
2024-08-03 15:00:00,61.07
2024-08-03 16:00:00,61.07
2024-08-03 17:00:00,107.66
2024-08-03 18:00:00,121.84
2024-08-03 19:00:00,113.97
2024-08-03 20:00:00,69.35
2024-08-03 21:00:00,84.39
2024-08-03 22:00:00,84.49
2024-08-03 23:00:00,84.59
2024-08-04 00:00:00,101.51
2024-08-04 01:00:00,100.62
2024-08-04 02:00:00,99.76
2024-08-04 03:00:00,68.23
2024-08-04 04:00:00,68.4
2024-08-04 05:00:00,68.82
2024-08-04 06:00:00,61.07
2024-08-04 07:00:00,61.07
2024-08-04 08:00:00,61.07
2024-08-04 09:00:00,61.07
2024-08-04 10:00:00,61.07
2024-08-04 11:00:00,61.07
2024-08-04 12:00:00,61.07
2024-08-04 13:00:00,61.07
2024-08-04 14:00:00,61.07
2024-08-04 15:00:00,61.07
2024-08-04 16:00:00,61.07
2024-08-04 17:00:00,104.72
2024-08-04 18:00:00,114.02
2024-08-04 19:00:00,95.1
2024-08-04 20:00:00,74.35
2024-08-04 21:00:00,82.11
2024-08-04 22:00:00,82.3
2024-08-04 23:00:00,82.48
2024-08-05 00:00:00,103.24
2024-08-05 01:00:00,102.28
2024-08-05 02:00:00,101.61
2024-08-05 03:00:00,85.93
2024-08-05 04:00:00,86.41
2024-08-05 05:00:00,86.37
2024-08-05 06:00:00,61.07
2024-08-05 07:00:00,61.07
2024-08-05 08:00:00,61.07
2024-08-05 09:00:00,61.07
2024-08-05 10:00:00,61.07
2024-08-05 11:00:00,61.07
2024-08-05 12:00:00,61.07
2024-08-05 13:00:00,61.07
2024-08-05 14:00:00,61.07
2024-08-05 15:00:00,106.36
2024-08-05 16:00:00,124.62
2024-08-05 17:00:00,131.79
2024-08-05 18:00:00,131.74
2024-08-05 19:00:00,131.23
2024-08-05 20:00:00,128.66
2024-08-05 21:00:00,125.95
2024-08-05 22:00:00,119.48
2024-08-05 23:00:00,102.47
2024-08-06 00:00:00,103.75
2024-08-06 01:00:00,61.07
2024-08-06 02:00:00,61.07
2024-08-06 03:00:00,61.07
2024-08-06 04:00:00,61.07
2024-08-06 05:00:00,61.07
2024-08-06 06:00:00,61.07
2024-08-06 07:00:00,61.07
2024-08-06 08:00:00,61.07
2024-08-06 09:00:00,61.07
2024-08-06 10:00:00,61.07
2024-08-06 11:00:00,61.07
2024-08-06 12:00:00,61.07
2024-08-06 13:00:00,61.07
2024-08-06 14:00:00,61.07
2024-08-06 15:00:00,61.07
2024-08-06 16:00:00,118.89
2024-08-06 17:00:00,128.8
2024-08-06 18:00:00,142.06
2024-08-06 19:00:00,130.89
2024-08-06 20:00:00,128.86
2024-08-06 21:00:00,126.1
2024-08-06 22:00:00,121.05
2024-08-06 23:00:00,106.13
2024-08-07 00:00:00,105.91
2024-08-07 01:00:00,104.14
2024-08-07 02:00:00,103.83
2024-08-07 03:00:00,103.51
2024-08-07 04:00:00,103.74
2024-08-07 05:00:00,103.96
2024-08-07 06:00:00,104.37
2024-08-07 07:00:00,61.07
2024-08-07 08:00:00,61.07
2024-08-07 09:00:00,61.07
2024-08-07 10:00:00,61.07
2024-08-07 11:00:00,61.07
2024-08-07 12:00:00,91.27
2024-08-07 13:00:00,103.57
2024-08-07 14:00:00,105.54
2024-08-07 15:00:00,115.06
2024-08-07 16:00:00,128.31
2024-08-07 17:00:00,140.45
2024-08-07 18:00:00,451.82
2024-08-07 19:00:00,193.26
2024-08-07 20:00:00,131.15
2024-08-07 21:00:00,128.32
2024-08-07 22:00:00,123.37
2024-08-07 23:00:00,109.23
2024-08-08 00:00:00,104.74
2024-08-08 01:00:00,103.89
2024-08-08 02:00:00,103.55
2024-08-08 03:00:00,103.5
2024-08-08 04:00:00,103.75
2024-08-08 05:00:00,104.29
2024-08-08 06:00:00,104.86
2024-08-08 07:00:00,104.44
2024-08-08 08:00:00,103.89
2024-08-08 09:00:00,103.5
2024-08-08 10:00:00,103.5
2024-08-08 11:00:00,103.49
2024-08-08 12:00:00,103.13
2024-08-08 13:00:00,103.55
2024-08-08 14:00:00,104.88
2024-08-08 15:00:00,109.23
2024-08-08 16:00:00,123.03
2024-08-08 17:00:00,131.33
2024-08-08 18:00:00,146.82
2024-08-08 19:00:00,133.08
2024-08-08 20:00:00,130.04
2024-08-08 21:00:00,126.1
2024-08-08 22:00:00,121.12
2024-08-08 23:00:00,111.42
2024-08-09 00:00:00,106.17
2024-08-09 01:00:00,104.48
2024-08-09 02:00:00,104.14
2024-08-09 03:00:00,104.05
2024-08-09 04:00:00,104.1
2024-08-09 05:00:00,104.39
2024-08-09 06:00:00,105.11
2024-08-09 07:00:00,104.65
2024-08-09 08:00:00,104.44
2024-08-09 09:00:00,104.29
2024-08-09 10:00:00,104.29
2024-08-09 11:00:00,104.26
2024-08-09 12:00:00,104.06
2024-08-09 13:00:00,104.48
2024-08-09 14:00:00,105.46
2024-08-09 15:00:00,109.05
2024-08-09 16:00:00,120.51
2024-08-09 17:00:00,128.51
2024-08-09 18:00:00,131.03
2024-08-09 19:00:00,130.55
2024-08-09 20:00:00,125.65
2024-08-09 21:00:00,121.74
2024-08-09 22:00:00,117.92
2024-08-09 23:00:00,106.62
2024-08-10 00:00:00,122.85
2024-08-10 01:00:00,120.16
2024-08-10 02:00:00,119.72
2024-08-10 03:00:00,119.25
2024-08-10 04:00:00,119.23
2024-08-10 05:00:00,119.65
2024-08-10 06:00:00,119.7
2024-08-10 07:00:00,118.64
2024-08-10 08:00:00,116.94
2024-08-10 09:00:00,115.87
2024-08-10 10:00:00,115.66
2024-08-10 11:00:00,115.49
2024-08-10 12:00:00,115.08
2024-08-10 13:00:00,115.01
2024-08-10 14:00:00,115.45
2024-08-10 15:00:00,117.87
2024-08-10 16:00:00,121.67
2024-08-10 17:00:00,131.04
2024-08-10 18:00:00,153.85
2024-08-10 19:00:00,136.21
2024-08-10 20:00:00,132.68
2024-08-10 21:00:00,129.66
2024-08-10 22:00:00,125.72
2024-08-10 23:00:00,123.16
2024-08-11 00:00:00,120.85
2024-08-11 01:00:00,119.03
2024-08-11 02:00:00,118.51
2024-08-11 03:00:00,118.28
2024-08-11 04:00:00,118.33
2024-08-11 05:00:00,118.3
2024-08-11 06:00:00,118.07
2024-08-11 07:00:00,115.71
2024-08-11 08:00:00,101.95
2024-08-11 09:00:00,61.07
2024-08-11 10:00:00,61.07
2024-08-11 11:00:00,61.07
2024-08-11 12:00:00,61.07
2024-08-11 13:00:00,61.07
2024-08-11 14:00:00,61.07
2024-08-11 15:00:00,105.03
2024-08-11 16:00:00,117.47
2024-08-11 17:00:00,124.13
2024-08-11 18:00:00,129.25
2024-08-11 19:00:00,126.42
2024-08-11 20:00:00,123.59
2024-08-11 21:00:00,121.78
2024-08-11 22:00:00,121.05
2024-08-11 23:00:00,119.46
2024-08-12 00:00:00,117.63
2024-08-12 01:00:00,116.92
2024-08-12 02:00:00,115.61
2024-08-12 03:00:00,115.57
2024-08-12 04:00:00,116.39
2024-08-12 05:00:00,117.67
2024-08-12 06:00:00,118.72
2024-08-12 07:00:00,118.17
2024-08-12 08:00:00,117.78
2024-08-12 09:00:00,117.37
2024-08-12 10:00:00,117.3
2024-08-12 11:00:00,117.46
2024-08-12 12:00:00,116.73
2024-08-12 13:00:00,117.87
2024-08-12 14:00:00,119.41
2024-08-12 15:00:00,122.62
2024-08-12 16:00:00,128.51
2024-08-12 17:00:00,293.73
2024-08-12 18:00:00,498.18
2024-08-12 19:00:00,378.7
2024-08-12 20:00:00,308.91
2024-08-12 21:00:00,188.82
2024-08-12 22:00:00,128.0
2024-08-12 23:00:00,124.12
2024-08-13 00:00:00,120.35
2024-08-13 01:00:00,118.97
2024-08-13 02:00:00,118.76
2024-08-13 03:00:00,118.67
2024-08-13 04:00:00,118.7
2024-08-13 05:00:00,119.36
2024-08-13 06:00:00,120.38
2024-08-13 07:00:00,119.4
2024-08-13 08:00:00,118.55
2024-08-13 09:00:00,117.13
2024-08-13 10:00:00,116.62
2024-08-13 11:00:00,115.81
2024-08-13 12:00:00,113.12
2024-08-13 13:00:00,114.06
2024-08-13 14:00:00,116.48
2024-08-13 15:00:00,118.51
2024-08-13 16:00:00,121.56
2024-08-13 17:00:00,126.0
2024-08-13 18:00:00,132.11
2024-08-13 19:00:00,130.37
2024-08-13 20:00:00,126.29
2024-08-13 21:00:00,123.34
2024-08-13 22:00:00,122.4
2024-08-13 23:00:00,120.51
2024-08-14 00:00:00,61.07
2024-08-14 01:00:00,61.07
2024-08-14 02:00:00,61.07
2024-08-14 03:00:00,61.07
2024-08-14 04:00:00,61.07
2024-08-14 05:00:00,61.07
2024-08-14 06:00:00,61.07
2024-08-14 07:00:00,61.07
2024-08-14 08:00:00,61.07
2024-08-14 09:00:00,61.07
2024-08-14 10:00:00,61.07
2024-08-14 11:00:00,61.07
2024-08-14 12:00:00,61.07
2024-08-14 13:00:00,61.07
2024-08-14 14:00:00,61.07
2024-08-14 15:00:00,61.07
2024-08-14 16:00:00,61.5
2024-08-14 17:00:00,127.7
2024-08-14 18:00:00,161.62
2024-08-14 19:00:00,144.37
2024-08-14 20:00:00,128.64
2024-08-14 21:00:00,127.23
2024-08-14 22:00:00,122.47
2024-08-14 23:00:00,113.6
2024-08-15 00:00:00,118.26
2024-08-15 01:00:00,117.38
2024-08-15 02:00:00,116.7
2024-08-15 03:00:00,116.44
2024-08-15 04:00:00,116.64
2024-08-15 05:00:00,117.1
2024-08-15 06:00:00,114.6
2024-08-15 07:00:00,61.07
2024-08-15 08:00:00,61.07
2024-08-15 09:00:00,61.07
2024-08-15 10:00:00,61.07
2024-08-15 11:00:00,61.07
2024-08-15 12:00:00,61.07
2024-08-15 13:00:00,61.07
2024-08-15 14:00:00,61.07
2024-08-15 15:00:00,117.41
2024-08-15 16:00:00,121.84
2024-08-15 17:00:00,128.1
2024-08-15 18:00:00,135.6
2024-08-15 19:00:00,130.57
2024-08-15 20:00:00,128.22
2024-08-15 21:00:00,125.82
2024-08-15 22:00:00,122.35
2024-08-15 23:00:00,118.87
2024-08-16 00:00:00,119.29
2024-08-16 01:00:00,118.49
2024-08-16 02:00:00,117.97
2024-08-16 03:00:00,117.77
2024-08-16 04:00:00,117.96
2024-08-16 05:00:00,118.19
2024-08-16 06:00:00,114.83
2024-08-16 07:00:00,61.07
2024-08-16 08:00:00,61.07
2024-08-16 09:00:00,61.07
2024-08-16 10:00:00,61.07
2024-08-16 11:00:00,61.07
2024-08-16 12:00:00,61.07
2024-08-16 13:00:00,61.07
2024-08-16 14:00:00,61.07
2024-08-16 15:00:00,119.16
2024-08-16 16:00:00,123.29
2024-08-16 17:00:00,129.07
2024-08-16 18:00:00,207.81
2024-08-16 19:00:00,132.88
2024-08-16 20:00:00,128.52
2024-08-16 21:00:00,110.73
2024-08-16 22:00:00,112.3
2024-08-16 23:00:00,114.01
2024-08-17 00:00:00,108.87
2024-08-17 01:00:00,106.95
2024-08-17 02:00:00,106.77
2024-08-17 03:00:00,105.44
2024-08-17 04:00:00,106.61
2024-08-17 05:00:00,106.58
2024-08-17 06:00:00,106.32
2024-08-17 07:00:00,61.07
2024-08-17 08:00:00,61.07
2024-08-17 09:00:00,61.07
2024-08-17 10:00:00,61.07
2024-08-17 11:00:00,61.07
2024-08-17 12:00:00,61.07
2024-08-17 13:00:00,89.35
2024-08-17 14:00:00,72.64
2024-08-17 15:00:00,104.98
2024-08-17 16:00:00,107.99
2024-08-17 17:00:00,117.24
2024-08-17 18:00:00,145.1
2024-08-17 19:00:00,122.89
2024-08-17 20:00:00,115.79
2024-08-17 21:00:00,113.14
2024-08-17 22:00:00,110.3
2024-08-17 23:00:00,108.86
2024-08-18 00:00:00,109.01
2024-08-18 01:00:00,108.37
2024-08-18 02:00:00,107.65
2024-08-18 03:00:00,107.21
2024-08-18 04:00:00,106.85
2024-08-18 05:00:00,106.68
2024-08-18 06:00:00,106.45
2024-08-18 07:00:00,61.07
2024-08-18 08:00:00,61.07
2024-08-18 09:00:00,61.07
2024-08-18 10:00:00,61.07
2024-08-18 11:00:00,61.07
2024-08-18 12:00:00,61.07
2024-08-18 13:00:00,61.07
2024-08-18 14:00:00,61.07
2024-08-18 15:00:00,76.1
2024-08-18 16:00:00,107.99
2024-08-18 17:00:00,114.74
2024-08-18 18:00:00,122.86
2024-08-18 19:00:00,119.29
2024-08-18 20:00:00,115.93
2024-08-18 21:00:00,112.02
2024-08-18 22:00:00,109.28
2024-08-18 23:00:00,110.4
2024-08-19 00:00:00,109.74
2024-08-19 01:00:00,108.31
2024-08-19 02:00:00,107.81
2024-08-19 03:00:00,107.52
2024-08-19 04:00:00,107.43
2024-08-19 05:00:00,108.42
2024-08-19 06:00:00,108.7
2024-08-19 07:00:00,61.07
2024-08-19 08:00:00,61.07
2024-08-19 09:00:00,61.07
2024-08-19 10:00:00,61.07
2024-08-19 11:00:00,107.54
2024-08-19 12:00:00,107.32
2024-08-19 13:00:00,107.84
2024-08-19 14:00:00,108.3
2024-08-19 15:00:00,111.34
2024-08-19 16:00:00,118.21
2024-08-19 17:00:00,207.9
2024-08-19 18:00:00,1248.22
2024-08-19 19:00:00,362.18
2024-08-19 20:00:00,127.63
2024-08-19 21:00:00,120.81
2024-08-19 22:00:00,118.92
2024-08-19 23:00:00,113.01
2024-08-20 00:00:00,109.49
2024-08-20 01:00:00,108.22
2024-08-20 02:00:00,107.86
2024-08-20 03:00:00,107.61
2024-08-20 04:00:00,107.71
2024-08-20 05:00:00,108.35
2024-08-20 06:00:00,108.6
2024-08-20 07:00:00,107.23
2024-08-20 08:00:00,61.07
2024-08-20 09:00:00,61.07
2024-08-20 10:00:00,108.03
2024-08-20 11:00:00,108.18
2024-08-20 12:00:00,108.16
2024-08-20 13:00:00,108.69
2024-08-20 14:00:00,109.93
2024-08-20 15:00:00,113.16
2024-08-20 16:00:00,118.33
2024-08-20 17:00:00,124.46
2024-08-20 18:00:00,342.36
2024-08-20 19:00:00,178.91
2024-08-20 20:00:00,119.15
2024-08-20 21:00:00,118.44
2024-08-20 22:00:00,116.32
2024-08-20 23:00:00,111.73
2024-08-21 00:00:00,109.24
2024-08-21 01:00:00,107.76
2024-08-21 02:00:00,107.32
2024-08-21 03:00:00,107.09
2024-08-21 04:00:00,107.26
2024-08-21 05:00:00,107.54
2024-08-21 06:00:00,108.24
2024-08-21 07:00:00,98.85
2024-08-21 08:00:00,61.07
2024-08-21 09:00:00,61.07
2024-08-21 10:00:00,61.07
2024-08-21 11:00:00,106.61
2024-08-21 12:00:00,106.17
2024-08-21 13:00:00,96.13
2024-08-21 14:00:00,80.52
2024-08-21 15:00:00,99.68
2024-08-21 16:00:00,111.17
2024-08-21 17:00:00,118.91
2024-08-21 18:00:00,122.9
2024-08-21 19:00:00,111.54
2024-08-21 20:00:00,100.92
2024-08-21 21:00:00,108.3
2024-08-21 22:00:00,108.4
2024-08-21 23:00:00,108.81
2024-08-22 00:00:00,99.12
2024-08-22 01:00:00,87.94
2024-08-22 02:00:00,97.81
2024-08-22 03:00:00,105.07
2024-08-22 04:00:00,107.56
2024-08-22 05:00:00,102.84
2024-08-22 06:00:00,61.07
2024-08-22 07:00:00,61.07
2024-08-22 08:00:00,61.07
2024-08-22 09:00:00,61.07
2024-08-22 10:00:00,61.07
2024-08-22 11:00:00,61.07
2024-08-22 12:00:00,61.07
2024-08-22 13:00:00,61.07
2024-08-22 14:00:00,61.07
2024-08-22 15:00:00,61.07
2024-08-22 16:00:00,61.07
2024-08-22 17:00:00,129.26
2024-08-22 18:00:00,151.6
2024-08-22 19:00:00,133.29
2024-08-22 20:00:00,95.92
2024-08-22 21:00:00,87.26
2024-08-22 22:00:00,94.31
2024-08-22 23:00:00,106.07
2024-08-23 00:00:00,110.09
2024-08-23 01:00:00,108.27
2024-08-23 02:00:00,108.1
2024-08-23 03:00:00,107.99
2024-08-23 04:00:00,107.92
2024-08-23 05:00:00,108.33
2024-08-23 06:00:00,61.07
2024-08-23 07:00:00,61.07
2024-08-23 08:00:00,61.07
2024-08-23 09:00:00,61.07
2024-08-23 10:00:00,61.07
2024-08-23 11:00:00,61.07
2024-08-23 12:00:00,61.07
2024-08-23 13:00:00,61.07
2024-08-23 14:00:00,61.07
2024-08-23 15:00:00,61.07
2024-08-23 16:00:00,115.88
2024-08-23 17:00:00,135.87
2024-08-23 18:00:00,247.57
2024-08-23 19:00:00,141.52
2024-08-23 20:00:00,118.81
2024-08-23 21:00:00,118.33
2024-08-23 22:00:00,115.98
2024-08-23 23:00:00,112.06
2024-08-24 00:00:00,105.24
2024-08-24 01:00:00,103.17
2024-08-24 02:00:00,102.45
2024-08-24 03:00:00,101.56
2024-08-24 04:00:00,101.47
2024-08-24 05:00:00,101.5
2024-08-24 06:00:00,100.58
2024-08-24 07:00:00,61.07
2024-08-24 08:00:00,61.07
2024-08-24 09:00:00,61.07
2024-08-24 10:00:00,61.07
2024-08-24 11:00:00,61.07
2024-08-24 12:00:00,61.07
2024-08-24 13:00:00,98.8
2024-08-24 14:00:00,100.25
2024-08-24 15:00:00,101.74
2024-08-24 16:00:00,104.98
2024-08-24 17:00:00,121.76
2024-08-24 18:00:00,142.55
2024-08-24 19:00:00,133.56
2024-08-24 20:00:00,123.34
2024-08-24 21:00:00,114.02
2024-08-24 22:00:00,105.82
2024-08-24 23:00:00,104.3
2024-08-25 00:00:00,102.99
2024-08-25 01:00:00,102.14
2024-08-25 02:00:00,101.84
2024-08-25 03:00:00,101.13
2024-08-25 04:00:00,100.84
2024-08-25 05:00:00,100.79
2024-08-25 06:00:00,99.55
2024-08-25 07:00:00,61.07
2024-08-25 08:00:00,61.07
2024-08-25 09:00:00,61.07
2024-08-25 10:00:00,61.07
2024-08-25 11:00:00,61.07
2024-08-25 12:00:00,85.57
2024-08-25 13:00:00,91.1
2024-08-25 14:00:00,93.62
2024-08-25 15:00:00,97.41
2024-08-25 16:00:00,102.93
2024-08-25 17:00:00,111.06
2024-08-25 18:00:00,127.07
2024-08-25 19:00:00,123.57
2024-08-25 20:00:00,112.49
2024-08-25 21:00:00,106.2
2024-08-25 22:00:00,104.83
2024-08-25 23:00:00,104.26
2024-08-26 00:00:00,100.23
2024-08-26 01:00:00,98.98
2024-08-26 02:00:00,98.53
2024-08-26 03:00:00,98.86
2024-08-26 04:00:00,99.33
2024-08-26 05:00:00,100.56
2024-08-26 06:00:00,101.22
2024-08-26 07:00:00,100.21
2024-08-26 08:00:00,61.07
2024-08-26 09:00:00,61.07
2024-08-26 10:00:00,99.91
2024-08-26 11:00:00,100.35
2024-08-26 12:00:00,99.75
2024-08-26 13:00:00,100.47
2024-08-26 14:00:00,100.93
2024-08-26 15:00:00,102.96
2024-08-26 16:00:00,118.49
2024-08-26 17:00:00,129.5
2024-08-26 18:00:00,184.1
2024-08-26 19:00:00,134.45
2024-08-26 20:00:00,128.68
2024-08-26 21:00:00,96.42
2024-08-26 22:00:00,96.52
2024-08-26 23:00:00,96.62
2024-08-27 00:00:00,88.11
2024-08-27 01:00:00,74.33
2024-08-27 02:00:00,72.55
2024-08-27 03:00:00,93.82
2024-08-27 04:00:00,99.92
2024-08-27 05:00:00,100.75
2024-08-27 06:00:00,61.07
2024-08-27 07:00:00,61.07
2024-08-27 08:00:00,61.07
2024-08-27 09:00:00,61.07
2024-08-27 10:00:00,61.07
2024-08-27 11:00:00,61.07
2024-08-27 12:00:00,61.07
2024-08-27 13:00:00,61.07
2024-08-27 14:00:00,61.07
2024-08-27 15:00:00,61.07
2024-08-27 16:00:00,113.3
2024-08-27 17:00:00,130.06
2024-08-27 18:00:00,142.77
2024-08-27 19:00:00,110.57
2024-08-27 20:00:00,83.68
2024-08-27 21:00:00,80.07
2024-08-27 22:00:00,91.47
2024-08-27 23:00:00,98.65
2024-08-28 00:00:00,101.39
2024-08-28 01:00:00,92.54
2024-08-28 02:00:00,83.56
2024-08-28 03:00:00,95.31
2024-08-28 04:00:00,99.29
2024-08-28 05:00:00,100.91
2024-08-28 06:00:00,61.07
2024-08-28 07:00:00,61.07
2024-08-28 08:00:00,61.07
2024-08-28 09:00:00,61.07
2024-08-28 10:00:00,61.07
2024-08-28 11:00:00,61.07
2024-08-28 12:00:00,61.07
2024-08-28 13:00:00,61.07
2024-08-28 14:00:00,61.07
2024-08-28 15:00:00,61.07
2024-08-28 16:00:00,61.07
2024-08-28 17:00:00,122.76
2024-08-28 18:00:00,142.6
2024-08-28 19:00:00,122.66
2024-08-28 20:00:00,91.29
2024-08-28 21:00:00,84.14
2024-08-28 22:00:00,90.12
2024-08-28 23:00:00,99.46
2024-08-29 00:00:00,101.11
2024-08-29 01:00:00,99.57
2024-08-29 02:00:00,99.45
2024-08-29 03:00:00,89.07
2024-08-29 04:00:00,87.57
2024-08-29 05:00:00,87.29
2024-08-29 06:00:00,61.07
2024-08-29 07:00:00,61.07
2024-08-29 08:00:00,61.07
2024-08-29 09:00:00,61.07
2024-08-29 10:00:00,61.07
2024-08-29 11:00:00,61.07
2024-08-29 12:00:00,61.07
2024-08-29 13:00:00,61.07
2024-08-29 14:00:00,61.07
2024-08-29 15:00:00,61.07
2024-08-29 16:00:00,61.07
2024-08-29 17:00:00,128.19
2024-08-29 18:00:00,145.99
2024-08-29 19:00:00,125.21
2024-08-29 20:00:00,90.24
2024-08-29 21:00:00,90.79
2024-08-29 22:00:00,94.38
2024-08-29 23:00:00,102.67
2024-08-30 00:00:00,103.01
2024-08-30 01:00:00,101.58
2024-08-30 02:00:00,101.34
2024-08-30 03:00:00,99.31
2024-08-30 04:00:00,101.26
2024-08-30 05:00:00,101.71
2024-08-30 06:00:00,61.07
2024-08-30 07:00:00,61.07
2024-08-30 08:00:00,61.07
2024-08-30 09:00:00,61.07
2024-08-30 10:00:00,61.07
2024-08-30 11:00:00,61.07
2024-08-30 12:00:00,61.07
2024-08-30 13:00:00,61.07
2024-08-30 14:00:00,61.07
2024-08-30 15:00:00,64.18
2024-08-30 16:00:00,109.82
2024-08-30 17:00:00,130.49
2024-08-30 18:00:00,141.05
2024-08-30 19:00:00,132.51
2024-08-30 20:00:00,119.76
2024-08-30 21:00:00,94.84
2024-08-30 22:00:00,95.39
2024-08-30 23:00:00,97.14
2024-08-31 00:00:00,293.36
2024-08-31 01:00:00,290.19
2024-08-31 02:00:00,290.58
2024-08-31 03:00:00,289.03
2024-08-31 04:00:00,288.45
2024-08-31 05:00:00,287.53
2024-08-31 06:00:00,285.61
2024-08-31 07:00:00,61.07
2024-08-31 08:00:00,61.07
2024-08-31 09:00:00,61.07
2024-08-31 10:00:00,61.07
2024-08-31 11:00:00,61.07
2024-08-31 12:00:00,61.07
2024-08-31 13:00:00,61.07
2024-08-31 14:00:00,61.07
2024-08-31 15:00:00,110.88
2024-08-31 16:00:00,288.83
2024-08-31 17:00:00,302.16
2024-08-31 18:00:00,313.81
2024-08-31 19:00:00,307.29
2024-08-31 20:00:00,301.26
2024-08-31 21:00:00,295.64
2024-08-31 22:00:00,293.63
2024-08-31 23:00:00,293.14
2024-09-01 00:00:00,244.41
2024-09-01 01:00:00,241.47
2024-09-01 02:00:00,238.83
2024-09-01 03:00:00,239.15
2024-09-01 04:00:00,238.95
2024-09-01 05:00:00,238.6
2024-09-01 06:00:00,116.95
2024-09-01 07:00:00,61.07
2024-09-01 08:00:00,61.07
2024-09-01 09:00:00,61.07
2024-09-01 10:00:00,61.07
2024-09-01 11:00:00,61.07
2024-09-01 12:00:00,61.07
2024-09-01 13:00:00,61.07
2024-09-01 14:00:00,61.07
2024-09-01 15:00:00,61.07
2024-09-01 16:00:00,239.26
2024-09-01 17:00:00,252.54
2024-09-01 18:00:00,265.66
2024-09-01 19:00:00,259.57
2024-09-01 20:00:00,254.66
2024-09-01 21:00:00,253.09
2024-09-01 22:00:00,252.31
2024-09-01 23:00:00,248.53
2024-09-02 00:00:00,243.83
2024-09-02 01:00:00,241.48
2024-09-02 02:00:00,238.16
2024-09-02 03:00:00,240.08
2024-09-02 04:00:00,241.11
2024-09-02 05:00:00,244.39
2024-09-02 06:00:00,245.29
2024-09-02 07:00:00,61.07
2024-09-02 08:00:00,61.07
2024-09-02 09:00:00,61.07
2024-09-02 10:00:00,61.07
2024-09-02 11:00:00,242.56
2024-09-02 12:00:00,241.97
2024-09-02 13:00:00,243.92
2024-09-02 14:00:00,246.83
2024-09-02 15:00:00,251.93
2024-09-02 16:00:00,259.85
2024-09-02 17:00:00,273.09
2024-09-02 18:00:00,279.04
2024-09-02 19:00:00,277.78
2024-09-02 20:00:00,273.85
2024-09-02 21:00:00,271.54
2024-09-02 22:00:00,263.32
2024-09-02 23:00:00,255.44
2024-09-03 00:00:00,246.29
2024-09-03 01:00:00,244.68
2024-09-03 02:00:00,243.65
2024-09-03 03:00:00,243.86
2024-09-03 04:00:00,244.15
2024-09-03 05:00:00,245.09
2024-09-03 06:00:00,245.75
2024-09-03 07:00:00,244.75
2024-09-03 08:00:00,243.08
2024-09-03 09:00:00,242.09
2024-09-03 10:00:00,242.21
2024-09-03 11:00:00,242.27
2024-09-03 12:00:00,241.34
2024-09-03 13:00:00,242.68
2024-09-03 14:00:00,245.3
2024-09-03 15:00:00,249.12
2024-09-03 16:00:00,254.26
2024-09-03 17:00:00,268.84
2024-09-03 18:00:00,274.72
2024-09-03 19:00:00,273.28
2024-09-03 20:00:00,270.71
2024-09-03 21:00:00,264.33
2024-09-03 22:00:00,256.83
2024-09-03 23:00:00,252.65
2024-09-04 00:00:00,248.63
2024-09-04 01:00:00,245.72
2024-09-04 02:00:00,245.19
2024-09-04 03:00:00,245.13
2024-09-04 04:00:00,245.23
2024-09-04 05:00:00,246.24
2024-09-04 06:00:00,246.21
2024-09-04 07:00:00,122.55
2024-09-04 08:00:00,61.07
2024-09-04 09:00:00,61.07
2024-09-04 10:00:00,61.07
2024-09-04 11:00:00,61.07
2024-09-04 12:00:00,61.07
2024-09-04 13:00:00,61.07
2024-09-04 14:00:00,185.5
2024-09-04 15:00:00,237.73
2024-09-04 16:00:00,262.35
2024-09-04 17:00:00,275.06
2024-09-04 18:00:00,292.33
2024-09-04 19:00:00,270.17
2024-09-04 20:00:00,264.3
2024-09-04 21:00:00,264.24
2024-09-04 22:00:00,261.15
2024-09-04 23:00:00,254.45
2024-09-05 00:00:00,249.64
2024-09-05 01:00:00,245.33
2024-09-05 02:00:00,244.99
2024-09-05 03:00:00,244.93
2024-09-05 04:00:00,244.88
2024-09-05 05:00:00,245.13
2024-09-05 06:00:00,245.45
2024-09-05 07:00:00,61.07
2024-09-05 08:00:00,61.07
2024-09-05 09:00:00,61.07
2024-09-05 10:00:00,61.07
2024-09-05 11:00:00,243.66
2024-09-05 12:00:00,242.94
2024-09-05 13:00:00,244.76
2024-09-05 14:00:00,247.96
2024-09-05 15:00:00,252.38
2024-09-05 16:00:00,266.9
2024-09-05 17:00:00,317.68
2024-09-05 18:00:00,712.01
2024-09-05 19:00:00,551.72
2024-09-05 20:00:00,279.82
2024-09-05 21:00:00,272.32
2024-09-05 22:00:00,261.33
2024-09-05 23:00:00,254.58
2024-09-06 00:00:00,248.81
2024-09-06 01:00:00,246.96
2024-09-06 02:00:00,245.85
2024-09-06 03:00:00,245.63
2024-09-06 04:00:00,245.72
2024-09-06 05:00:00,246.04
2024-09-06 06:00:00,246.9
2024-09-06 07:00:00,245.14
2024-09-06 08:00:00,121.9
2024-09-06 09:00:00,243.15
2024-09-06 10:00:00,243.42
2024-09-06 11:00:00,243.56
2024-09-06 12:00:00,242.54
2024-09-06 13:00:00,244.65
2024-09-06 14:00:00,246.51
2024-09-06 15:00:00,250.22
2024-09-06 16:00:00,258.3
2024-09-06 17:00:00,266.73
2024-09-06 18:00:00,270.87
2024-09-06 19:00:00,267.29
2024-09-06 20:00:00,263.03
2024-09-06 21:00:00,248.24
2024-09-06 22:00:00,244.79
2024-09-06 23:00:00,244.91
2024-09-07 00:00:00,271.94
2024-09-07 01:00:00,265.98
2024-09-07 02:00:00,265.29
2024-09-07 03:00:00,186.85
2024-09-07 04:00:00,190.32
2024-09-07 05:00:00,190.15
2024-09-07 06:00:00,106.4
2024-09-07 07:00:00,61.07
2024-09-07 08:00:00,61.07
2024-09-07 09:00:00,61.07
2024-09-07 10:00:00,61.07
2024-09-07 11:00:00,61.07
2024-09-07 12:00:00,61.07
2024-09-07 13:00:00,61.07
2024-09-07 14:00:00,61.07
2024-09-07 15:00:00,61.07
2024-09-07 16:00:00,138.48
2024-09-07 17:00:00,281.08
2024-09-07 18:00:00,296.68
2024-09-07 19:00:00,291.03
2024-09-07 20:00:00,231.77
2024-09-07 21:00:00,177.33
2024-09-07 22:00:00,177.49
2024-09-07 23:00:00,195.03
2024-09-08 00:00:00,180.15
2024-09-08 01:00:00,87.79
2024-09-08 02:00:00,61.07
2024-09-08 03:00:00,223.09
2024-09-08 04:00:00,262.7
2024-09-08 05:00:00,262.87
2024-09-08 06:00:00,61.07
2024-09-08 07:00:00,61.07
2024-09-08 08:00:00,61.07
2024-09-08 09:00:00,61.07
2024-09-08 10:00:00,61.07
2024-09-08 11:00:00,61.07
2024-09-08 12:00:00,61.07
2024-09-08 13:00:00,61.07
2024-09-08 14:00:00,61.07
2024-09-08 15:00:00,61.07
2024-09-08 16:00:00,136.57
2024-09-08 17:00:00,283.67
2024-09-08 18:00:00,302.98
2024-09-08 19:00:00,293.76
2024-09-08 20:00:00,285.35
2024-09-08 21:00:00,280.46
2024-09-08 22:00:00,279.7
2024-09-08 23:00:00,275.87
2024-09-09 00:00:00,272.02
2024-09-09 01:00:00,269.82
2024-09-09 02:00:00,268.1
2024-09-09 03:00:00,265.54
2024-09-09 04:00:00,268.19
2024-09-09 05:00:00,267.48
2024-09-09 06:00:00,133.76
2024-09-09 07:00:00,61.07
2024-09-09 08:00:00,61.07
2024-09-09 09:00:00,61.07
2024-09-09 10:00:00,61.07
2024-09-09 11:00:00,61.07
2024-09-09 12:00:00,61.07
2024-09-09 13:00:00,61.07
2024-09-09 14:00:00,85.7
2024-09-09 15:00:00,252.85
2024-09-09 16:00:00,290.93
2024-09-09 17:00:00,308.57
2024-09-09 18:00:00,307.43
2024-09-09 19:00:00,296.58
2024-09-09 20:00:00,290.04
2024-09-09 21:00:00,289.67
2024-09-09 22:00:00,287.64
2024-09-09 23:00:00,282.87
2024-09-10 00:00:00,233.4
2024-09-10 01:00:00,232.3
2024-09-10 02:00:00,230.09
2024-09-10 03:00:00,274.92
2024-09-10 04:00:00,275.07
2024-09-10 05:00:00,276.11
2024-09-10 06:00:00,61.07
2024-09-10 07:00:00,61.07
2024-09-10 08:00:00,61.07
2024-09-10 09:00:00,61.07
2024-09-10 10:00:00,61.07
2024-09-10 11:00:00,61.07
2024-09-10 12:00:00,61.07
2024-09-10 13:00:00,188.13
2024-09-10 14:00:00,281.19
2024-09-10 15:00:00,291.15
2024-09-10 16:00:00,305.19
2024-09-10 17:00:00,308.68
2024-09-10 18:00:00,307.75
2024-09-10 19:00:00,297.69
2024-09-10 20:00:00,252.79
2024-09-10 21:00:00,261.68
2024-09-10 22:00:00,264.93
2024-09-10 23:00:00,271.76
2024-09-11 00:00:00,239.96
2024-09-11 01:00:00,239.92
2024-09-11 02:00:00,237.98
2024-09-11 03:00:00,274.86
2024-09-11 04:00:00,274.96
2024-09-11 05:00:00,275.88
2024-09-11 06:00:00,129.86
2024-09-11 07:00:00,61.07
2024-09-11 08:00:00,61.07
2024-09-11 09:00:00,61.07
2024-09-11 10:00:00,61.07
2024-09-11 11:00:00,61.07
2024-09-11 12:00:00,61.07
2024-09-11 13:00:00,61.07
2024-09-11 14:00:00,61.07
2024-09-11 15:00:00,84.94
2024-09-11 16:00:00,291.17
2024-09-11 17:00:00,305.49
2024-09-11 18:00:00,308.68
2024-09-11 19:00:00,276.31
2024-09-11 20:00:00,253.35
2024-09-11 21:00:00,290.41
2024-09-11 22:00:00,285.74
2024-09-11 23:00:00,286.24
2024-09-12 00:00:00,252.1
2024-09-12 01:00:00,254.13
2024-09-12 02:00:00,250.63
2024-09-12 03:00:00,273.82
2024-09-12 04:00:00,273.45
2024-09-12 05:00:00,274.6
2024-09-12 06:00:00,61.07
2024-09-12 07:00:00,61.07
2024-09-12 08:00:00,61.07
2024-09-12 09:00:00,61.07
2024-09-12 10:00:00,61.07
2024-09-12 11:00:00,61.07
2024-09-12 12:00:00,61.07
2024-09-12 13:00:00,61.07
2024-09-12 14:00:00,61.07
2024-09-12 15:00:00,61.07
2024-09-12 16:00:00,271.97
2024-09-12 17:00:00,306.62
2024-09-12 18:00:00,306.52
2024-09-12 19:00:00,283.61
2024-09-12 20:00:00,267.4
2024-09-12 21:00:00,283.95
2024-09-12 22:00:00,284.11
2024-09-12 23:00:00,284.27
2024-09-13 00:00:00,280.62
2024-09-13 01:00:00,276.45
2024-09-13 02:00:00,256.04
2024-09-13 03:00:00,265.56
2024-09-13 04:00:00,267.44
2024-09-13 05:00:00,276.4
2024-09-13 06:00:00,61.07
2024-09-13 07:00:00,61.07
2024-09-13 08:00:00,61.07
2024-09-13 09:00:00,61.07
2024-09-13 10:00:00,61.07
2024-09-13 11:00:00,61.07
2024-09-13 12:00:00,61.07
2024-09-13 13:00:00,61.07
2024-09-13 14:00:00,61.07
2024-09-13 15:00:00,226.71
2024-09-13 16:00:00,300.6
2024-09-13 17:00:00,314.38
2024-09-13 18:00:00,310.88
2024-09-13 19:00:00,294.85
2024-09-13 20:00:00,275.08
2024-09-13 21:00:00,269.95
2024-09-13 22:00:00,271.08
2024-09-13 23:00:00,272.9
2024-09-14 00:00:00,395.63
2024-09-14 01:00:00,388.66
2024-09-14 02:00:00,384.72
2024-09-14 03:00:00,384.24
2024-09-14 04:00:00,384.0
2024-09-14 05:00:00,383.88
2024-09-14 06:00:00,191.11
2024-09-14 07:00:00,61.07
2024-09-14 08:00:00,61.07
2024-09-14 09:00:00,61.07
2024-09-14 10:00:00,61.07
2024-09-14 11:00:00,61.07
2024-09-14 12:00:00,69.59
2024-09-14 13:00:00,99.1
2024-09-14 14:00:00,119.39
2024-09-14 15:00:00,331.7
2024-09-14 16:00:00,391.03
2024-09-14 17:00:00,414.8
2024-09-14 18:00:00,433.15
2024-09-14 19:00:00,426.87
2024-09-14 20:00:00,417.47
2024-09-14 21:00:00,401.15
2024-09-14 22:00:00,399.08
2024-09-14 23:00:00,397.0
2024-09-15 00:00:00,318.41
2024-09-15 01:00:00,315.07
2024-09-15 02:00:00,311.81
2024-09-15 03:00:00,311.36
2024-09-15 04:00:00,311.04
2024-09-15 05:00:00,310.82
2024-09-15 06:00:00,304.77
2024-09-15 07:00:00,61.07
2024-09-15 08:00:00,61.07
2024-09-15 09:00:00,61.07
2024-09-15 10:00:00,61.07
2024-09-15 11:00:00,61.07
2024-09-15 12:00:00,131.62
2024-09-15 13:00:00,271.1
2024-09-15 14:00:00,287.04
2024-09-15 15:00:00,300.3
2024-09-15 16:00:00,311.97
2024-09-15 17:00:00,323.51
2024-09-15 18:00:00,340.02
2024-09-15 19:00:00,336.8
2024-09-15 20:00:00,326.48
2024-09-15 21:00:00,324.49
2024-09-15 22:00:00,321.97
2024-09-15 23:00:00,318.57
2024-09-16 00:00:00,381.25
2024-09-16 01:00:00,379.71
2024-09-16 02:00:00,378.34
2024-09-16 03:00:00,377.37
2024-09-16 04:00:00,378.54
2024-09-16 05:00:00,380.57
2024-09-16 06:00:00,61.07
2024-09-16 07:00:00,61.07
2024-09-16 08:00:00,61.07
2024-09-16 09:00:00,61.07
2024-09-16 10:00:00,61.07
2024-09-16 11:00:00,105.77
2024-09-16 12:00:00,177.17
2024-09-16 13:00:00,299.57
2024-09-16 14:00:00,384.68
2024-09-16 15:00:00,396.41
2024-09-16 16:00:00,421.13
2024-09-16 17:00:00,429.11
2024-09-16 18:00:00,434.21
2024-09-16 19:00:00,426.19
2024-09-16 20:00:00,418.38
2024-09-16 21:00:00,415.02
2024-09-16 22:00:00,410.21
2024-09-16 23:00:00,396.03
2024-09-17 00:00:00,307.71
2024-09-17 01:00:00,305.61
2024-09-17 02:00:00,304.42
2024-09-17 03:00:00,304.91
2024-09-17 04:00:00,305.89
2024-09-17 05:00:00,307.39
2024-09-17 06:00:00,307.6
2024-09-17 07:00:00,61.07
2024-09-17 08:00:00,61.07
2024-09-17 09:00:00,61.07
2024-09-17 10:00:00,61.07
2024-09-17 11:00:00,302.78
2024-09-17 12:00:00,300.68
2024-09-17 13:00:00,303.79
2024-09-17 14:00:00,307.61
2024-09-17 15:00:00,311.47
2024-09-17 16:00:00,319.7
2024-09-17 17:00:00,333.44
2024-09-17 18:00:00,342.23
2024-09-17 19:00:00,334.27
2024-09-17 20:00:00,323.28
2024-09-17 21:00:00,321.61
2024-09-17 22:00:00,320.34
2024-09-17 23:00:00,314.38
2024-09-18 00:00:00,261.36
2024-09-18 01:00:00,259.17
2024-09-18 02:00:00,254.81
2024-09-18 03:00:00,257.63
2024-09-18 04:00:00,258.82
2024-09-18 05:00:00,260.81
2024-09-18 06:00:00,61.07
2024-09-18 07:00:00,61.07
2024-09-18 08:00:00,61.07
2024-09-18 09:00:00,61.07
2024-09-18 10:00:00,61.07
2024-09-18 11:00:00,61.07
2024-09-18 12:00:00,61.07
2024-09-18 13:00:00,61.07
2024-09-18 14:00:00,61.07
2024-09-18 15:00:00,239.35
2024-09-18 16:00:00,270.63
2024-09-18 17:00:00,280.15
2024-09-18 18:00:00,284.16
2024-09-18 19:00:00,283.34
2024-09-18 20:00:00,277.75
2024-09-18 21:00:00,269.87
2024-09-18 22:00:00,269.76
2024-09-18 23:00:00,268.08
2024-09-19 00:00:00,262.46
2024-09-19 01:00:00,261.27
2024-09-19 02:00:00,259.57
2024-09-19 03:00:00,259.95
2024-09-19 04:00:00,260.4
2024-09-19 05:00:00,261.45
2024-09-19 06:00:00,130.76
2024-09-19 07:00:00,61.07
2024-09-19 08:00:00,61.07
2024-09-19 09:00:00,61.07
2024-09-19 10:00:00,61.07
2024-09-19 11:00:00,61.07
2024-09-19 12:00:00,122.42
2024-09-19 13:00:00,257.99
2024-09-19 14:00:00,261.87
2024-09-19 15:00:00,267.51
2024-09-19 16:00:00,272.46
2024-09-19 17:00:00,285.76
2024-09-19 18:00:00,291.58
2024-09-19 19:00:00,285.94
2024-09-19 20:00:00,275.92
2024-09-19 21:00:00,268.77
2024-09-19 22:00:00,269.02
2024-09-19 23:00:00,268.99
2024-09-20 00:00:00,263.41
2024-09-20 01:00:00,262.92
2024-09-20 02:00:00,262.03
2024-09-20 03:00:00,259.67
2024-09-20 04:00:00,261.09
2024-09-20 05:00:00,262.81
2024-09-20 06:00:00,129.72
2024-09-20 07:00:00,61.07
2024-09-20 08:00:00,61.07
2024-09-20 09:00:00,61.07
2024-09-20 10:00:00,61.07
2024-09-20 11:00:00,121.47
2024-09-20 12:00:00,253.07
2024-09-20 13:00:00,261.94
2024-09-20 14:00:00,265.83
2024-09-20 15:00:00,269.22
2024-09-20 16:00:00,277.81
2024-09-20 17:00:00,287.11
2024-09-20 18:00:00,291.58
2024-09-20 19:00:00,286.73
2024-09-20 20:00:00,282.32
2024-09-20 21:00:00,278.27
2024-09-20 22:00:00,273.49
2024-09-20 23:00:00,269.97
2024-09-21 00:00:00,251.88
2024-09-21 01:00:00,246.97
2024-09-21 02:00:00,245.94
2024-09-21 03:00:00,245.44
2024-09-21 04:00:00,245.54
2024-09-21 05:00:00,245.76
2024-09-21 06:00:00,242.73
2024-09-21 07:00:00,61.07
2024-09-21 08:00:00,61.07
2024-09-21 09:00:00,61.07
2024-09-21 10:00:00,116.82
2024-09-21 11:00:00,234.14
2024-09-21 12:00:00,234.17
2024-09-21 13:00:00,235.22
2024-09-21 14:00:00,238.1
2024-09-21 15:00:00,241.61
2024-09-21 16:00:00,249.19
2024-09-21 17:00:00,262.62
2024-09-21 18:00:00,276.53
2024-09-21 19:00:00,272.94
2024-09-21 20:00:00,265.27
2024-09-21 21:00:00,254.93
2024-09-21 22:00:00,252.98
2024-09-21 23:00:00,248.88
2024-09-22 00:00:00,243.9
2024-09-22 01:00:00,242.86
2024-09-22 02:00:00,241.88
2024-09-22 03:00:00,242.09
2024-09-22 04:00:00,242.09
2024-09-22 05:00:00,241.83
2024-09-22 06:00:00,119.79
2024-09-22 07:00:00,61.07
2024-09-22 08:00:00,61.07
2024-09-22 09:00:00,61.07
2024-09-22 10:00:00,61.07
2024-09-22 11:00:00,61.07
2024-09-22 12:00:00,61.07
2024-09-22 13:00:00,88.3
2024-09-22 14:00:00,210.54
2024-09-22 15:00:00,234.65
2024-09-22 16:00:00,244.53
2024-09-22 17:00:00,260.54
2024-09-22 18:00:00,277.02
2024-09-22 19:00:00,274.09
2024-09-22 20:00:00,266.81
2024-09-22 21:00:00,259.57
2024-09-22 22:00:00,257.24
2024-09-22 23:00:00,251.87
2024-09-23 00:00:00,244.98
2024-09-23 01:00:00,243.54
2024-09-23 02:00:00,242.73
2024-09-23 03:00:00,242.71
2024-09-23 04:00:00,242.97
2024-09-23 05:00:00,244.41
2024-09-23 06:00:00,244.0
2024-09-23 07:00:00,61.07
2024-09-23 08:00:00,61.07
2024-09-23 09:00:00,61.07
2024-09-23 10:00:00,121.1
2024-09-23 11:00:00,242.3
2024-09-23 12:00:00,242.2
2024-09-23 13:00:00,244.36
2024-09-23 14:00:00,252.84
2024-09-23 15:00:00,263.56
2024-09-23 16:00:00,278.09
2024-09-23 17:00:00,283.47
2024-09-23 18:00:00,287.98
2024-09-23 19:00:00,277.84
2024-09-23 20:00:00,275.79
2024-09-23 21:00:00,275.7
2024-09-23 22:00:00,275.58
2024-09-23 23:00:00,262.0
2024-09-24 00:00:00,252.28
2024-09-24 01:00:00,246.55
2024-09-24 02:00:00,244.15
2024-09-24 03:00:00,244.03
2024-09-24 04:00:00,244.22
2024-09-24 05:00:00,246.73
2024-09-24 06:00:00,245.97
2024-09-24 07:00:00,61.07
2024-09-24 08:00:00,61.07
2024-09-24 09:00:00,121.32
2024-09-24 10:00:00,243.11
2024-09-24 11:00:00,244.11
2024-09-24 12:00:00,243.13
2024-09-24 13:00:00,246.98
2024-09-24 14:00:00,254.69
2024-09-24 15:00:00,267.99
2024-09-24 16:00:00,277.47
2024-09-24 17:00:00,290.64
2024-09-24 18:00:00,289.17
2024-09-24 19:00:00,276.48
2024-09-24 20:00:00,273.74
2024-09-24 21:00:00,271.55
2024-09-24 22:00:00,271.51
2024-09-24 23:00:00,261.0
2024-09-25 00:00:00,251.75
2024-09-25 01:00:00,245.6
2024-09-25 02:00:00,243.92
2024-09-25 03:00:00,244.43
2024-09-25 04:00:00,244.67
2024-09-25 05:00:00,246.98
2024-09-25 06:00:00,123.74
2024-09-25 07:00:00,61.07
2024-09-25 08:00:00,61.07
2024-09-25 09:00:00,61.07
2024-09-25 10:00:00,121.06
2024-09-25 11:00:00,242.23
2024-09-25 12:00:00,241.7
2024-09-25 13:00:00,245.61
2024-09-25 14:00:00,253.37
2024-09-25 15:00:00,268.75
2024-09-25 16:00:00,293.46
2024-09-25 17:00:00,310.5
2024-09-25 18:00:00,301.7
2024-09-25 19:00:00,280.09
2024-09-25 20:00:00,276.21
2024-09-25 21:00:00,275.95
2024-09-25 22:00:00,275.53
2024-09-25 23:00:00,268.79
2024-09-26 00:00:00,253.91
2024-09-26 01:00:00,248.68
2024-09-26 02:00:00,246.2
2024-09-26 03:00:00,246.12
2024-09-26 04:00:00,246.42
2024-09-26 05:00:00,247.13
2024-09-26 06:00:00,123.42
2024-09-26 07:00:00,61.07
2024-09-26 08:00:00,61.07
2024-09-26 09:00:00,61.07
2024-09-26 10:00:00,244.27
2024-09-26 11:00:00,245.35
2024-09-26 12:00:00,245.18
2024-09-26 13:00:00,250.26
2024-09-26 14:00:00,270.0
2024-09-26 15:00:00,295.34
2024-09-26 16:00:00,342.81
2024-09-26 17:00:00,402.55
2024-09-26 18:00:00,344.84
2024-09-26 19:00:00,286.96
2024-09-26 20:00:00,275.34
2024-09-26 21:00:00,280.14
2024-09-26 22:00:00,286.61
2024-09-26 23:00:00,286.09
2024-09-27 00:00:00,254.56
2024-09-27 01:00:00,251.36
2024-09-27 02:00:00,249.19
2024-09-27 03:00:00,248.66
2024-09-27 04:00:00,249.79
2024-09-27 05:00:00,251.06
2024-09-27 06:00:00,250.02
2024-09-27 07:00:00,245.67
2024-09-27 08:00:00,245.34
2024-09-27 09:00:00,245.51
2024-09-27 10:00:00,247.57
2024-09-27 11:00:00,248.14
2024-09-27 12:00:00,246.07
2024-09-27 13:00:00,251.27
2024-09-27 14:00:00,261.5
2024-09-27 15:00:00,273.44
2024-09-27 16:00:00,280.7
2024-09-27 17:00:00,537.62
2024-09-27 18:00:00,835.16
2024-09-27 19:00:00,277.09
2024-09-27 20:00:00,271.06
2024-09-27 21:00:00,270.98
2024-09-27 22:00:00,270.84
2024-09-27 23:00:00,261.59
2024-09-28 00:00:00,627.03
2024-09-28 01:00:00,616.44
2024-09-28 02:00:00,607.76
2024-09-28 03:00:00,602.9
2024-09-28 04:00:00,602.93
2024-09-28 05:00:00,604.62
2024-09-28 06:00:00,597.33
2024-09-28 07:00:00,294.65
2024-09-28 08:00:00,61.07
2024-09-28 09:00:00,290.03
2024-09-28 10:00:00,582.15
2024-09-28 11:00:00,584.11
2024-09-28 12:00:00,584.22
2024-09-28 13:00:00,586.55
2024-09-28 14:00:00,593.98
2024-09-28 15:00:00,602.53
2024-09-28 16:00:00,616.95
2024-09-28 17:00:00,643.58
2024-09-28 18:00:00,668.3
2024-09-28 19:00:00,656.35
2024-09-28 20:00:00,646.71
2024-09-28 21:00:00,631.95
2024-09-28 22:00:00,621.14
2024-09-28 23:00:00,614.51
2024-09-29 00:00:00,598.31
2024-09-29 01:00:00,584.19
2024-09-29 02:00:00,587.59
2024-09-29 03:00:00,559.59
2024-09-29 04:00:00,566.32
2024-09-29 05:00:00,562.7
2024-09-29 06:00:00,278.54
2024-09-29 07:00:00,61.07
2024-09-29 08:00:00,61.07
2024-09-29 09:00:00,61.07
2024-09-29 10:00:00,61.07
2024-09-29 11:00:00,61.07
2024-09-29 12:00:00,61.07
2024-09-29 13:00:00,61.07
2024-09-29 14:00:00,61.07
2024-09-29 15:00:00,61.07
2024-09-29 16:00:00,516.6
2024-09-29 17:00:00,602.74
2024-09-29 18:00:00,625.64
2024-09-29 19:00:00,614.19
2024-09-29 20:00:00,563.27
2024-09-29 21:00:00,588.11
2024-09-29 22:00:00,593.58
2024-09-29 23:00:00,605.06
2024-09-30 00:00:00,61.07
2024-09-30 01:00:00,61.07
2024-09-30 02:00:00,61.07
2024-09-30 03:00:00,582.95
2024-09-30 04:00:00,584.44
2024-09-30 05:00:00,589.4
2024-09-30 06:00:00,61.07
2024-09-30 07:00:00,61.07
2024-09-30 08:00:00,61.07
2024-09-30 09:00:00,61.07
2024-09-30 10:00:00,61.07
2024-09-30 11:00:00,61.07
2024-09-30 12:00:00,61.07
2024-09-30 13:00:00,61.07
2024-09-30 14:00:00,209.42
2024-09-30 15:00:00,560.72
2024-09-30 16:00:00,626.8
2024-09-30 17:00:00,659.87
2024-09-30 18:00:00,637.82
2024-09-30 19:00:00,625.92
2024-09-30 20:00:00,585.6
2024-09-30 21:00:00,629.1
2024-09-30 22:00:00,627.16
2024-09-30 23:00:00,612.88
2024-10-01 00:00:00,599.5
2024-10-01 01:00:00,595.23
2024-10-01 02:00:00,593.36
2024-10-01 03:00:00,593.73
2024-10-01 04:00:00,594.16
2024-10-01 05:00:00,595.17
2024-10-01 06:00:00,297.5
2024-10-01 07:00:00,61.07
2024-10-01 08:00:00,61.07
2024-10-01 09:00:00,61.07
2024-10-01 10:00:00,61.07
2024-10-01 11:00:00,61.07
2024-10-01 12:00:00,61.07
2024-10-01 13:00:00,543.53
2024-10-01 14:00:00,595.8
2024-10-01 15:00:00,605.87
2024-10-01 16:00:00,632.37
2024-10-01 17:00:00,642.09
2024-10-01 18:00:00,642.61
2024-10-01 19:00:00,637.66
2024-10-01 20:00:00,634.2
2024-10-01 21:00:00,629.39
2024-10-01 22:00:00,627.41
2024-10-01 23:00:00,614.85
2024-10-02 00:00:00,611.24
2024-10-02 01:00:00,603.89
2024-10-02 02:00:00,599.27
2024-10-02 03:00:00,599.44
2024-10-02 04:00:00,600.1
2024-10-02 05:00:00,604.4
2024-10-02 06:00:00,599.27
2024-10-02 07:00:00,61.07
2024-10-02 08:00:00,61.07
2024-10-02 09:00:00,173.8
2024-10-02 10:00:00,596.34
2024-10-02 11:00:00,596.81
2024-10-02 12:00:00,595.2
2024-10-02 13:00:00,599.42
2024-10-02 14:00:00,617.51
2024-10-02 15:00:00,678.41
2024-10-02 16:00:00,954.04
2024-10-02 17:00:00,1200.8
2024-10-02 18:00:00,1034.19
2024-10-02 19:00:00,698.74
2024-10-02 20:00:00,666.1
2024-10-02 21:00:00,710.49
2024-10-02 22:00:00,710.54
2024-10-02 23:00:00,674.66
2024-10-03 00:00:00,612.3
2024-10-03 01:00:00,605.01
2024-10-03 02:00:00,600.8
2024-10-03 03:00:00,600.76
2024-10-03 04:00:00,600.86
2024-10-03 05:00:00,603.9
2024-10-03 06:00:00,599.87
2024-10-03 07:00:00,563.96
2024-10-03 08:00:00,104.21
2024-10-03 09:00:00,590.08
2024-10-03 10:00:00,595.26
2024-10-03 11:00:00,595.9
2024-10-03 12:00:00,591.89
2024-10-03 13:00:00,599.8
2024-10-03 14:00:00,611.34
2024-10-03 15:00:00,643.88
2024-10-03 16:00:00,832.26
2024-10-03 17:00:00,1090.63
2024-10-03 18:00:00,767.28
2024-10-03 19:00:00,649.99
2024-10-03 20:00:00,635.98
2024-10-03 21:00:00,646.07
2024-10-03 22:00:00,646.04
2024-10-03 23:00:00,629.3
2024-10-04 00:00:00,606.58
2024-10-04 01:00:00,599.27
2024-10-04 02:00:00,596.54
2024-10-04 03:00:00,595.42
2024-10-04 04:00:00,597.03
2024-10-04 05:00:00,598.52
2024-10-04 06:00:00,597.77
2024-10-04 07:00:00,489.0
2024-10-04 08:00:00,488.63
2024-10-04 09:00:00,587.9
2024-10-04 10:00:00,591.36
2024-10-04 11:00:00,592.27
2024-10-04 12:00:00,586.37
2024-10-04 13:00:00,593.89
2024-10-04 14:00:00,599.96
2024-10-04 15:00:00,607.52
2024-10-04 16:00:00,622.54
2024-10-04 17:00:00,635.98
2024-10-04 18:00:00,643.11
2024-10-04 19:00:00,639.75
2024-10-04 20:00:00,634.81
2024-10-04 21:00:00,634.07
2024-10-04 22:00:00,624.38
2024-10-04 23:00:00,611.66
2024-10-05 00:00:00,537.03
2024-10-05 01:00:00,530.56
2024-10-05 02:00:00,528.59
2024-10-05 03:00:00,527.17
2024-10-05 04:00:00,527.99
2024-10-05 05:00:00,528.85
2024-10-05 06:00:00,512.89
2024-10-05 07:00:00,224.16
2024-10-05 08:00:00,61.07
2024-10-05 09:00:00,66.51
2024-10-05 10:00:00,133.01
2024-10-05 11:00:00,133.54
2024-10-05 12:00:00,130.84
2024-10-05 13:00:00,216.73
2024-10-05 14:00:00,350.85
2024-10-05 15:00:00,484.31
2024-10-05 16:00:00,530.8
2024-10-05 17:00:00,549.98
2024-10-05 18:00:00,562.51
2024-10-05 19:00:00,554.97
2024-10-05 20:00:00,547.04
2024-10-05 21:00:00,537.92
2024-10-05 22:00:00,537.86
2024-10-05 23:00:00,536.41
2024-10-06 00:00:00,536.6
2024-10-06 01:00:00,530.45
2024-10-06 02:00:00,528.17
2024-10-06 03:00:00,523.22
2024-10-06 04:00:00,523.17
2024-10-06 05:00:00,522.45
2024-10-06 06:00:00,240.63
2024-10-06 07:00:00,61.07
2024-10-06 08:00:00,61.07
2024-10-06 09:00:00,61.07
2024-10-06 10:00:00,61.07
2024-10-06 11:00:00,61.07
2024-10-06 12:00:00,61.07
2024-10-06 13:00:00,61.07
2024-10-06 14:00:00,61.07
2024-10-06 15:00:00,166.23
2024-10-06 16:00:00,508.84
2024-10-06 17:00:00,547.21
2024-10-06 18:00:00,572.45
2024-10-06 19:00:00,562.85
2024-10-06 20:00:00,553.9
2024-10-06 21:00:00,549.31
2024-10-06 22:00:00,545.78
2024-10-06 23:00:00,539.82
2024-10-07 00:00:00,532.21
2024-10-07 01:00:00,529.31
2024-10-07 02:00:00,526.42
2024-10-07 03:00:00,526.42
2024-10-07 04:00:00,528.13
2024-10-07 05:00:00,530.42
2024-10-07 06:00:00,527.98
2024-10-07 07:00:00,512.19
2024-10-07 08:00:00,502.55
2024-10-07 09:00:00,496.14
2024-10-07 10:00:00,504.55
2024-10-07 11:00:00,504.96
2024-10-07 12:00:00,493.32
2024-10-07 13:00:00,521.17
2024-10-07 14:00:00,533.39
2024-10-07 15:00:00,545.53
2024-10-07 16:00:00,571.65
2024-10-07 17:00:00,593.12
2024-10-07 18:00:00,598.8
2024-10-07 19:00:00,595.38
2024-10-07 20:00:00,592.36
2024-10-07 21:00:00,584.11
2024-10-07 22:00:00,574.63
2024-10-07 23:00:00,553.61
2024-10-08 00:00:00,548.39
2024-10-08 01:00:00,543.94
2024-10-08 02:00:00,537.93
2024-10-08 03:00:00,537.35
2024-10-08 04:00:00,537.97
2024-10-08 05:00:00,542.76
2024-10-08 06:00:00,534.21
2024-10-08 07:00:00,526.71
2024-10-08 08:00:00,525.98
2024-10-08 09:00:00,526.19
2024-10-08 10:00:00,530.25
2024-10-08 11:00:00,531.69
2024-10-08 12:00:00,527.07
2024-10-08 13:00:00,535.45
2024-10-08 14:00:00,547.41
2024-10-08 15:00:00,586.69
2024-10-08 16:00:00,726.65
2024-10-08 17:00:00,819.25
2024-10-08 18:00:00,848.28
2024-10-08 19:00:00,840.34
2024-10-08 20:00:00,836.1
2024-10-08 21:00:00,834.76
2024-10-08 22:00:00,772.21
2024-10-08 23:00:00,616.75
2024-10-09 00:00:00,570.56
2024-10-09 01:00:00,549.91
2024-10-09 02:00:00,546.44
2024-10-09 03:00:00,542.52
2024-10-09 04:00:00,544.54
2024-10-09 05:00:00,546.19
2024-10-09 06:00:00,542.5
2024-10-09 07:00:00,535.73
2024-10-09 08:00:00,535.3
2024-10-09 09:00:00,535.13
2024-10-09 10:00:00,536.66
2024-10-09 11:00:00,536.31
2024-10-09 12:00:00,534.68
2024-10-09 13:00:00,544.43
2024-10-09 14:00:00,559.27
2024-10-09 15:00:00,592.14
2024-10-09 16:00:00,887.81
2024-10-09 17:00:00,974.26
2024-10-09 18:00:00,1050.0
2024-10-09 19:00:00,1092.16
2024-10-09 20:00:00,962.89
2024-10-09 21:00:00,883.18
2024-10-09 22:00:00,722.32
2024-10-09 23:00:00,574.78
2024-10-10 00:00:00,563.77
2024-10-10 01:00:00,550.66
2024-10-10 02:00:00,547.51
2024-10-10 03:00:00,544.84
2024-10-10 04:00:00,546.3
2024-10-10 05:00:00,547.55
2024-10-10 06:00:00,546.15
2024-10-10 07:00:00,541.43
2024-10-10 08:00:00,542.13
2024-10-10 09:00:00,543.71
2024-10-10 10:00:00,545.14
2024-10-10 11:00:00,544.19
2024-10-10 12:00:00,539.91
2024-10-10 13:00:00,547.97
2024-10-10 14:00:00,554.62
2024-10-10 15:00:00,570.02
2024-10-10 16:00:00,593.5
2024-10-10 17:00:00,595.26
2024-10-10 18:00:00,596.71
2024-10-10 19:00:00,586.66
2024-10-10 20:00:00,570.72
2024-10-10 21:00:00,571.25
2024-10-10 22:00:00,570.77
2024-10-10 23:00:00,559.13
2024-10-11 00:00:00,542.04
2024-10-11 01:00:00,537.23
2024-10-11 02:00:00,534.21
2024-10-11 03:00:00,531.43
2024-10-11 04:00:00,533.94
2024-10-11 05:00:00,536.45
2024-10-11 06:00:00,533.87
2024-10-11 07:00:00,61.07
2024-10-11 08:00:00,61.07
2024-10-11 09:00:00,61.07
2024-10-11 10:00:00,531.67
2024-10-11 11:00:00,535.7
2024-10-11 12:00:00,530.8
2024-10-11 13:00:00,538.49
2024-10-11 14:00:00,544.93
2024-10-11 15:00:00,553.19
2024-10-11 16:00:00,571.59
2024-10-11 17:00:00,578.95
2024-10-11 18:00:00,583.4
2024-10-11 19:00:00,580.86
2024-10-11 20:00:00,571.74
2024-10-11 21:00:00,569.98
2024-10-11 22:00:00,567.25
2024-10-11 23:00:00,554.98
2024-10-12 00:00:00,549.38
2024-10-12 01:00:00,540.74
2024-10-12 02:00:00,535.8
2024-10-12 03:00:00,534.21
2024-10-12 04:00:00,535.28
2024-10-12 05:00:00,535.35
2024-10-12 06:00:00,504.41
2024-10-12 07:00:00,189.39
2024-10-12 08:00:00,61.07
2024-10-12 09:00:00,61.07
2024-10-12 10:00:00,90.83
2024-10-12 11:00:00,90.18
2024-10-12 12:00:00,124.87
2024-10-12 13:00:00,249.04
2024-10-12 14:00:00,418.28
2024-10-12 15:00:00,509.32
2024-10-12 16:00:00,543.28
2024-10-12 17:00:00,565.59
2024-10-12 18:00:00,573.95
2024-10-12 19:00:00,571.46
2024-10-12 20:00:00,566.32
2024-10-12 21:00:00,561.59
2024-10-12 22:00:00,557.41
2024-10-12 23:00:00,550.42
2024-10-13 00:00:00,545.77
2024-10-13 01:00:00,537.33
2024-10-13 02:00:00,530.69
2024-10-13 03:00:00,527.87
2024-10-13 04:00:00,527.6
2024-10-13 05:00:00,517.16
2024-10-13 06:00:00,165.28
2024-10-13 07:00:00,61.07
2024-10-13 08:00:00,61.07
2024-10-13 09:00:00,61.07
2024-10-13 10:00:00,61.07
2024-10-13 11:00:00,61.07
2024-10-13 12:00:00,61.07
2024-10-13 13:00:00,61.07
2024-10-13 14:00:00,61.07
2024-10-13 15:00:00,75.02
2024-10-13 16:00:00,525.46
2024-10-13 17:00:00,554.39
2024-10-13 18:00:00,570.25
2024-10-13 19:00:00,564.17
2024-10-13 20:00:00,560.6
2024-10-13 21:00:00,559.94
2024-10-13 22:00:00,553.28
2024-10-13 23:00:00,544.57
2024-10-14 00:00:00,532.8
2024-10-14 01:00:00,520.76
2024-10-14 02:00:00,517.29
2024-10-14 03:00:00,518.07
2024-10-14 04:00:00,519.98
2024-10-14 05:00:00,527.37
2024-10-14 06:00:00,261.84
2024-10-14 07:00:00,61.07
2024-10-14 08:00:00,61.07
2024-10-14 09:00:00,61.07
2024-10-14 10:00:00,61.07
2024-10-14 11:00:00,61.07
2024-10-14 12:00:00,104.21
2024-10-14 13:00:00,513.39
2024-10-14 14:00:00,533.95
2024-10-14 15:00:00,551.5
2024-10-14 16:00:00,563.09
2024-10-14 17:00:00,569.12
2024-10-14 18:00:00,581.46
2024-10-14 19:00:00,578.92
2024-10-14 20:00:00,562.38
2024-10-14 21:00:00,569.8
2024-10-14 22:00:00,564.83
2024-10-14 23:00:00,556.61
2024-10-15 00:00:00,545.45
2024-10-15 01:00:00,538.22
2024-10-15 02:00:00,536.55
2024-10-15 03:00:00,536.87
2024-10-15 04:00:00,537.67
2024-10-15 05:00:00,537.99
2024-10-15 06:00:00,536.43
2024-10-15 07:00:00,188.61
2024-10-15 08:00:00,265.8
2024-10-15 09:00:00,534.57
2024-10-15 10:00:00,535.99
2024-10-15 11:00:00,537.52
2024-10-15 12:00:00,535.76
2024-10-15 13:00:00,541.72
2024-10-15 14:00:00,555.03
2024-10-15 15:00:00,563.21
2024-10-15 16:00:00,584.61
2024-10-15 17:00:00,588.81
2024-10-15 18:00:00,606.26
2024-10-15 19:00:00,599.91
2024-10-15 20:00:00,586.67
2024-10-15 21:00:00,585.26
2024-10-15 22:00:00,578.86
2024-10-15 23:00:00,564.79
2024-10-16 00:00:00,561.33
2024-10-16 01:00:00,556.91
2024-10-16 02:00:00,555.46
2024-10-16 03:00:00,556.08
2024-10-16 04:00:00,557.18
2024-10-16 05:00:00,557.84
2024-10-16 06:00:00,556.8
2024-10-16 07:00:00,550.87
2024-10-16 08:00:00,553.83
2024-10-16 09:00:00,555.78
2024-10-16 10:00:00,557.36
2024-10-16 11:00:00,558.28
2024-10-16 12:00:00,556.39
2024-10-16 13:00:00,560.55
2024-10-16 14:00:00,576.51
2024-10-16 15:00:00,609.91
2024-10-16 16:00:00,663.11
2024-10-16 17:00:00,680.98
2024-10-16 18:00:00,710.41
2024-10-16 19:00:00,710.62
2024-10-16 20:00:00,669.5
2024-10-16 21:00:00,664.33
2024-10-16 22:00:00,641.41
2024-10-16 23:00:00,619.12
2024-10-17 00:00:00,579.34
2024-10-17 01:00:00,570.06
2024-10-17 02:00:00,566.43
2024-10-17 03:00:00,567.05
2024-10-17 04:00:00,567.0
2024-10-17 05:00:00,567.44
2024-10-17 06:00:00,562.21
2024-10-17 07:00:00,557.82
2024-10-17 08:00:00,558.4
2024-10-17 09:00:00,556.91
2024-10-17 10:00:00,558.81
2024-10-17 11:00:00,560.11
2024-10-17 12:00:00,558.6
2024-10-17 13:00:00,566.71
2024-10-17 14:00:00,581.31
2024-10-17 15:00:00,622.07
2024-10-17 16:00:00,759.47
2024-10-17 17:00:00,743.35
2024-10-17 18:00:00,981.58
2024-10-17 19:00:00,1023.27
2024-10-17 20:00:00,806.23
2024-10-17 21:00:00,809.32
2024-10-17 22:00:00,748.14
2024-10-17 23:00:00,618.28
2024-10-18 00:00:00,592.58
2024-10-18 01:00:00,580.27
2024-10-18 02:00:00,574.59
2024-10-18 03:00:00,571.24
2024-10-18 04:00:00,571.87
2024-10-18 05:00:00,571.22
2024-10-18 06:00:00,568.82
2024-10-18 07:00:00,560.22
2024-10-18 08:00:00,561.25
2024-10-18 09:00:00,557.35
2024-10-18 10:00:00,559.98
2024-10-18 11:00:00,559.88
2024-10-18 12:00:00,556.03
2024-10-18 13:00:00,566.19
2024-10-18 14:00:00,579.06
2024-10-18 15:00:00,601.45
2024-10-18 16:00:00,629.5
2024-10-18 17:00:00,622.15
2024-10-18 18:00:00,658.03
2024-10-18 19:00:00,638.53
2024-10-18 20:00:00,619.69
2024-10-18 21:00:00,618.77
2024-10-18 22:00:00,609.24
2024-10-18 23:00:00,581.96
2024-10-19 00:00:00,473.31
2024-10-19 01:00:00,465.84
2024-10-19 02:00:00,460.48
2024-10-19 03:00:00,457.98
2024-10-19 04:00:00,457.52
2024-10-19 05:00:00,455.52
2024-10-19 06:00:00,450.51
2024-10-19 07:00:00,445.52
2024-10-19 08:00:00,442.82
2024-10-19 09:00:00,442.16
2024-10-19 10:00:00,442.09
2024-10-19 11:00:00,442.59
2024-10-19 12:00:00,442.16
2024-10-19 13:00:00,441.71
2024-10-19 14:00:00,444.35
2024-10-19 15:00:00,452.83
2024-10-19 16:00:00,460.48
2024-10-19 17:00:00,472.8
2024-10-19 18:00:00,488.55
2024-10-19 19:00:00,483.68
2024-10-19 20:00:00,475.94
2024-10-19 21:00:00,469.11
2024-10-19 22:00:00,463.46
2024-10-19 23:00:00,460.42
2024-10-20 00:00:00,456.59
2024-10-20 01:00:00,451.24
2024-10-20 02:00:00,450.17
2024-10-20 03:00:00,447.46
2024-10-20 04:00:00,445.62
2024-10-20 05:00:00,443.31
2024-10-20 06:00:00,436.44
2024-10-20 07:00:00,340.23
2024-10-20 08:00:00,87.1
2024-10-20 09:00:00,61.07
2024-10-20 10:00:00,78.45
2024-10-20 11:00:00,221.87
2024-10-20 12:00:00,248.49
2024-10-20 13:00:00,341.99
2024-10-20 14:00:00,415.59
2024-10-20 15:00:00,434.22
2024-10-20 16:00:00,447.2
2024-10-20 17:00:00,459.02
2024-10-20 18:00:00,469.25
2024-10-20 19:00:00,470.65
2024-10-20 20:00:00,467.35
2024-10-20 21:00:00,464.85
2024-10-20 22:00:00,463.51
2024-10-20 23:00:00,456.71
2024-10-21 00:00:00,448.22
2024-10-21 01:00:00,442.12
2024-10-21 02:00:00,439.74
2024-10-21 03:00:00,439.24
2024-10-21 04:00:00,439.37
2024-10-21 05:00:00,439.8
2024-10-21 06:00:00,438.95
2024-10-21 07:00:00,61.07
2024-10-21 08:00:00,61.07
2024-10-21 09:00:00,219.73
2024-10-21 10:00:00,440.01
2024-10-21 11:00:00,440.58
2024-10-21 12:00:00,440.08
2024-10-21 13:00:00,446.32
2024-10-21 14:00:00,451.21
2024-10-21 15:00:00,455.56
2024-10-21 16:00:00,466.09
2024-10-21 17:00:00,469.32
2024-10-21 18:00:00,470.98
2024-10-21 19:00:00,467.6
2024-10-21 20:00:00,453.73
2024-10-21 21:00:00,453.06
2024-10-21 22:00:00,452.72
2024-10-21 23:00:00,447.03
2024-10-22 00:00:00,61.07
2024-10-22 01:00:00,61.07
2024-10-22 02:00:00,61.07
2024-10-22 03:00:00,439.27
2024-10-22 04:00:00,439.53
2024-10-22 05:00:00,219.88
2024-10-22 06:00:00,61.07
2024-10-22 07:00:00,61.07
2024-10-22 08:00:00,61.07
2024-10-22 09:00:00,61.07
2024-10-22 10:00:00,61.07
2024-10-22 11:00:00,61.07
2024-10-22 12:00:00,200.88
2024-10-22 13:00:00,442.86
2024-10-22 14:00:00,451.33
2024-10-22 15:00:00,458.44
2024-10-22 16:00:00,468.02
2024-10-22 17:00:00,469.86
2024-10-22 18:00:00,470.59
2024-10-22 19:00:00,456.51
2024-10-22 20:00:00,444.74
2024-10-22 21:00:00,451.26
2024-10-22 22:00:00,450.61
2024-10-22 23:00:00,449.04
2024-10-23 00:00:00,451.73
2024-10-23 01:00:00,448.76
2024-10-23 02:00:00,446.69
2024-10-23 03:00:00,446.58
2024-10-23 04:00:00,447.46
2024-10-23 05:00:00,448.26
2024-10-23 06:00:00,223.07
2024-10-23 07:00:00,61.07
2024-10-23 08:00:00,61.07
2024-10-23 09:00:00,443.84
2024-10-23 10:00:00,446.02
2024-10-23 11:00:00,447.48
2024-10-23 12:00:00,447.44
2024-10-23 13:00:00,454.5
2024-10-23 14:00:00,465.17
2024-10-23 15:00:00,471.14
2024-10-23 16:00:00,502.52
2024-10-23 17:00:00,491.42
2024-10-23 18:00:00,493.33
2024-10-23 19:00:00,475.7
2024-10-23 20:00:00,470.97
2024-10-23 21:00:00,470.75
2024-10-23 22:00:00,470.7
2024-10-23 23:00:00,469.15
2024-10-24 00:00:00,463.29
2024-10-24 01:00:00,457.01
2024-10-24 02:00:00,454.48
2024-10-24 03:00:00,453.39
2024-10-24 04:00:00,455.3
2024-10-24 05:00:00,456.77
2024-10-24 06:00:00,452.89
2024-10-24 07:00:00,405.42
2024-10-24 08:00:00,449.65
2024-10-24 09:00:00,451.04
2024-10-24 10:00:00,452.71
2024-10-24 11:00:00,454.71
2024-10-24 12:00:00,453.87
2024-10-24 13:00:00,460.46
2024-10-24 14:00:00,469.54
2024-10-24 15:00:00,479.12
2024-10-24 16:00:00,497.9
2024-10-24 17:00:00,503.18
2024-10-24 18:00:00,498.85
2024-10-24 19:00:00,480.93
2024-10-24 20:00:00,469.98
2024-10-24 21:00:00,469.85
2024-10-24 22:00:00,469.86
2024-10-24 23:00:00,469.58
2024-10-25 00:00:00,454.93
2024-10-25 01:00:00,451.59
2024-10-25 02:00:00,449.85
2024-10-25 03:00:00,449.04
2024-10-25 04:00:00,450.21
2024-10-25 05:00:00,451.21
2024-10-25 06:00:00,450.26
2024-10-25 07:00:00,449.28
2024-10-25 08:00:00,449.31
2024-10-25 09:00:00,450.04
2024-10-25 10:00:00,450.65
2024-10-25 11:00:00,450.34
2024-10-25 12:00:00,449.05
2024-10-25 13:00:00,452.51
2024-10-25 14:00:00,460.34
2024-10-25 15:00:00,468.78
2024-10-25 16:00:00,480.26
2024-10-25 17:00:00,483.5
2024-10-25 18:00:00,486.91
2024-10-25 19:00:00,480.25
2024-10-25 20:00:00,472.85
2024-10-25 21:00:00,474.67
2024-10-25 22:00:00,475.65
2024-10-25 23:00:00,468.28
2024-10-26 00:00:00,292.77
2024-10-26 01:00:00,289.83
2024-10-26 02:00:00,287.87
2024-10-26 03:00:00,286.79
2024-10-26 04:00:00,286.73
2024-10-26 05:00:00,285.89
2024-10-26 06:00:00,281.71
2024-10-26 07:00:00,276.89
2024-10-26 08:00:00,275.09
2024-10-26 09:00:00,275.22
2024-10-26 10:00:00,275.94
2024-10-26 11:00:00,276.71
2024-10-26 12:00:00,276.17
2024-10-26 13:00:00,277.08
2024-10-26 14:00:00,280.29
2024-10-26 15:00:00,282.82
2024-10-26 16:00:00,288.19
2024-10-26 17:00:00,298.02
2024-10-26 18:00:00,307.76
2024-10-26 19:00:00,308.71
2024-10-26 20:00:00,304.39
2024-10-26 21:00:00,297.22
2024-10-26 22:00:00,294.08
2024-10-26 23:00:00,291.62
2024-10-27 00:00:00,281.85
2024-10-27 01:00:00,280.65
2024-10-27 02:00:00,279.84
2024-10-27 03:00:00,279.66
2024-10-27 04:00:00,279.73
2024-10-27 05:00:00,279.4
2024-10-27 06:00:00,271.04
2024-10-27 07:00:00,244.92
2024-10-27 08:00:00,128.43
2024-10-27 09:00:00,61.07
2024-10-27 10:00:00,61.07
2024-10-27 11:00:00,114.62
2024-10-27 12:00:00,198.75
2024-10-27 13:00:00,218.18
2024-10-27 14:00:00,252.9
2024-10-27 15:00:00,268.02
2024-10-27 16:00:00,280.42
2024-10-27 17:00:00,287.77
2024-10-27 18:00:00,293.19
2024-10-27 19:00:00,295.08
2024-10-27 20:00:00,292.11
2024-10-27 21:00:00,290.47
2024-10-27 22:00:00,288.42
2024-10-27 23:00:00,284.37
2024-10-28 00:00:00,280.79
2024-10-28 01:00:00,278.83
2024-10-28 02:00:00,277.65
2024-10-28 03:00:00,277.42
2024-10-28 04:00:00,277.58
2024-10-28 05:00:00,278.53
2024-10-28 06:00:00,138.69
2024-10-28 07:00:00,61.07
2024-10-28 08:00:00,61.07
2024-10-28 09:00:00,61.07
2024-10-28 10:00:00,61.07
2024-10-28 11:00:00,86.23
2024-10-28 12:00:00,263.82
2024-10-28 13:00:00,279.88
2024-10-28 14:00:00,283.75
2024-10-28 15:00:00,286.97
2024-10-28 16:00:00,295.35
2024-10-28 17:00:00,304.27
2024-10-28 18:00:00,307.71
2024-10-28 19:00:00,304.09
2024-10-28 20:00:00,295.83
2024-10-28 21:00:00,291.71
2024-10-28 22:00:00,289.62
2024-10-28 23:00:00,285.97
2024-10-29 00:00:00,277.79
2024-10-29 01:00:00,275.0
2024-10-29 02:00:00,272.21
2024-10-29 03:00:00,271.95
2024-10-29 04:00:00,272.58
2024-10-29 05:00:00,273.12
2024-10-29 06:00:00,135.53
2024-10-29 07:00:00,61.07
2024-10-29 08:00:00,61.07
2024-10-29 09:00:00,61.07
2024-10-29 10:00:00,243.04
2024-10-29 11:00:00,272.17
2024-10-29 12:00:00,271.15
2024-10-29 13:00:00,276.96
2024-10-29 14:00:00,280.27
2024-10-29 15:00:00,283.51
2024-10-29 16:00:00,288.54
2024-10-29 17:00:00,291.35
2024-10-29 18:00:00,300.75
2024-10-29 19:00:00,301.61
2024-10-29 20:00:00,294.18
2024-10-29 21:00:00,288.86
2024-10-29 22:00:00,287.36
2024-10-29 23:00:00,283.07
2024-10-30 00:00:00,282.34
2024-10-30 01:00:00,280.31
2024-10-30 02:00:00,279.51
2024-10-30 03:00:00,279.47
2024-10-30 04:00:00,279.75
2024-10-30 05:00:00,279.96
2024-10-30 06:00:00,279.42
2024-10-30 07:00:00,278.36
2024-10-30 08:00:00,279.55
2024-10-30 09:00:00,280.41
2024-10-30 10:00:00,280.56
2024-10-30 11:00:00,280.62
2024-10-30 12:00:00,279.91
2024-10-30 13:00:00,282.13
2024-10-30 14:00:00,285.93
2024-10-30 15:00:00,289.34
2024-10-30 16:00:00,303.45
2024-10-30 17:00:00,304.94
2024-10-30 18:00:00,307.17
2024-10-30 19:00:00,307.54
2024-10-30 20:00:00,304.72
2024-10-30 21:00:00,303.55
2024-10-30 22:00:00,296.45
2024-10-30 23:00:00,289.27
2024-10-31 00:00:00,286.56
2024-10-31 01:00:00,281.83
2024-10-31 02:00:00,279.99
2024-10-31 03:00:00,279.13
2024-10-31 04:00:00,280.18
2024-10-31 05:00:00,280.92
2024-10-31 06:00:00,279.58
2024-10-31 07:00:00,278.33
2024-10-31 08:00:00,279.12
2024-10-31 09:00:00,279.59
2024-10-31 10:00:00,280.55
2024-10-31 11:00:00,279.6
2024-10-31 12:00:00,279.42
2024-10-31 13:00:00,282.95
2024-10-31 14:00:00,287.0
2024-10-31 15:00:00,295.33
2024-10-31 16:00:00,303.96
2024-10-31 17:00:00,304.11
2024-10-31 18:00:00,311.7
2024-10-31 19:00:00,314.32
2024-10-31 20:00:00,305.2
2024-10-31 21:00:00,303.41
2024-10-31 22:00:00,300.06
2024-10-31 23:00:00,290.42
2024-11-01 00:00:00,282.52
2024-11-01 01:00:00,278.47
2024-11-01 02:00:00,277.01
2024-11-01 03:00:00,277.02
2024-11-01 04:00:00,277.13
2024-11-01 05:00:00,277.25
2024-11-01 06:00:00,274.24
2024-11-01 07:00:00,270.94
2024-11-01 08:00:00,272.11
2024-11-01 09:00:00,273.69
2024-11-01 10:00:00,275.91
2024-11-01 11:00:00,275.56
2024-11-01 12:00:00,274.72
2024-11-01 13:00:00,279.93
2024-11-01 14:00:00,284.08
2024-11-01 15:00:00,287.64
2024-11-01 16:00:00,290.42
2024-11-01 17:00:00,295.56
2024-11-01 18:00:00,298.95
2024-11-01 19:00:00,298.69
2024-11-01 20:00:00,294.86
2024-11-01 21:00:00,291.95
2024-11-01 22:00:00,288.56
2024-11-01 23:00:00,285.23
2024-11-02 00:00:00,115.74
2024-11-02 01:00:00,114.45
2024-11-02 02:00:00,114.21
2024-11-02 03:00:00,114.08
2024-11-02 04:00:00,114.06
2024-11-02 05:00:00,113.66
2024-11-02 06:00:00,61.07
2024-11-02 07:00:00,61.07
2024-11-02 08:00:00,61.07
2024-11-02 09:00:00,61.07
2024-11-02 10:00:00,61.07
2024-11-02 11:00:00,61.07
2024-11-02 12:00:00,95.7
2024-11-02 13:00:00,108.7
2024-11-02 14:00:00,111.39
2024-11-02 15:00:00,114.02
2024-11-02 16:00:00,116.21
2024-11-02 17:00:00,119.25
2024-11-02 18:00:00,121.42
2024-11-02 19:00:00,121.98
2024-11-02 20:00:00,119.34
2024-11-02 21:00:00,117.96
2024-11-02 22:00:00,116.91
2024-11-02 23:00:00,116.01
2024-11-03 00:00:00,115.56
2024-11-03 01:00:00,114.69
2024-11-03 02:00:00,114.31
2024-11-03 03:00:00,113.76
2024-11-03 04:00:00,113.59
2024-11-03 05:00:00,112.05
2024-11-03 06:00:00,61.07
2024-11-03 07:00:00,61.07
2024-11-03 08:00:00,61.07
2024-11-03 09:00:00,61.07
2024-11-03 10:00:00,61.07
2024-11-03 11:00:00,61.07
2024-11-03 12:00:00,61.07
2024-11-03 13:00:00,61.07
2024-11-03 14:00:00,76.49
2024-11-03 15:00:00,110.16
2024-11-03 16:00:00,114.88
2024-11-03 17:00:00,117.92
2024-11-03 18:00:00,119.42
2024-11-03 19:00:00,119.97
2024-11-03 20:00:00,118.93
2024-11-03 21:00:00,118.15
2024-11-03 22:00:00,117.91
2024-11-03 23:00:00,117.12
2024-11-04 00:00:00,113.39
2024-11-04 01:00:00,112.75
2024-11-04 02:00:00,112.36
2024-11-04 03:00:00,112.58
2024-11-04 04:00:00,112.62
2024-11-04 05:00:00,112.93
2024-11-04 06:00:00,111.59
2024-11-04 07:00:00,61.07
2024-11-04 08:00:00,61.07
2024-11-04 09:00:00,110.8
2024-11-04 10:00:00,113.6
2024-11-04 11:00:00,113.76
2024-11-04 12:00:00,114.04
2024-11-04 13:00:00,115.71
2024-11-04 14:00:00,116.9
2024-11-04 15:00:00,118.61
2024-11-04 16:00:00,121.64
2024-11-04 17:00:00,123.65
2024-11-04 18:00:00,125.01
2024-11-04 19:00:00,125.45
2024-11-04 20:00:00,123.39
2024-11-04 21:00:00,120.97
2024-11-04 22:00:00,119.47
2024-11-04 23:00:00,118.0
2024-11-05 00:00:00,117.53
2024-11-05 01:00:00,116.22
2024-11-05 02:00:00,115.84
2024-11-05 03:00:00,115.95
2024-11-05 04:00:00,116.01
2024-11-05 05:00:00,116.16
2024-11-05 06:00:00,110.9
2024-11-05 07:00:00,61.07
2024-11-05 08:00:00,61.07
2024-11-05 09:00:00,116.56
2024-11-05 10:00:00,116.96
2024-11-05 11:00:00,117.33
2024-11-05 12:00:00,116.73
2024-11-05 13:00:00,118.36
2024-11-05 14:00:00,120.13
2024-11-05 15:00:00,126.03
2024-11-05 16:00:00,137.32
2024-11-05 17:00:00,137.24
2024-11-05 18:00:00,137.81
2024-11-05 19:00:00,135.62
2024-11-05 20:00:00,128.06
2024-11-05 21:00:00,126.34
2024-11-05 22:00:00,121.9
2024-11-05 23:00:00,120.1
2024-11-06 00:00:00,118.94
2024-11-06 01:00:00,117.32
2024-11-06 02:00:00,116.73
2024-11-06 03:00:00,116.63
2024-11-06 04:00:00,116.99
2024-11-06 05:00:00,117.16
2024-11-06 06:00:00,116.69
2024-11-06 07:00:00,116.28
2024-11-06 08:00:00,117.17
2024-11-06 09:00:00,117.67
2024-11-06 10:00:00,118.05
2024-11-06 11:00:00,118.16
2024-11-06 12:00:00,117.79
2024-11-06 13:00:00,119.45
2024-11-06 14:00:00,120.89
2024-11-06 15:00:00,125.68
2024-11-06 16:00:00,127.22
2024-11-06 17:00:00,127.86
2024-11-06 18:00:00,128.02
2024-11-06 19:00:00,128.35
2024-11-06 20:00:00,126.49
2024-11-06 21:00:00,126.38
2024-11-06 22:00:00,123.99
2024-11-06 23:00:00,120.83
2024-11-07 00:00:00,119.35
2024-11-07 01:00:00,117.91
2024-11-07 02:00:00,117.34
2024-11-07 03:00:00,117.38
2024-11-07 04:00:00,117.44
2024-11-07 05:00:00,117.68
2024-11-07 06:00:00,117.26
2024-11-07 07:00:00,116.47
2024-11-07 08:00:00,117.55
2024-11-07 09:00:00,118.43
2024-11-07 10:00:00,119.08
2024-11-07 11:00:00,119.1
2024-11-07 12:00:00,118.17
2024-11-07 13:00:00,119.74
2024-11-07 14:00:00,123.57
2024-11-07 15:00:00,131.72
2024-11-07 16:00:00,142.1
2024-11-07 17:00:00,138.13
2024-11-07 18:00:00,154.18
2024-11-07 19:00:00,163.92
2024-11-07 20:00:00,140.93
2024-11-07 21:00:00,137.47
2024-11-07 22:00:00,132.6
2024-11-07 23:00:00,122.83
2024-11-08 00:00:00,121.38
2024-11-08 01:00:00,119.82
2024-11-08 02:00:00,118.87
2024-11-08 03:00:00,118.71
2024-11-08 04:00:00,119.01
2024-11-08 05:00:00,119.48
2024-11-08 06:00:00,119.03
2024-11-08 07:00:00,118.58
2024-11-08 08:00:00,119.19
2024-11-08 09:00:00,119.72
2024-11-08 10:00:00,120.07
2024-11-08 11:00:00,119.8
2024-11-08 12:00:00,118.99
2024-11-08 13:00:00,119.83
2024-11-08 14:00:00,121.21
2024-11-08 15:00:00,130.05
2024-11-08 16:00:00,144.54
2024-11-08 17:00:00,216.2
2024-11-08 18:00:00,808.18
2024-11-08 19:00:00,870.68
2024-11-08 20:00:00,198.78
2024-11-08 21:00:00,158.49
2024-11-08 22:00:00,145.56
2024-11-08 23:00:00,122.65
2024-11-09 00:00:00,61.07
2024-11-09 01:00:00,61.07
2024-11-09 02:00:00,61.07
2024-11-09 03:00:00,61.07
2024-11-09 04:00:00,61.07
2024-11-09 05:00:00,61.07
2024-11-09 06:00:00,61.07
2024-11-09 07:00:00,61.07
2024-11-09 08:00:00,61.07
2024-11-09 09:00:00,61.07
2024-11-09 10:00:00,61.07
2024-11-09 11:00:00,61.07
2024-11-09 12:00:00,61.07
2024-11-09 13:00:00,61.07
2024-11-09 14:00:00,61.07
2024-11-09 15:00:00,61.07
2024-11-09 16:00:00,61.07
2024-11-09 17:00:00,61.07
2024-11-09 18:00:00,61.07
2024-11-09 19:00:00,61.38
2024-11-09 20:00:00,61.07
2024-11-09 21:00:00,61.07
2024-11-09 22:00:00,61.07
2024-11-09 23:00:00,61.07
2024-11-10 00:00:00,61.07
2024-11-10 01:00:00,61.07
2024-11-10 02:00:00,61.07
2024-11-10 03:00:00,61.07
2024-11-10 04:00:00,61.07
2024-11-10 05:00:00,61.07
2024-11-10 06:00:00,61.07
2024-11-10 07:00:00,61.07
2024-11-10 08:00:00,61.07
2024-11-10 09:00:00,61.07
2024-11-10 10:00:00,61.07
2024-11-10 11:00:00,61.07
2024-11-10 12:00:00,61.07
2024-11-10 13:00:00,61.07
2024-11-10 14:00:00,61.07
2024-11-10 15:00:00,61.07
2024-11-10 16:00:00,61.07
2024-11-10 17:00:00,61.07
2024-11-10 18:00:00,61.78
2024-11-10 19:00:00,62.83
2024-11-10 20:00:00,62.67
2024-11-10 21:00:00,61.37
2024-11-10 22:00:00,61.07
2024-11-10 23:00:00,61.07
2024-11-11 00:00:00,61.07
2024-11-11 01:00:00,61.07
2024-11-11 02:00:00,61.07
2024-11-11 03:00:00,61.07
2024-11-11 04:00:00,61.07
2024-11-11 05:00:00,61.07
2024-11-11 06:00:00,61.07
2024-11-11 07:00:00,61.07
2024-11-11 08:00:00,61.07
2024-11-11 09:00:00,61.07
2024-11-11 10:00:00,61.07
2024-11-11 11:00:00,61.07
2024-11-11 12:00:00,61.07
2024-11-11 13:00:00,61.07
2024-11-11 14:00:00,61.07
2024-11-11 15:00:00,61.07
2024-11-11 16:00:00,97.97
2024-11-11 17:00:00,175.13
2024-11-11 18:00:00,219.35
2024-11-11 19:00:00,693.44
2024-11-11 20:00:00,238.63
2024-11-11 21:00:00,296.87
2024-11-11 22:00:00,191.25
2024-11-11 23:00:00,122.31
2024-11-12 00:00:00,63.64
2024-11-12 01:00:00,61.07
2024-11-12 02:00:00,61.07
2024-11-12 03:00:00,61.07
2024-11-12 04:00:00,61.07
2024-11-12 05:00:00,61.07
2024-11-12 06:00:00,61.07
2024-11-12 07:00:00,61.07
2024-11-12 08:00:00,61.07
2024-11-12 09:00:00,61.07
2024-11-12 10:00:00,61.07
2024-11-12 11:00:00,61.07
2024-11-12 12:00:00,61.07
2024-11-12 13:00:00,61.07
2024-11-12 14:00:00,61.07
2024-11-12 15:00:00,62.83
2024-11-12 16:00:00,160.81
2024-11-12 17:00:00,263.29
2024-11-12 18:00:00,589.34
2024-11-12 19:00:00,965.35
2024-11-12 20:00:00,319.21
2024-11-12 21:00:00,312.76
2024-11-12 22:00:00,297.88
2024-11-12 23:00:00,110.43
2024-11-13 00:00:00,61.07
2024-11-13 01:00:00,61.07
2024-11-13 02:00:00,61.07
2024-11-13 03:00:00,61.07
2024-11-13 04:00:00,61.07
2024-11-13 05:00:00,61.07
2024-11-13 06:00:00,61.07
2024-11-13 07:00:00,61.07
2024-11-13 08:00:00,61.07
2024-11-13 09:00:00,61.07
2024-11-13 10:00:00,61.07
2024-11-13 11:00:00,61.07
2024-11-13 12:00:00,61.07
2024-11-13 13:00:00,61.07
2024-11-13 14:00:00,61.07
2024-11-13 15:00:00,61.07
2024-11-13 16:00:00,62.32
2024-11-13 17:00:00,63.33
2024-11-13 18:00:00,86.87
2024-11-13 19:00:00,116.73
2024-11-13 20:00:00,81.73
2024-11-13 21:00:00,65.63
2024-11-13 22:00:00,62.6
2024-11-13 23:00:00,61.07
2024-11-14 00:00:00,61.07
2024-11-14 01:00:00,61.07
2024-11-14 02:00:00,61.07
2024-11-14 03:00:00,61.07
2024-11-14 04:00:00,61.07
2024-11-14 05:00:00,61.07
2024-11-14 06:00:00,61.07
2024-11-14 07:00:00,61.07
2024-11-14 08:00:00,61.07
2024-11-14 09:00:00,61.07
2024-11-14 10:00:00,61.07
2024-11-14 11:00:00,61.07
2024-11-14 12:00:00,61.07
2024-11-14 13:00:00,61.07
2024-11-14 14:00:00,61.07
2024-11-14 15:00:00,61.07
2024-11-14 16:00:00,61.07
2024-11-14 17:00:00,61.52
2024-11-14 18:00:00,62.06
2024-11-14 19:00:00,62.07
2024-11-14 20:00:00,61.91
2024-11-14 21:00:00,61.07
2024-11-14 22:00:00,61.07
2024-11-14 23:00:00,61.07
2024-11-15 00:00:00,61.07
2024-11-15 01:00:00,61.07
2024-11-15 02:00:00,61.07
2024-11-15 03:00:00,61.07
2024-11-15 04:00:00,61.07
2024-11-15 05:00:00,61.07
2024-11-15 06:00:00,61.07
2024-11-15 07:00:00,61.07
2024-11-15 08:00:00,61.07
2024-11-15 09:00:00,61.07
2024-11-15 10:00:00,61.07
2024-11-15 11:00:00,61.07
2024-11-15 12:00:00,61.07
2024-11-15 13:00:00,61.07
2024-11-15 14:00:00,61.07
2024-11-15 15:00:00,61.07
2024-11-15 16:00:00,61.07
2024-11-15 17:00:00,61.07
2024-11-15 18:00:00,61.07
2024-11-15 19:00:00,61.07
2024-11-15 20:00:00,61.07
2024-11-15 21:00:00,61.07
2024-11-15 22:00:00,61.07
2024-11-15 23:00:00,61.07
2024-11-16 00:00:00,61.07
2024-11-16 01:00:00,61.07
2024-11-16 02:00:00,61.07
2024-11-16 03:00:00,61.07
2024-11-16 04:00:00,61.07
2024-11-16 05:00:00,61.07
2024-11-16 06:00:00,61.07
2024-11-16 07:00:00,61.07
2024-11-16 08:00:00,61.07
2024-11-16 09:00:00,61.07
2024-11-16 10:00:00,61.07
2024-11-16 11:00:00,61.07
2024-11-16 12:00:00,61.07
2024-11-16 13:00:00,61.07
2024-11-16 14:00:00,61.07
2024-11-16 15:00:00,61.07
2024-11-16 16:00:00,61.07
2024-11-16 17:00:00,61.07
2024-11-16 18:00:00,61.07
2024-11-16 19:00:00,61.07
2024-11-16 20:00:00,61.07
2024-11-16 21:00:00,61.07
2024-11-16 22:00:00,61.07
2024-11-16 23:00:00,61.07
2024-11-17 00:00:00,61.07
2024-11-17 01:00:00,61.07
2024-11-17 02:00:00,61.07
2024-11-17 03:00:00,61.07
2024-11-17 04:00:00,61.07
2024-11-17 05:00:00,61.07
2024-11-17 06:00:00,61.07
2024-11-17 07:00:00,61.07
2024-11-17 08:00:00,61.07
2024-11-17 09:00:00,61.07
2024-11-17 10:00:00,61.07
2024-11-17 11:00:00,61.07
2024-11-17 12:00:00,61.07
2024-11-17 13:00:00,61.07
2024-11-17 14:00:00,61.07
2024-11-17 15:00:00,61.07
2024-11-17 16:00:00,61.07
2024-11-17 17:00:00,61.07
2024-11-17 18:00:00,61.07
2024-11-17 19:00:00,61.07
2024-11-17 20:00:00,61.07
2024-11-17 21:00:00,61.07
2024-11-17 22:00:00,61.07
2024-11-17 23:00:00,61.07
2024-11-18 00:00:00,61.07
2024-11-18 01:00:00,61.07
2024-11-18 02:00:00,61.07
2024-11-18 03:00:00,61.07
2024-11-18 04:00:00,61.07
2024-11-18 05:00:00,61.07
2024-11-18 06:00:00,61.07
2024-11-18 07:00:00,61.07
2024-11-18 08:00:00,61.07
2024-11-18 09:00:00,61.07
2024-11-18 10:00:00,61.07
2024-11-18 11:00:00,61.07
2024-11-18 12:00:00,61.07
2024-11-18 13:00:00,61.07
2024-11-18 14:00:00,61.07
2024-11-18 15:00:00,61.07
2024-11-18 16:00:00,61.07
2024-11-18 17:00:00,61.07
2024-11-18 18:00:00,61.07
2024-11-18 19:00:00,61.07
2024-11-18 20:00:00,61.07
2024-11-18 21:00:00,61.07
2024-11-18 22:00:00,61.07
2024-11-18 23:00:00,61.07
2024-11-19 00:00:00,61.07
2024-11-19 01:00:00,61.07
2024-11-19 02:00:00,61.07
2024-11-19 03:00:00,61.07
2024-11-19 04:00:00,61.07
2024-11-19 05:00:00,61.07
2024-11-19 06:00:00,61.07
2024-11-19 07:00:00,61.07
2024-11-19 08:00:00,61.07
2024-11-19 09:00:00,61.07
2024-11-19 10:00:00,61.07
2024-11-19 11:00:00,61.07
2024-11-19 12:00:00,61.07
2024-11-19 13:00:00,61.07
2024-11-19 14:00:00,61.07
2024-11-19 15:00:00,61.07
2024-11-19 16:00:00,61.07
2024-11-19 17:00:00,61.07
2024-11-19 18:00:00,75.02
2024-11-19 19:00:00,85.61
2024-11-19 20:00:00,85.31
2024-11-19 21:00:00,85.0
2024-11-19 22:00:00,61.07
2024-11-19 23:00:00,61.07
2024-11-20 00:00:00,61.07
2024-11-20 01:00:00,61.07
2024-11-20 02:00:00,61.07
2024-11-20 03:00:00,61.07
2024-11-20 04:00:00,61.07
2024-11-20 05:00:00,61.07
2024-11-20 06:00:00,61.07
2024-11-20 07:00:00,61.07
2024-11-20 08:00:00,61.07
2024-11-20 09:00:00,61.07
2024-11-20 10:00:00,61.07
2024-11-20 11:00:00,61.07
2024-11-20 12:00:00,61.07
2024-11-20 13:00:00,61.07
2024-11-20 14:00:00,61.07
2024-11-20 15:00:00,61.07
2024-11-20 16:00:00,61.07
2024-11-20 17:00:00,61.07
2024-11-20 18:00:00,61.07
2024-11-20 19:00:00,61.07
2024-11-20 20:00:00,61.07
2024-11-20 21:00:00,61.07
2024-11-20 22:00:00,61.07
2024-11-20 23:00:00,61.07
2024-11-21 00:00:00,61.07
2024-11-21 01:00:00,61.07
2024-11-21 02:00:00,61.07
2024-11-21 03:00:00,61.07
2024-11-21 04:00:00,61.07
2024-11-21 05:00:00,61.07
2024-11-21 06:00:00,61.07
2024-11-21 07:00:00,61.07
2024-11-21 08:00:00,61.07
2024-11-21 09:00:00,61.07
2024-11-21 10:00:00,61.07
2024-11-21 11:00:00,61.07
2024-11-21 12:00:00,61.07
2024-11-21 13:00:00,61.07
2024-11-21 14:00:00,61.07
2024-11-21 15:00:00,61.07
2024-11-21 16:00:00,69.39
2024-11-21 17:00:00,74.41
2024-11-21 18:00:00,80.08
2024-11-21 19:00:00,100.52
2024-11-21 20:00:00,85.49
2024-11-21 21:00:00,81.82
2024-11-21 22:00:00,78.08
2024-11-21 23:00:00,62.58
2024-11-22 00:00:00,61.07
2024-11-22 01:00:00,61.07
2024-11-22 02:00:00,61.07
2024-11-22 03:00:00,61.07
2024-11-22 04:00:00,61.07
2024-11-22 05:00:00,61.07
2024-11-22 06:00:00,61.07
2024-11-22 07:00:00,61.07
2024-11-22 08:00:00,61.07
2024-11-22 09:00:00,61.07
2024-11-22 10:00:00,61.07
2024-11-22 11:00:00,61.07
2024-11-22 12:00:00,61.07
2024-11-22 13:00:00,61.07
2024-11-22 14:00:00,61.07
2024-11-22 15:00:00,61.07
2024-11-22 16:00:00,61.07
2024-11-22 17:00:00,142.34
2024-11-22 18:00:00,144.22
2024-11-22 19:00:00,159.54
2024-11-22 20:00:00,149.3
2024-11-22 21:00:00,145.63
2024-11-22 22:00:00,142.14
2024-11-22 23:00:00,64.75
2024-11-23 00:00:00,61.07
2024-11-23 01:00:00,61.07
2024-11-23 02:00:00,61.07
2024-11-23 03:00:00,61.07
2024-11-23 04:00:00,61.07
2024-11-23 05:00:00,61.07
2024-11-23 06:00:00,61.07
2024-11-23 07:00:00,61.07
2024-11-23 08:00:00,61.07
2024-11-23 09:00:00,61.07
2024-11-23 10:00:00,61.07
2024-11-23 11:00:00,61.07
2024-11-23 12:00:00,61.07
2024-11-23 13:00:00,61.07
2024-11-23 14:00:00,61.07
2024-11-23 15:00:00,61.07
2024-11-23 16:00:00,61.07
2024-11-23 17:00:00,61.07
2024-11-23 18:00:00,61.07
2024-11-23 19:00:00,61.07
2024-11-23 20:00:00,61.07
2024-11-23 21:00:00,61.07
2024-11-23 22:00:00,61.07
2024-11-23 23:00:00,61.07
2024-11-24 00:00:00,61.07
2024-11-24 01:00:00,61.07
2024-11-24 02:00:00,61.07
2024-11-24 03:00:00,61.07
2024-11-24 04:00:00,61.07
2024-11-24 05:00:00,61.07
2024-11-24 06:00:00,61.07
2024-11-24 07:00:00,61.07
2024-11-24 08:00:00,61.07
2024-11-24 09:00:00,61.07
2024-11-24 10:00:00,61.07
2024-11-24 11:00:00,61.07
2024-11-24 12:00:00,61.07
2024-11-24 13:00:00,61.07
2024-11-24 14:00:00,61.07
2024-11-24 15:00:00,61.07
2024-11-24 16:00:00,61.07
2024-11-24 17:00:00,61.07
2024-11-24 18:00:00,61.07
2024-11-24 19:00:00,61.07
2024-11-24 20:00:00,61.07
2024-11-24 21:00:00,61.07
2024-11-24 22:00:00,61.07
2024-11-24 23:00:00,61.07
2024-11-25 00:00:00,61.07
2024-11-25 01:00:00,61.07
2024-11-25 02:00:00,61.07
2024-11-25 03:00:00,61.07
2024-11-25 04:00:00,61.07
2024-11-25 05:00:00,61.07
2024-11-25 06:00:00,61.07
2024-11-25 07:00:00,61.07
2024-11-25 08:00:00,61.07
2024-11-25 09:00:00,61.07
2024-11-25 10:00:00,61.07
2024-11-25 11:00:00,61.07
2024-11-25 12:00:00,61.07
2024-11-25 13:00:00,61.07
2024-11-25 14:00:00,61.07
2024-11-25 15:00:00,61.07
2024-11-25 16:00:00,61.07
2024-11-25 17:00:00,62.18
2024-11-25 18:00:00,62.87
2024-11-25 19:00:00,63.45
2024-11-25 20:00:00,63.44
2024-11-25 21:00:00,63.41
2024-11-25 22:00:00,61.07
2024-11-25 23:00:00,61.07
2024-11-26 00:00:00,61.07
2024-11-26 01:00:00,61.07
2024-11-26 02:00:00,61.07
2024-11-26 03:00:00,61.07
2024-11-26 04:00:00,61.07
2024-11-26 05:00:00,61.07
2024-11-26 06:00:00,61.07
2024-11-26 07:00:00,61.07
2024-11-26 08:00:00,61.07
2024-11-26 09:00:00,61.07
2024-11-26 10:00:00,61.07
2024-11-26 11:00:00,61.07
2024-11-26 12:00:00,61.07
2024-11-26 13:00:00,61.07
2024-11-26 14:00:00,61.07
2024-11-26 15:00:00,70.24
2024-11-26 16:00:00,95.01
2024-11-26 17:00:00,100.18
2024-11-26 18:00:00,100.18
2024-11-26 19:00:00,101.07
2024-11-26 20:00:00,101.64
2024-11-26 21:00:00,99.85
2024-11-26 22:00:00,84.52
2024-11-26 23:00:00,61.34
2024-11-27 00:00:00,61.07
2024-11-27 01:00:00,61.07
2024-11-27 02:00:00,61.07
2024-11-27 03:00:00,61.07
2024-11-27 04:00:00,61.07
2024-11-27 05:00:00,61.07
2024-11-27 06:00:00,61.07
2024-11-27 07:00:00,61.07
2024-11-27 08:00:00,61.07
2024-11-27 09:00:00,61.07
2024-11-27 10:00:00,61.07
2024-11-27 11:00:00,61.07
2024-11-27 12:00:00,61.07
2024-11-27 13:00:00,61.07
2024-11-27 14:00:00,61.07
2024-11-27 15:00:00,73.51
2024-11-27 16:00:00,88.78
2024-11-27 17:00:00,90.72
2024-11-27 18:00:00,90.54
2024-11-27 19:00:00,91.51
2024-11-27 20:00:00,93.38
2024-11-27 21:00:00,90.6
2024-11-27 22:00:00,87.36
2024-11-27 23:00:00,77.62
2024-11-28 00:00:00,115.18
2024-11-28 01:00:00,61.07
2024-11-28 02:00:00,61.07
2024-11-28 03:00:00,61.07
2024-11-28 04:00:00,61.07
2024-11-28 05:00:00,61.07
2024-11-28 06:00:00,61.07
2024-11-28 07:00:00,61.07
2024-11-28 08:00:00,61.07
2024-11-28 09:00:00,61.07
2024-11-28 10:00:00,61.07
2024-11-28 11:00:00,61.07
2024-11-28 12:00:00,61.07
2024-11-28 13:00:00,61.07
2024-11-28 14:00:00,103.97
2024-11-28 15:00:00,146.92
2024-11-28 16:00:00,299.44
2024-11-28 17:00:00,417.24
2024-11-28 18:00:00,405.78
2024-11-28 19:00:00,982.09
2024-11-28 20:00:00,978.81
2024-11-28 21:00:00,998.3
2024-11-28 22:00:00,476.34
2024-11-28 23:00:00,132.2
2024-11-29 00:00:00,83.09
2024-11-29 01:00:00,61.07
2024-11-29 02:00:00,61.07
2024-11-29 03:00:00,61.07
2024-11-29 04:00:00,61.07
2024-11-29 05:00:00,61.07
2024-11-29 06:00:00,61.07
2024-11-29 07:00:00,61.07
2024-11-29 08:00:00,61.07
2024-11-29 09:00:00,61.07
2024-11-29 10:00:00,61.07
2024-11-29 11:00:00,61.07
2024-11-29 12:00:00,61.07
2024-11-29 13:00:00,61.07
2024-11-29 14:00:00,116.77
2024-11-29 15:00:00,341.88
2024-11-29 16:00:00,562.5
2024-11-29 17:00:00,708.72
2024-11-29 18:00:00,692.47
2024-11-29 19:00:00,651.16
2024-11-29 20:00:00,317.68
2024-11-29 21:00:00,649.98
2024-11-29 22:00:00,388.8
2024-11-29 23:00:00,61.07
2024-11-30 00:00:00,61.07
2024-11-30 01:00:00,61.07
2024-11-30 02:00:00,61.07
2024-11-30 03:00:00,61.07
2024-11-30 04:00:00,61.07
2024-11-30 05:00:00,61.07
2024-11-30 06:00:00,61.07
2024-11-30 07:00:00,61.07
2024-11-30 08:00:00,61.07
2024-11-30 09:00:00,61.07
2024-11-30 10:00:00,61.07
2024-11-30 11:00:00,61.07
2024-11-30 12:00:00,61.07
2024-11-30 13:00:00,61.07
2024-11-30 14:00:00,61.07
2024-11-30 15:00:00,61.07
2024-11-30 16:00:00,61.07
2024-11-30 17:00:00,61.07
2024-11-30 18:00:00,61.07
2024-11-30 19:00:00,61.07
2024-11-30 20:00:00,61.07
2024-11-30 21:00:00,61.07
2024-11-30 22:00:00,61.07
2024-11-30 23:00:00,61.07
2024-12-01 00:00:00,61.07
2024-12-01 01:00:00,61.07
2024-12-01 02:00:00,61.07
2024-12-01 03:00:00,61.07
2024-12-01 04:00:00,61.07
2024-12-01 05:00:00,61.07
2024-12-01 06:00:00,61.07
2024-12-01 07:00:00,61.07
2024-12-01 08:00:00,61.07
2024-12-01 09:00:00,61.07
2024-12-01 10:00:00,61.07
2024-12-01 11:00:00,61.07
2024-12-01 12:00:00,61.07
2024-12-01 13:00:00,61.07
2024-12-01 14:00:00,61.07
2024-12-01 15:00:00,61.07
2024-12-01 16:00:00,61.07
2024-12-01 17:00:00,61.07
2024-12-01 18:00:00,61.07
2024-12-01 19:00:00,61.07
2024-12-01 20:00:00,61.07
2024-12-01 21:00:00,61.07
2024-12-01 22:00:00,61.07
2024-12-01 23:00:00,61.07
2024-12-02 00:00:00,61.07
2024-12-02 01:00:00,61.07
2024-12-02 02:00:00,61.07
2024-12-02 03:00:00,61.07
2024-12-02 04:00:00,61.07
2024-12-02 05:00:00,61.07
2024-12-02 06:00:00,61.07
2024-12-02 07:00:00,61.07
2024-12-02 08:00:00,61.07
2024-12-02 09:00:00,61.07
2024-12-02 10:00:00,61.07
2024-12-02 11:00:00,61.07
2024-12-02 12:00:00,61.07
2024-12-02 13:00:00,61.07
2024-12-02 14:00:00,61.07
2024-12-02 15:00:00,61.07
2024-12-02 16:00:00,149.32
2024-12-02 17:00:00,148.69
2024-12-02 18:00:00,126.51
2024-12-02 19:00:00,148.45
2024-12-02 20:00:00,155.97
2024-12-02 21:00:00,159.53
2024-12-02 22:00:00,156.27
2024-12-02 23:00:00,113.03
2024-12-03 00:00:00,61.07
2024-12-03 01:00:00,61.07
2024-12-03 02:00:00,61.07
2024-12-03 03:00:00,61.07
2024-12-03 04:00:00,61.07
2024-12-03 05:00:00,61.07
2024-12-03 06:00:00,61.07
2024-12-03 07:00:00,61.07
2024-12-03 08:00:00,61.07
2024-12-03 09:00:00,61.07
2024-12-03 10:00:00,61.07
2024-12-03 11:00:00,61.07
2024-12-03 12:00:00,61.07
2024-12-03 13:00:00,61.07
2024-12-03 14:00:00,61.07
2024-12-03 15:00:00,61.07
2024-12-03 16:00:00,118.96
2024-12-03 17:00:00,225.9
2024-12-03 18:00:00,278.42
2024-12-03 19:00:00,340.05
2024-12-03 20:00:00,427.65
2024-12-03 21:00:00,575.41
2024-12-03 22:00:00,566.24
2024-12-03 23:00:00,61.07
2024-12-04 00:00:00,61.07
2024-12-04 01:00:00,61.07
2024-12-04 02:00:00,61.07
2024-12-04 03:00:00,61.07
2024-12-04 04:00:00,61.07
2024-12-04 05:00:00,61.07
2024-12-04 06:00:00,61.07
2024-12-04 07:00:00,61.07
2024-12-04 08:00:00,61.07
2024-12-04 09:00:00,61.07
2024-12-04 10:00:00,61.07
2024-12-04 11:00:00,61.07
2024-12-04 12:00:00,61.07
2024-12-04 13:00:00,61.07
2024-12-04 14:00:00,61.07
2024-12-04 15:00:00,61.07
2024-12-04 16:00:00,61.07
2024-12-04 17:00:00,61.07
2024-12-04 18:00:00,61.07
2024-12-04 19:00:00,61.07
2024-12-04 20:00:00,61.07
2024-12-04 21:00:00,61.07
2024-12-04 22:00:00,61.07
2024-12-04 23:00:00,61.07
2024-12-05 00:00:00,61.07
2024-12-05 01:00:00,61.07
2024-12-05 02:00:00,61.07
2024-12-05 03:00:00,61.07
2024-12-05 04:00:00,61.07
2024-12-05 05:00:00,61.07
2024-12-05 06:00:00,61.07
2024-12-05 07:00:00,61.07
2024-12-05 08:00:00,61.07
2024-12-05 09:00:00,61.07
2024-12-05 10:00:00,61.07
2024-12-05 11:00:00,61.07
2024-12-05 12:00:00,61.07
2024-12-05 13:00:00,61.07
2024-12-05 14:00:00,61.07
2024-12-05 15:00:00,61.07
2024-12-05 16:00:00,61.07
2024-12-05 17:00:00,61.07
2024-12-05 18:00:00,61.07
2024-12-05 19:00:00,61.07
2024-12-05 20:00:00,61.07
2024-12-05 21:00:00,61.07
2024-12-05 22:00:00,61.07
2024-12-05 23:00:00,61.07
2024-12-06 00:00:00,61.07
2024-12-06 01:00:00,61.07
2024-12-06 02:00:00,61.07
2024-12-06 03:00:00,61.07
2024-12-06 04:00:00,61.07
2024-12-06 05:00:00,61.07
2024-12-06 06:00:00,61.07
2024-12-06 07:00:00,61.07
2024-12-06 08:00:00,61.07
2024-12-06 09:00:00,61.07
2024-12-06 10:00:00,61.07
2024-12-06 11:00:00,61.07
2024-12-06 12:00:00,61.07
2024-12-06 13:00:00,61.07
2024-12-06 14:00:00,61.07
2024-12-06 15:00:00,61.07
2024-12-06 16:00:00,61.07
2024-12-06 17:00:00,61.07
2024-12-06 18:00:00,61.07
2024-12-06 19:00:00,61.07
2024-12-06 20:00:00,61.07
2024-12-06 21:00:00,61.07
2024-12-06 22:00:00,61.07
2024-12-06 23:00:00,61.07
2024-12-07 00:00:00,61.07
2024-12-07 01:00:00,61.07
2024-12-07 02:00:00,61.07
2024-12-07 03:00:00,61.07
2024-12-07 04:00:00,61.07
2024-12-07 05:00:00,61.07
2024-12-07 06:00:00,61.07
2024-12-07 07:00:00,61.07
2024-12-07 08:00:00,61.07
2024-12-07 09:00:00,61.07
2024-12-07 10:00:00,61.07
2024-12-07 11:00:00,61.07
2024-12-07 12:00:00,61.07
2024-12-07 13:00:00,61.07
2024-12-07 14:00:00,61.07
2024-12-07 15:00:00,61.07
2024-12-07 16:00:00,61.07
2024-12-07 17:00:00,61.07
2024-12-07 18:00:00,61.07
2024-12-07 19:00:00,61.07
2024-12-07 20:00:00,61.07
2024-12-07 21:00:00,61.07
2024-12-07 22:00:00,61.07
2024-12-07 23:00:00,61.07
2024-12-08 00:00:00,61.07
2024-12-08 01:00:00,61.07
2024-12-08 02:00:00,61.07
2024-12-08 03:00:00,61.07
2024-12-08 04:00:00,61.07
2024-12-08 05:00:00,61.07
2024-12-08 06:00:00,61.07
2024-12-08 07:00:00,61.07
2024-12-08 08:00:00,61.07
2024-12-08 09:00:00,61.07
2024-12-08 10:00:00,61.07
2024-12-08 11:00:00,61.07
2024-12-08 12:00:00,61.07
2024-12-08 13:00:00,61.07
2024-12-08 14:00:00,61.07
2024-12-08 15:00:00,61.07
2024-12-08 16:00:00,61.07
2024-12-08 17:00:00,61.07
2024-12-08 18:00:00,61.07
2024-12-08 19:00:00,61.07
2024-12-08 20:00:00,61.07
2024-12-08 21:00:00,61.07
2024-12-08 22:00:00,61.07
2024-12-08 23:00:00,61.07
2024-12-09 00:00:00,61.07
2024-12-09 01:00:00,61.07
2024-12-09 02:00:00,61.07
2024-12-09 03:00:00,61.07
2024-12-09 04:00:00,61.07
2024-12-09 05:00:00,61.07
2024-12-09 06:00:00,61.07
2024-12-09 07:00:00,61.07
2024-12-09 08:00:00,61.07
2024-12-09 09:00:00,61.07
2024-12-09 10:00:00,61.07
2024-12-09 11:00:00,61.07
2024-12-09 12:00:00,61.07
2024-12-09 13:00:00,61.07
2024-12-09 14:00:00,61.07
2024-12-09 15:00:00,61.07
2024-12-09 16:00:00,61.07
2024-12-09 17:00:00,61.07
2024-12-09 18:00:00,61.07
2024-12-09 19:00:00,61.07
2024-12-09 20:00:00,61.07
2024-12-09 21:00:00,61.07
2024-12-09 22:00:00,61.07
2024-12-09 23:00:00,61.07
2024-12-10 00:00:00,61.07
2024-12-10 01:00:00,61.07
2024-12-10 02:00:00,61.07
2024-12-10 03:00:00,61.07
2024-12-10 04:00:00,61.07
2024-12-10 05:00:00,61.07
2024-12-10 06:00:00,61.07
2024-12-10 07:00:00,61.07
2024-12-10 08:00:00,61.07
2024-12-10 09:00:00,61.07
2024-12-10 10:00:00,61.07
2024-12-10 11:00:00,61.07
2024-12-10 12:00:00,61.07
2024-12-10 13:00:00,61.07
2024-12-10 14:00:00,61.07
2024-12-10 15:00:00,61.07
2024-12-10 16:00:00,61.07
2024-12-10 17:00:00,61.07
2024-12-10 18:00:00,61.07
2024-12-10 19:00:00,61.07
2024-12-10 20:00:00,61.07
2024-12-10 21:00:00,61.07
2024-12-10 22:00:00,61.07
2024-12-10 23:00:00,61.07
2024-12-11 00:00:00,61.07
2024-12-11 01:00:00,61.07
2024-12-11 02:00:00,61.07
2024-12-11 03:00:00,61.07
2024-12-11 04:00:00,61.07
2024-12-11 05:00:00,61.07
2024-12-11 06:00:00,61.07
2024-12-11 07:00:00,61.07
2024-12-11 08:00:00,61.07
2024-12-11 09:00:00,61.07
2024-12-11 10:00:00,61.07
2024-12-11 11:00:00,61.07
2024-12-11 12:00:00,61.07
2024-12-11 13:00:00,61.07
2024-12-11 14:00:00,61.07
2024-12-11 15:00:00,61.07
2024-12-11 16:00:00,61.07
2024-12-11 17:00:00,61.07
2024-12-11 18:00:00,61.07
2024-12-11 19:00:00,61.07
2024-12-11 20:00:00,61.07
2024-12-11 21:00:00,61.07
2024-12-11 22:00:00,61.07
2024-12-11 23:00:00,61.07
2024-12-12 00:00:00,61.07
2024-12-12 01:00:00,61.07
2024-12-12 02:00:00,61.07
2024-12-12 03:00:00,61.07
2024-12-12 04:00:00,61.07
2024-12-12 05:00:00,61.07
2024-12-12 06:00:00,61.07
2024-12-12 07:00:00,61.07
2024-12-12 08:00:00,61.07
2024-12-12 09:00:00,61.07
2024-12-12 10:00:00,61.07
2024-12-12 11:00:00,61.07
2024-12-12 12:00:00,61.07
2024-12-12 13:00:00,61.07
2024-12-12 14:00:00,61.07
2024-12-12 15:00:00,61.07
2024-12-12 16:00:00,61.07
2024-12-12 17:00:00,61.07
2024-12-12 18:00:00,61.07
2024-12-12 19:00:00,61.07
2024-12-12 20:00:00,61.07
2024-12-12 21:00:00,61.07
2024-12-12 22:00:00,61.07
2024-12-12 23:00:00,61.07
2024-12-13 00:00:00,61.07
2024-12-13 01:00:00,61.07
2024-12-13 02:00:00,61.07
2024-12-13 03:00:00,61.07
2024-12-13 04:00:00,61.07
2024-12-13 05:00:00,61.07
2024-12-13 06:00:00,61.07
2024-12-13 07:00:00,61.07
2024-12-13 08:00:00,61.07
2024-12-13 09:00:00,61.07
2024-12-13 10:00:00,61.07
2024-12-13 11:00:00,61.07
2024-12-13 12:00:00,61.07
2024-12-13 13:00:00,61.07
2024-12-13 14:00:00,61.07
2024-12-13 15:00:00,61.07
2024-12-13 16:00:00,61.07
2024-12-13 17:00:00,61.07
2024-12-13 18:00:00,61.07
2024-12-13 19:00:00,61.07
2024-12-13 20:00:00,61.07
2024-12-13 21:00:00,61.07
2024-12-13 22:00:00,61.07
2024-12-13 23:00:00,61.07
2024-12-14 00:00:00,61.07
2024-12-14 01:00:00,61.07
2024-12-14 02:00:00,61.07
2024-12-14 03:00:00,61.07
2024-12-14 04:00:00,61.07
2024-12-14 05:00:00,61.07
2024-12-14 06:00:00,61.07
2024-12-14 07:00:00,61.07
2024-12-14 08:00:00,61.07
2024-12-14 09:00:00,61.07
2024-12-14 10:00:00,61.07
2024-12-14 11:00:00,61.07
2024-12-14 12:00:00,61.07
2024-12-14 13:00:00,61.07
2024-12-14 14:00:00,61.07
2024-12-14 15:00:00,61.07
2024-12-14 16:00:00,61.07
2024-12-14 17:00:00,61.07
2024-12-14 18:00:00,61.07
2024-12-14 19:00:00,61.07
2024-12-14 20:00:00,61.07
2024-12-14 21:00:00,61.07
2024-12-14 22:00:00,61.07
2024-12-14 23:00:00,61.07
2024-12-15 00:00:00,61.07
2024-12-15 01:00:00,61.07
2024-12-15 02:00:00,61.07
2024-12-15 03:00:00,61.07
2024-12-15 04:00:00,61.07
2024-12-15 05:00:00,61.07
2024-12-15 06:00:00,61.07
2024-12-15 07:00:00,61.07
2024-12-15 08:00:00,61.07
2024-12-15 09:00:00,61.07
2024-12-15 10:00:00,61.07
2024-12-15 11:00:00,61.07
2024-12-15 12:00:00,61.07
2024-12-15 13:00:00,61.07
2024-12-15 14:00:00,61.07
2024-12-15 15:00:00,61.07
2024-12-15 16:00:00,61.07
2024-12-15 17:00:00,61.07
2024-12-15 18:00:00,61.07
2024-12-15 19:00:00,61.07
2024-12-15 20:00:00,61.07
2024-12-15 21:00:00,61.07
2024-12-15 22:00:00,61.07
2024-12-15 23:00:00,61.07
2024-12-16 00:00:00,61.07
2024-12-16 01:00:00,61.07
2024-12-16 02:00:00,61.07
2024-12-16 03:00:00,61.07
2024-12-16 04:00:00,61.07
2024-12-16 05:00:00,61.07
2024-12-16 06:00:00,61.07
2024-12-16 07:00:00,61.07
2024-12-16 08:00:00,61.07
2024-12-16 09:00:00,61.07
2024-12-16 10:00:00,61.07
2024-12-16 11:00:00,61.07
2024-12-16 12:00:00,61.07
2024-12-16 13:00:00,61.07
2024-12-16 14:00:00,61.07
2024-12-16 15:00:00,61.07
2024-12-16 16:00:00,61.07
2024-12-16 17:00:00,61.07
2024-12-16 18:00:00,61.07
2024-12-16 19:00:00,61.07
2024-12-16 20:00:00,61.07
2024-12-16 21:00:00,61.07
2024-12-16 22:00:00,61.07
2024-12-16 23:00:00,61.07
2024-12-17 00:00:00,61.07
2024-12-17 01:00:00,61.07
2024-12-17 02:00:00,61.07
2024-12-17 03:00:00,61.07
2024-12-17 04:00:00,61.07
2024-12-17 05:00:00,61.07
2024-12-17 06:00:00,61.07
2024-12-17 07:00:00,61.07
2024-12-17 08:00:00,61.07
2024-12-17 09:00:00,61.07
2024-12-17 10:00:00,61.07
2024-12-17 11:00:00,61.07
2024-12-17 12:00:00,61.07
2024-12-17 13:00:00,61.07
2024-12-17 14:00:00,61.07
2024-12-17 15:00:00,61.07
2024-12-17 16:00:00,61.07
2024-12-17 17:00:00,61.07
2024-12-17 18:00:00,61.07
2024-12-17 19:00:00,61.07
2024-12-17 20:00:00,61.07
2024-12-17 21:00:00,61.07
2024-12-17 22:00:00,61.07
2024-12-17 23:00:00,61.07
2024-12-18 00:00:00,61.07
2024-12-18 01:00:00,61.07
2024-12-18 02:00:00,61.07
2024-12-18 03:00:00,61.07
2024-12-18 04:00:00,61.07
2024-12-18 05:00:00,61.07
2024-12-18 06:00:00,61.07
2024-12-18 07:00:00,61.07
2024-12-18 08:00:00,61.07
2024-12-18 09:00:00,61.07
2024-12-18 10:00:00,61.07
2024-12-18 11:00:00,61.07
2024-12-18 12:00:00,61.07
2024-12-18 13:00:00,61.07
2024-12-18 14:00:00,61.07
2024-12-18 15:00:00,61.07
2024-12-18 16:00:00,61.07
2024-12-18 17:00:00,61.07
2024-12-18 18:00:00,61.07
2024-12-18 19:00:00,61.07
2024-12-18 20:00:00,61.07
2024-12-18 21:00:00,61.07
2024-12-18 22:00:00,61.07
2024-12-18 23:00:00,61.07
2024-12-19 00:00:00,61.07
2024-12-19 01:00:00,61.07
2024-12-19 02:00:00,61.07
2024-12-19 03:00:00,61.07
2024-12-19 04:00:00,61.07
2024-12-19 05:00:00,61.07
2024-12-19 06:00:00,61.07
2024-12-19 07:00:00,61.07
2024-12-19 08:00:00,61.07
2024-12-19 09:00:00,61.07
2024-12-19 10:00:00,61.07
2024-12-19 11:00:00,61.07
2024-12-19 12:00:00,61.07
2024-12-19 13:00:00,61.07
2024-12-19 14:00:00,61.07
2024-12-19 15:00:00,61.07
2024-12-19 16:00:00,61.07
2024-12-19 17:00:00,61.07
2024-12-19 18:00:00,61.07
2024-12-19 19:00:00,61.07
2024-12-19 20:00:00,61.07
2024-12-19 21:00:00,61.07
2024-12-19 22:00:00,61.07
2024-12-19 23:00:00,61.07
2024-12-20 00:00:00,61.07
2024-12-20 01:00:00,61.07
2024-12-20 02:00:00,61.07
2024-12-20 03:00:00,61.07
2024-12-20 04:00:00,61.07
2024-12-20 05:00:00,61.07
2024-12-20 06:00:00,61.07
2024-12-20 07:00:00,61.07
2024-12-20 08:00:00,61.07
2024-12-20 09:00:00,61.07
2024-12-20 10:00:00,61.07
2024-12-20 11:00:00,61.07
2024-12-20 12:00:00,61.07
2024-12-20 13:00:00,61.07
2024-12-20 14:00:00,61.07
2024-12-20 15:00:00,61.07
2024-12-20 16:00:00,61.07
2024-12-20 17:00:00,61.07
2024-12-20 18:00:00,61.07
2024-12-20 19:00:00,61.07
2024-12-20 20:00:00,61.07
2024-12-20 21:00:00,61.07
2024-12-20 22:00:00,61.07
2024-12-20 23:00:00,61.07
2024-12-21 00:00:00,61.07
2024-12-21 01:00:00,61.07
2024-12-21 02:00:00,61.07
2024-12-21 03:00:00,61.07
2024-12-21 04:00:00,61.07
2024-12-21 05:00:00,61.07
2024-12-21 06:00:00,61.07
2024-12-21 07:00:00,61.07
2024-12-21 08:00:00,61.07
2024-12-21 09:00:00,61.07
2024-12-21 10:00:00,61.07
2024-12-21 11:00:00,61.07
2024-12-21 12:00:00,61.07
2024-12-21 13:00:00,61.07
2024-12-21 14:00:00,61.07
2024-12-21 15:00:00,61.07
2024-12-21 16:00:00,61.07
2024-12-21 17:00:00,61.07
2024-12-21 18:00:00,61.07
2024-12-21 19:00:00,61.07
2024-12-21 20:00:00,61.07
2024-12-21 21:00:00,61.07
2024-12-21 22:00:00,61.07
2024-12-21 23:00:00,61.07
2024-12-22 00:00:00,61.07
2024-12-22 01:00:00,61.07
2024-12-22 02:00:00,61.07
2024-12-22 03:00:00,61.07
2024-12-22 04:00:00,61.07
2024-12-22 05:00:00,61.07
2024-12-22 06:00:00,61.07
2024-12-22 07:00:00,61.07
2024-12-22 08:00:00,61.07
2024-12-22 09:00:00,61.07
2024-12-22 10:00:00,61.07
2024-12-22 11:00:00,61.07
2024-12-22 12:00:00,61.07
2024-12-22 13:00:00,61.07
2024-12-22 14:00:00,61.07
2024-12-22 15:00:00,61.07
2024-12-22 16:00:00,61.07
2024-12-22 17:00:00,61.07
2024-12-22 18:00:00,61.07
2024-12-22 19:00:00,61.07
2024-12-22 20:00:00,61.07
2024-12-22 21:00:00,61.07
2024-12-22 22:00:00,61.07
2024-12-22 23:00:00,61.07
2024-12-23 00:00:00,61.07
2024-12-23 01:00:00,61.07
2024-12-23 02:00:00,61.07
2024-12-23 03:00:00,61.07
2024-12-23 04:00:00,61.07
2024-12-23 05:00:00,61.07
2024-12-23 06:00:00,61.07
2024-12-23 07:00:00,61.07
2024-12-23 08:00:00,61.07
2024-12-23 09:00:00,61.07
2024-12-23 10:00:00,61.07
2024-12-23 11:00:00,61.07
2024-12-23 12:00:00,61.07
2024-12-23 13:00:00,61.07
2024-12-23 14:00:00,61.07
2024-12-23 15:00:00,61.07
2024-12-23 16:00:00,61.07
2024-12-23 17:00:00,61.07
2024-12-23 18:00:00,61.07
2024-12-23 19:00:00,61.07
2024-12-23 20:00:00,61.07
2024-12-23 21:00:00,61.07
2024-12-23 22:00:00,61.07
2024-12-23 23:00:00,61.07
2024-12-24 00:00:00,61.07
2024-12-24 01:00:00,61.07
2024-12-24 02:00:00,61.07
2024-12-24 03:00:00,61.07
2024-12-24 04:00:00,61.07
2024-12-24 05:00:00,61.07
2024-12-24 06:00:00,61.07
2024-12-24 07:00:00,61.07
2024-12-24 08:00:00,61.07
2024-12-24 09:00:00,61.07
2024-12-24 10:00:00,61.07
2024-12-24 11:00:00,61.07
2024-12-24 12:00:00,61.07
2024-12-24 13:00:00,61.07
2024-12-24 14:00:00,61.07
2024-12-24 15:00:00,61.07
2024-12-24 16:00:00,61.07
2024-12-24 17:00:00,61.07
2024-12-24 18:00:00,61.07
2024-12-24 19:00:00,61.07
2024-12-24 20:00:00,61.07
2024-12-24 21:00:00,61.07
2024-12-24 22:00:00,61.07
2024-12-24 23:00:00,61.07
2024-12-25 00:00:00,61.07
2024-12-25 01:00:00,61.07
2024-12-25 02:00:00,61.07
2024-12-25 03:00:00,61.07
2024-12-25 04:00:00,61.07
2024-12-25 05:00:00,61.07
2024-12-25 06:00:00,61.07
2024-12-25 07:00:00,61.07
2024-12-25 08:00:00,61.07
2024-12-25 09:00:00,61.07
2024-12-25 10:00:00,61.07
2024-12-25 11:00:00,61.07
2024-12-25 12:00:00,61.07
2024-12-25 13:00:00,61.07
2024-12-25 14:00:00,61.07
2024-12-25 15:00:00,61.07
2024-12-25 16:00:00,61.07
2024-12-25 17:00:00,61.07
2024-12-25 18:00:00,61.07
2024-12-25 19:00:00,61.07
2024-12-25 20:00:00,61.07
2024-12-25 21:00:00,61.07
2024-12-25 22:00:00,61.07
2024-12-25 23:00:00,61.07
2024-12-26 00:00:00,61.07
2024-12-26 01:00:00,61.07
2024-12-26 02:00:00,61.07
2024-12-26 03:00:00,61.07
2024-12-26 04:00:00,61.07
2024-12-26 05:00:00,61.07
2024-12-26 06:00:00,61.07
2024-12-26 07:00:00,61.07
2024-12-26 08:00:00,61.07
2024-12-26 09:00:00,61.07
2024-12-26 10:00:00,61.07
2024-12-26 11:00:00,61.07
2024-12-26 12:00:00,61.07
2024-12-26 13:00:00,61.07
2024-12-26 14:00:00,61.07
2024-12-26 15:00:00,61.07
2024-12-26 16:00:00,61.07
2024-12-26 17:00:00,61.07
2024-12-26 18:00:00,61.07
2024-12-26 19:00:00,61.07
2024-12-26 20:00:00,61.07
2024-12-26 21:00:00,61.07
2024-12-26 22:00:00,61.07
2024-12-26 23:00:00,61.07
2024-12-27 00:00:00,61.07
2024-12-27 01:00:00,61.07
2024-12-27 02:00:00,61.07
2024-12-27 03:00:00,61.07
2024-12-27 04:00:00,61.07
2024-12-27 05:00:00,61.07
2024-12-27 06:00:00,61.07
2024-12-27 07:00:00,61.07
2024-12-27 08:00:00,61.07
2024-12-27 09:00:00,61.07
2024-12-27 10:00:00,61.07
2024-12-27 11:00:00,61.07
2024-12-27 12:00:00,61.07
2024-12-27 13:00:00,61.07
2024-12-27 14:00:00,61.07
2024-12-27 15:00:00,61.07
2024-12-27 16:00:00,61.07
2024-12-27 17:00:00,61.07
2024-12-27 18:00:00,61.07
2024-12-27 19:00:00,61.07
2024-12-27 20:00:00,61.07
2024-12-27 21:00:00,61.07
2024-12-27 22:00:00,61.07
2024-12-27 23:00:00,61.07
2024-12-28 00:00:00,61.07
2024-12-28 01:00:00,61.07
2024-12-28 02:00:00,61.07
2024-12-28 03:00:00,61.07
2024-12-28 04:00:00,61.07
2024-12-28 05:00:00,61.07
2024-12-28 06:00:00,61.07
2024-12-28 07:00:00,61.07
2024-12-28 08:00:00,61.07
2024-12-28 09:00:00,61.07
2024-12-28 10:00:00,61.07
2024-12-28 11:00:00,61.07
2024-12-28 12:00:00,61.07
2024-12-28 13:00:00,61.07
2024-12-28 14:00:00,61.07
2024-12-28 15:00:00,61.07
2024-12-28 16:00:00,61.07
2024-12-28 17:00:00,61.07
2024-12-28 18:00:00,61.07
2024-12-28 19:00:00,61.07
2024-12-28 20:00:00,61.07
2024-12-28 21:00:00,61.07
2024-12-28 22:00:00,61.07
2024-12-28 23:00:00,61.07
2024-12-29 00:00:00,61.07
2024-12-29 01:00:00,61.07
2024-12-29 02:00:00,61.07
2024-12-29 03:00:00,61.07
2024-12-29 04:00:00,61.07
2024-12-29 05:00:00,61.07
2024-12-29 06:00:00,61.07
2024-12-29 07:00:00,61.07
2024-12-29 08:00:00,61.07
2024-12-29 09:00:00,61.07
2024-12-29 10:00:00,61.07
2024-12-29 11:00:00,61.07
2024-12-29 12:00:00,61.07
2024-12-29 13:00:00,61.07
2024-12-29 14:00:00,61.07
2024-12-29 15:00:00,61.07
2024-12-29 16:00:00,61.07
2024-12-29 17:00:00,61.07
2024-12-29 18:00:00,61.07
2024-12-29 19:00:00,61.07
2024-12-29 20:00:00,61.07
2024-12-29 21:00:00,61.07
2024-12-29 22:00:00,61.07
2024-12-29 23:00:00,61.07
2024-12-30 00:00:00,61.07
2024-12-30 01:00:00,61.07
2024-12-30 02:00:00,61.07
2024-12-30 03:00:00,61.07
2024-12-30 04:00:00,61.07
2024-12-30 05:00:00,61.07
2024-12-30 06:00:00,61.07
2024-12-30 07:00:00,61.07
2024-12-30 08:00:00,61.07
2024-12-30 09:00:00,61.07
2024-12-30 10:00:00,61.07
2024-12-30 11:00:00,61.07
2024-12-30 12:00:00,61.07
2024-12-30 13:00:00,61.07
2024-12-30 14:00:00,61.07
2024-12-30 15:00:00,61.07
2024-12-30 16:00:00,61.07
2024-12-30 17:00:00,61.07
2024-12-30 18:00:00,61.07
2024-12-30 19:00:00,61.07
2024-12-30 20:00:00,61.07
2024-12-30 21:00:00,61.07
2024-12-30 22:00:00,61.07
2024-12-30 23:00:00,61.07
2024-12-31 00:00:00,61.07
2024-12-31 01:00:00,61.07
2024-12-31 02:00:00,61.07
2024-12-31 03:00:00,61.07
2024-12-31 04:00:00,61.07
2024-12-31 05:00:00,61.07
2024-12-31 06:00:00,61.07
2024-12-31 07:00:00,61.07
2024-12-31 08:00:00,61.07
2024-12-31 09:00:00,61.07
2024-12-31 10:00:00,61.07
2024-12-31 11:00:00,61.07
2024-12-31 12:00:00,61.07
2024-12-31 13:00:00,61.07
2024-12-31 14:00:00,61.07
2024-12-31 15:00:00,61.07
2024-12-31 16:00:00,61.07
2024-12-31 17:00:00,61.07
2024-12-31 18:00:00,61.07
2024-12-31 19:00:00,61.07
2024-12-31 20:00:00,61.07
2024-12-31 21:00:00,61.07
2024-12-31 22:00:00,61.07
2024-12-31 23:00:00,61.07
2025-01-01 00:00:00,58.6
2025-01-01 01:00:00,58.6
2025-01-01 02:00:00,58.6
2025-01-01 03:00:00,58.6
2025-01-01 04:00:00,58.6
2025-01-01 05:00:00,58.6
2025-01-01 06:00:00,58.6
2025-01-01 07:00:00,58.6
2025-01-01 08:00:00,58.6
2025-01-01 09:00:00,58.6
2025-01-01 10:00:00,58.6
2025-01-01 11:00:00,58.6
2025-01-01 12:00:00,58.6
2025-01-01 13:00:00,58.6
2025-01-01 14:00:00,58.6
2025-01-01 15:00:00,58.6
2025-01-01 16:00:00,58.6
2025-01-01 17:00:00,58.6
2025-01-01 18:00:00,58.6
2025-01-01 19:00:00,58.6
2025-01-01 20:00:00,58.6
2025-01-01 21:00:00,58.6
2025-01-01 22:00:00,58.6
2025-01-01 23:00:00,58.6
2025-01-02 00:00:00,58.6
2025-01-02 01:00:00,58.6
2025-01-02 02:00:00,58.6
2025-01-02 03:00:00,58.6
2025-01-02 04:00:00,58.6
2025-01-02 05:00:00,58.6
2025-01-02 06:00:00,58.6
2025-01-02 07:00:00,58.6
2025-01-02 08:00:00,58.6
2025-01-02 09:00:00,58.6
2025-01-02 10:00:00,58.6
2025-01-02 11:00:00,58.6
2025-01-02 12:00:00,58.6
2025-01-02 13:00:00,58.6
2025-01-02 14:00:00,58.6
2025-01-02 15:00:00,58.6
2025-01-02 16:00:00,58.6
2025-01-02 17:00:00,58.6
2025-01-02 18:00:00,58.6
2025-01-02 19:00:00,58.6
2025-01-02 20:00:00,58.6
2025-01-02 21:00:00,58.6
2025-01-02 22:00:00,58.6
2025-01-02 23:00:00,58.6
2025-01-03 00:00:00,58.6
2025-01-03 01:00:00,58.6
2025-01-03 02:00:00,58.6
2025-01-03 03:00:00,58.6
2025-01-03 04:00:00,58.6
2025-01-03 05:00:00,58.6
2025-01-03 06:00:00,58.6
2025-01-03 07:00:00,58.6
2025-01-03 08:00:00,58.6
2025-01-03 09:00:00,58.6
2025-01-03 10:00:00,58.6
2025-01-03 11:00:00,58.6
2025-01-03 12:00:00,58.6
2025-01-03 13:00:00,58.6
2025-01-03 14:00:00,58.6
2025-01-03 15:00:00,58.6
2025-01-03 16:00:00,58.6
2025-01-03 17:00:00,58.6
2025-01-03 18:00:00,58.6
2025-01-03 19:00:00,58.6
2025-01-03 20:00:00,58.6
2025-01-03 21:00:00,58.6
2025-01-03 22:00:00,58.6
2025-01-03 23:00:00,58.6
2025-01-04 00:00:00,58.6
2025-01-04 01:00:00,58.6
2025-01-04 02:00:00,58.6
2025-01-04 03:00:00,58.6
2025-01-04 04:00:00,58.6
2025-01-04 05:00:00,58.6
2025-01-04 06:00:00,58.6
2025-01-04 07:00:00,58.6
2025-01-04 08:00:00,58.6
2025-01-04 09:00:00,58.6
2025-01-04 10:00:00,58.6
2025-01-04 11:00:00,58.6
2025-01-04 12:00:00,58.6
2025-01-04 13:00:00,58.6
2025-01-04 14:00:00,58.6
2025-01-04 15:00:00,58.6
2025-01-04 16:00:00,58.6
2025-01-04 17:00:00,58.6
2025-01-04 18:00:00,58.6
2025-01-04 19:00:00,58.6
2025-01-04 20:00:00,58.6
2025-01-04 21:00:00,58.6
2025-01-04 22:00:00,58.6
2025-01-04 23:00:00,58.6
2025-01-05 00:00:00,58.6
2025-01-05 01:00:00,58.6
2025-01-05 02:00:00,58.6
2025-01-05 03:00:00,58.6
2025-01-05 04:00:00,58.6
2025-01-05 05:00:00,58.6
2025-01-05 06:00:00,58.6
2025-01-05 07:00:00,58.6
2025-01-05 08:00:00,58.6
2025-01-05 09:00:00,58.6
2025-01-05 10:00:00,58.6
2025-01-05 11:00:00,58.6
2025-01-05 12:00:00,58.6
2025-01-05 13:00:00,58.6
2025-01-05 14:00:00,58.6
2025-01-05 15:00:00,58.6
2025-01-05 16:00:00,58.6
2025-01-05 17:00:00,58.6
2025-01-05 18:00:00,58.6
2025-01-05 19:00:00,58.6
2025-01-05 20:00:00,58.6
2025-01-05 21:00:00,58.6
2025-01-05 22:00:00,58.6
2025-01-05 23:00:00,58.6
2025-01-06 00:00:00,58.6
2025-01-06 01:00:00,58.6
2025-01-06 02:00:00,58.6
2025-01-06 03:00:00,58.6
2025-01-06 04:00:00,58.6
2025-01-06 05:00:00,58.6
2025-01-06 06:00:00,58.6
2025-01-06 07:00:00,58.6
2025-01-06 08:00:00,58.6
2025-01-06 09:00:00,58.6
2025-01-06 10:00:00,58.6
2025-01-06 11:00:00,58.6
2025-01-06 12:00:00,58.6
2025-01-06 13:00:00,58.6
2025-01-06 14:00:00,58.6
2025-01-06 15:00:00,58.6
2025-01-06 16:00:00,58.6
2025-01-06 17:00:00,58.6
2025-01-06 18:00:00,58.6
2025-01-06 19:00:00,58.6
2025-01-06 20:00:00,58.6
2025-01-06 21:00:00,58.6
2025-01-06 22:00:00,58.6
2025-01-06 23:00:00,58.6
2025-01-07 00:00:00,58.6
2025-01-07 01:00:00,58.6
2025-01-07 02:00:00,58.6
2025-01-07 03:00:00,58.6
2025-01-07 04:00:00,58.6
2025-01-07 05:00:00,58.6
2025-01-07 06:00:00,58.6
2025-01-07 07:00:00,58.6
2025-01-07 08:00:00,58.6
2025-01-07 09:00:00,58.6
2025-01-07 10:00:00,58.6
2025-01-07 11:00:00,58.6
2025-01-07 12:00:00,58.6
2025-01-07 13:00:00,58.6
2025-01-07 14:00:00,58.6
2025-01-07 15:00:00,58.6
2025-01-07 16:00:00,58.6
2025-01-07 17:00:00,58.6
2025-01-07 18:00:00,58.6
2025-01-07 19:00:00,58.6
2025-01-07 20:00:00,58.6
2025-01-07 21:00:00,58.6
2025-01-07 22:00:00,58.6
2025-01-07 23:00:00,58.6
2025-01-08 00:00:00,58.6
2025-01-08 01:00:00,58.6
2025-01-08 02:00:00,58.6
2025-01-08 03:00:00,58.6
2025-01-08 04:00:00,58.6
2025-01-08 05:00:00,58.6
2025-01-08 06:00:00,58.6
2025-01-08 07:00:00,58.6
2025-01-08 08:00:00,58.6
2025-01-08 09:00:00,58.6
2025-01-08 10:00:00,58.6
2025-01-08 11:00:00,58.6
2025-01-08 12:00:00,58.6
2025-01-08 13:00:00,58.6
2025-01-08 14:00:00,58.6
2025-01-08 15:00:00,58.6
2025-01-08 16:00:00,58.6
2025-01-08 17:00:00,58.6
2025-01-08 18:00:00,58.6
2025-01-08 19:00:00,58.6
2025-01-08 20:00:00,58.6
2025-01-08 21:00:00,58.6
2025-01-08 22:00:00,58.6
2025-01-08 23:00:00,58.6
2025-01-09 00:00:00,58.6
2025-01-09 01:00:00,58.6
2025-01-09 02:00:00,58.6
2025-01-09 03:00:00,58.6
2025-01-09 04:00:00,58.6
2025-01-09 05:00:00,58.6
2025-01-09 06:00:00,58.6
2025-01-09 07:00:00,58.6
2025-01-09 08:00:00,58.6
2025-01-09 09:00:00,58.6
2025-01-09 10:00:00,58.6
2025-01-09 11:00:00,58.6
2025-01-09 12:00:00,58.6
2025-01-09 13:00:00,58.6
2025-01-09 14:00:00,58.6
2025-01-09 15:00:00,58.6
2025-01-09 16:00:00,58.6
2025-01-09 17:00:00,58.6
2025-01-09 18:00:00,58.6
2025-01-09 19:00:00,58.6
2025-01-09 20:00:00,58.6
2025-01-09 21:00:00,58.6
2025-01-09 22:00:00,58.6
2025-01-09 23:00:00,58.6
2025-01-10 00:00:00,58.6
2025-01-10 01:00:00,58.6
2025-01-10 02:00:00,58.6
2025-01-10 03:00:00,58.6
2025-01-10 04:00:00,58.6
2025-01-10 05:00:00,58.6
2025-01-10 06:00:00,58.6
2025-01-10 07:00:00,58.6
2025-01-10 08:00:00,58.6
2025-01-10 09:00:00,58.6
2025-01-10 10:00:00,58.6
2025-01-10 11:00:00,58.6
2025-01-10 12:00:00,58.6
2025-01-10 13:00:00,58.6
2025-01-10 14:00:00,58.6
2025-01-10 15:00:00,58.6
2025-01-10 16:00:00,58.6
2025-01-10 17:00:00,58.6
2025-01-10 18:00:00,58.6
2025-01-10 19:00:00,58.6
2025-01-10 20:00:00,58.6
2025-01-10 21:00:00,58.6
2025-01-10 22:00:00,58.6
2025-01-10 23:00:00,58.6
2025-01-11 00:00:00,58.6
2025-01-11 01:00:00,58.6
2025-01-11 02:00:00,58.6
2025-01-11 03:00:00,58.6
2025-01-11 04:00:00,58.6
2025-01-11 05:00:00,58.6
2025-01-11 06:00:00,58.6
2025-01-11 07:00:00,58.6
2025-01-11 08:00:00,58.6
2025-01-11 09:00:00,58.6
2025-01-11 10:00:00,58.6
2025-01-11 11:00:00,58.6
2025-01-11 12:00:00,58.6
2025-01-11 13:00:00,58.6
2025-01-11 14:00:00,58.6
2025-01-11 15:00:00,58.6
2025-01-11 16:00:00,58.6
2025-01-11 17:00:00,58.6
2025-01-11 18:00:00,58.6
2025-01-11 19:00:00,58.6
2025-01-11 20:00:00,58.6
2025-01-11 21:00:00,58.6
2025-01-11 22:00:00,58.6
2025-01-11 23:00:00,58.6
2025-01-12 00:00:00,58.6
2025-01-12 01:00:00,58.6
2025-01-12 02:00:00,58.6
2025-01-12 03:00:00,58.6
2025-01-12 04:00:00,58.6
2025-01-12 05:00:00,58.6
2025-01-12 06:00:00,58.6
2025-01-12 07:00:00,58.6
2025-01-12 08:00:00,58.6
2025-01-12 09:00:00,58.6
2025-01-12 10:00:00,58.6
2025-01-12 11:00:00,58.6
2025-01-12 12:00:00,58.6
2025-01-12 13:00:00,58.6
2025-01-12 14:00:00,58.6
2025-01-12 15:00:00,58.6
2025-01-12 16:00:00,58.6
2025-01-12 17:00:00,58.6
2025-01-12 18:00:00,58.6
2025-01-12 19:00:00,58.6
2025-01-12 20:00:00,58.6
2025-01-12 21:00:00,58.6
2025-01-12 22:00:00,58.6
2025-01-12 23:00:00,58.6
2025-01-13 00:00:00,58.6
2025-01-13 01:00:00,58.6
2025-01-13 02:00:00,58.6
2025-01-13 03:00:00,58.6
2025-01-13 04:00:00,58.6
2025-01-13 05:00:00,58.6
2025-01-13 06:00:00,58.6
2025-01-13 07:00:00,58.6
2025-01-13 08:00:00,58.6
2025-01-13 09:00:00,58.6
2025-01-13 10:00:00,58.6
2025-01-13 11:00:00,58.6
2025-01-13 12:00:00,58.6
2025-01-13 13:00:00,58.6
2025-01-13 14:00:00,58.6
2025-01-13 15:00:00,58.6
2025-01-13 16:00:00,58.6
2025-01-13 17:00:00,58.6
2025-01-13 18:00:00,58.6
2025-01-13 19:00:00,58.6
2025-01-13 20:00:00,58.6
2025-01-13 21:00:00,58.6
2025-01-13 22:00:00,58.6
2025-01-13 23:00:00,58.6
2025-01-14 00:00:00,58.6
2025-01-14 01:00:00,58.6
2025-01-14 02:00:00,58.6
2025-01-14 03:00:00,58.6
2025-01-14 04:00:00,58.6
2025-01-14 05:00:00,58.6
2025-01-14 06:00:00,58.6
2025-01-14 07:00:00,58.6
2025-01-14 08:00:00,58.6
2025-01-14 09:00:00,58.6
2025-01-14 10:00:00,58.6
2025-01-14 11:00:00,58.6
2025-01-14 12:00:00,58.6
2025-01-14 13:00:00,58.6
2025-01-14 14:00:00,58.6
2025-01-14 15:00:00,58.6
2025-01-14 16:00:00,58.6
2025-01-14 17:00:00,58.6
2025-01-14 18:00:00,58.6
2025-01-14 19:00:00,58.6
2025-01-14 20:00:00,58.6
2025-01-14 21:00:00,58.6
2025-01-14 22:00:00,58.6
2025-01-14 23:00:00,58.6
2025-01-15 00:00:00,58.6
2025-01-15 01:00:00,58.6
2025-01-15 02:00:00,58.6
2025-01-15 03:00:00,58.6
2025-01-15 04:00:00,58.6
2025-01-15 05:00:00,58.6
2025-01-15 06:00:00,58.6
2025-01-15 07:00:00,58.6
2025-01-15 08:00:00,58.6
2025-01-15 09:00:00,58.6
2025-01-15 10:00:00,58.6
2025-01-15 11:00:00,58.6
2025-01-15 12:00:00,58.6
2025-01-15 13:00:00,58.6
2025-01-15 14:00:00,58.6
2025-01-15 15:00:00,58.6
2025-01-15 16:00:00,58.6
2025-01-15 17:00:00,58.6
2025-01-15 18:00:00,58.6
2025-01-15 19:00:00,58.6
2025-01-15 20:00:00,58.6
2025-01-15 21:00:00,58.6
2025-01-15 22:00:00,58.6
2025-01-15 23:00:00,58.6
2025-01-16 00:00:00,58.6
2025-01-16 01:00:00,58.6
2025-01-16 02:00:00,58.6
2025-01-16 03:00:00,58.6
2025-01-16 04:00:00,58.6
2025-01-16 05:00:00,58.6
2025-01-16 06:00:00,58.6
2025-01-16 07:00:00,58.6
2025-01-16 08:00:00,58.6
2025-01-16 09:00:00,58.6
2025-01-16 10:00:00,58.6
2025-01-16 11:00:00,58.6
2025-01-16 12:00:00,58.6
2025-01-16 13:00:00,58.6
2025-01-16 14:00:00,58.6
2025-01-16 15:00:00,58.6
2025-01-16 16:00:00,58.6
2025-01-16 17:00:00,58.6
2025-01-16 18:00:00,58.6
2025-01-16 19:00:00,58.6
2025-01-16 20:00:00,58.6
2025-01-16 21:00:00,58.6
2025-01-16 22:00:00,58.6
2025-01-16 23:00:00,58.6
2025-01-17 00:00:00,58.6
2025-01-17 01:00:00,58.6
2025-01-17 02:00:00,58.6
2025-01-17 03:00:00,58.6
2025-01-17 04:00:00,58.6
2025-01-17 05:00:00,58.6
2025-01-17 06:00:00,58.6
2025-01-17 07:00:00,58.6
2025-01-17 08:00:00,58.6
2025-01-17 09:00:00,58.6
2025-01-17 10:00:00,58.6
2025-01-17 11:00:00,58.6
2025-01-17 12:00:00,58.6
2025-01-17 13:00:00,58.6
2025-01-17 14:00:00,58.6
2025-01-17 15:00:00,58.6
2025-01-17 16:00:00,58.6
2025-01-17 17:00:00,58.6
2025-01-17 18:00:00,58.6
2025-01-17 19:00:00,58.6
2025-01-17 20:00:00,58.6
2025-01-17 21:00:00,58.6
2025-01-17 22:00:00,58.6
2025-01-17 23:00:00,58.6
2025-01-18 00:00:00,58.6
2025-01-18 01:00:00,58.6
2025-01-18 02:00:00,58.6
2025-01-18 03:00:00,58.6
2025-01-18 04:00:00,58.6
2025-01-18 05:00:00,58.6
2025-01-18 06:00:00,58.6
2025-01-18 07:00:00,58.6
2025-01-18 08:00:00,58.6
2025-01-18 09:00:00,58.6
2025-01-18 10:00:00,58.6
2025-01-18 11:00:00,58.6
2025-01-18 12:00:00,58.6
2025-01-18 13:00:00,58.6
2025-01-18 14:00:00,58.6
2025-01-18 15:00:00,58.6
2025-01-18 16:00:00,58.6
2025-01-18 17:00:00,58.6
2025-01-18 18:00:00,58.6
2025-01-18 19:00:00,58.6
2025-01-18 20:00:00,58.6
2025-01-18 21:00:00,58.6
2025-01-18 22:00:00,58.6
2025-01-18 23:00:00,58.6
2025-01-19 00:00:00,58.6
2025-01-19 01:00:00,58.6
2025-01-19 02:00:00,58.6
2025-01-19 03:00:00,58.6
2025-01-19 04:00:00,58.6
2025-01-19 05:00:00,58.6
2025-01-19 06:00:00,58.6
2025-01-19 07:00:00,58.6
2025-01-19 08:00:00,58.6
2025-01-19 09:00:00,58.6
2025-01-19 10:00:00,58.6
2025-01-19 11:00:00,58.6
2025-01-19 12:00:00,58.6
2025-01-19 13:00:00,58.6
2025-01-19 14:00:00,58.6
2025-01-19 15:00:00,58.6
2025-01-19 16:00:00,58.6
2025-01-19 17:00:00,58.6
2025-01-19 18:00:00,58.6
2025-01-19 19:00:00,58.6
2025-01-19 20:00:00,58.6
2025-01-19 21:00:00,58.6
2025-01-19 22:00:00,58.6
2025-01-19 23:00:00,58.6
2025-01-20 00:00:00,58.6
2025-01-20 01:00:00,58.6
2025-01-20 02:00:00,58.6
2025-01-20 03:00:00,58.6
2025-01-20 04:00:00,58.6
2025-01-20 05:00:00,58.6
2025-01-20 06:00:00,58.6
2025-01-20 07:00:00,58.6
2025-01-20 08:00:00,58.6
2025-01-20 09:00:00,58.6
2025-01-20 10:00:00,58.6
2025-01-20 11:00:00,58.6
2025-01-20 12:00:00,58.6
2025-01-20 13:00:00,58.6
2025-01-20 14:00:00,58.6
2025-01-20 15:00:00,58.6
2025-01-20 16:00:00,58.6
2025-01-20 17:00:00,58.6
2025-01-20 18:00:00,58.6
2025-01-20 19:00:00,97.77
2025-01-20 20:00:00,134.22
2025-01-20 21:00:00,137.24
2025-01-20 22:00:00,93.14
2025-01-20 23:00:00,58.6
2025-01-21 00:00:00,60.34
2025-01-21 01:00:00,58.6
2025-01-21 02:00:00,58.6
2025-01-21 03:00:00,58.6
2025-01-21 04:00:00,58.6
2025-01-21 05:00:00,58.6
2025-01-21 06:00:00,58.6
2025-01-21 07:00:00,58.6
2025-01-21 08:00:00,58.6
2025-01-21 09:00:00,58.6
2025-01-21 10:00:00,58.6
2025-01-21 11:00:00,58.6
2025-01-21 12:00:00,58.6
2025-01-21 13:00:00,58.6
2025-01-21 14:00:00,58.6
2025-01-21 15:00:00,58.6
2025-01-21 16:00:00,58.6
2025-01-21 17:00:00,58.6
2025-01-21 18:00:00,58.6
2025-01-21 19:00:00,58.6
2025-01-21 20:00:00,58.6
2025-01-21 21:00:00,58.6
2025-01-21 22:00:00,58.6
2025-01-21 23:00:00,58.6
2025-01-22 00:00:00,58.6
2025-01-22 01:00:00,58.6
2025-01-22 02:00:00,58.6
2025-01-22 03:00:00,58.6
2025-01-22 04:00:00,58.6
2025-01-22 05:00:00,58.6
2025-01-22 06:00:00,58.6
2025-01-22 07:00:00,58.6
2025-01-22 08:00:00,58.6
2025-01-22 09:00:00,58.6
2025-01-22 10:00:00,58.6
2025-01-22 11:00:00,58.6
2025-01-22 12:00:00,58.6
2025-01-22 13:00:00,58.6
2025-01-22 14:00:00,58.6
2025-01-22 15:00:00,58.6
2025-01-22 16:00:00,58.6
2025-01-22 17:00:00,58.6
2025-01-22 18:00:00,58.6
2025-01-22 19:00:00,58.6
2025-01-22 20:00:00,58.6
2025-01-22 21:00:00,58.6
2025-01-22 22:00:00,58.6
2025-01-22 23:00:00,58.6
2025-01-23 00:00:00,58.6
2025-01-23 01:00:00,58.6
2025-01-23 02:00:00,58.6
2025-01-23 03:00:00,58.6
2025-01-23 04:00:00,58.6
2025-01-23 05:00:00,58.6
2025-01-23 06:00:00,58.6
2025-01-23 07:00:00,58.6
2025-01-23 08:00:00,58.6
2025-01-23 09:00:00,58.6
2025-01-23 10:00:00,58.6
2025-01-23 11:00:00,58.6
2025-01-23 12:00:00,58.6
2025-01-23 13:00:00,58.6
2025-01-23 14:00:00,58.6
2025-01-23 15:00:00,58.6
2025-01-23 16:00:00,58.6
2025-01-23 17:00:00,58.6
2025-01-23 18:00:00,58.6
2025-01-23 19:00:00,58.6
2025-01-23 20:00:00,58.6
2025-01-23 21:00:00,58.6
2025-01-23 22:00:00,58.6
2025-01-23 23:00:00,58.6
2025-01-24 00:00:00,58.6
2025-01-24 01:00:00,58.6
2025-01-24 02:00:00,58.6
2025-01-24 03:00:00,58.6
2025-01-24 04:00:00,58.6
2025-01-24 05:00:00,58.6
2025-01-24 06:00:00,58.6
2025-01-24 07:00:00,58.6
2025-01-24 08:00:00,58.6
2025-01-24 09:00:00,58.6
2025-01-24 10:00:00,58.6
2025-01-24 11:00:00,58.6
2025-01-24 12:00:00,58.6
2025-01-24 13:00:00,58.6
2025-01-24 14:00:00,58.6
2025-01-24 15:00:00,58.6
2025-01-24 16:00:00,58.6
2025-01-24 17:00:00,58.6
2025-01-24 18:00:00,58.6
2025-01-24 19:00:00,58.6
2025-01-24 20:00:00,58.6
2025-01-24 21:00:00,58.6
2025-01-24 22:00:00,58.6
2025-01-24 23:00:00,58.6
2025-01-25 00:00:00,67.28
2025-01-25 01:00:00,60.01
2025-01-25 02:00:00,58.6
2025-01-25 03:00:00,58.6
2025-01-25 04:00:00,58.6
2025-01-25 05:00:00,58.6
2025-01-25 06:00:00,58.6
2025-01-25 07:00:00,58.6
2025-01-25 08:00:00,58.6
2025-01-25 09:00:00,58.6
2025-01-25 10:00:00,58.6
2025-01-25 11:00:00,58.6
2025-01-25 12:00:00,58.6
2025-01-25 13:00:00,58.6
2025-01-25 14:00:00,58.6
2025-01-25 15:00:00,58.6
2025-01-25 16:00:00,58.6
2025-01-25 17:00:00,58.6
2025-01-25 18:00:00,63.15
2025-01-25 19:00:00,65.27
2025-01-25 20:00:00,60.99
2025-01-25 21:00:00,58.6
2025-01-25 22:00:00,60.72
2025-01-25 23:00:00,59.61
2025-01-26 00:00:00,63.09
2025-01-26 01:00:00,59.58
2025-01-26 02:00:00,59.09
2025-01-26 03:00:00,58.6
2025-01-26 04:00:00,58.6
2025-01-26 05:00:00,58.6
2025-01-26 06:00:00,58.6
2025-01-26 07:00:00,58.6
2025-01-26 08:00:00,58.6
2025-01-26 09:00:00,58.6
2025-01-26 10:00:00,58.6
2025-01-26 11:00:00,58.6
2025-01-26 12:00:00,58.6
2025-01-26 13:00:00,58.6
2025-01-26 14:00:00,58.6
2025-01-26 15:00:00,58.6
2025-01-26 16:00:00,58.6
2025-01-26 17:00:00,58.6
2025-01-26 18:00:00,61.95
2025-01-26 19:00:00,64.36
2025-01-26 20:00:00,62.62
2025-01-26 21:00:00,62.09
2025-01-26 22:00:00,61.89
2025-01-26 23:00:00,61.02
2025-01-27 00:00:00,58.6
2025-01-27 01:00:00,58.6
2025-01-27 02:00:00,58.6
2025-01-27 03:00:00,58.6
2025-01-27 04:00:00,58.6
2025-01-27 05:00:00,58.6
2025-01-27 06:00:00,58.6
2025-01-27 07:00:00,58.6
2025-01-27 08:00:00,58.6
2025-01-27 09:00:00,58.6
2025-01-27 10:00:00,58.6
2025-01-27 11:00:00,58.6
2025-01-27 12:00:00,58.6
2025-01-27 13:00:00,58.6
2025-01-27 14:00:00,58.6
2025-01-27 15:00:00,58.6
2025-01-27 16:00:00,58.6
2025-01-27 17:00:00,59.97
2025-01-27 18:00:00,63.59
2025-01-27 19:00:00,66.69
2025-01-27 20:00:00,66.86
2025-01-27 21:00:00,67.0
2025-01-27 22:00:00,62.54
2025-01-27 23:00:00,59.93
2025-01-28 00:00:00,59.56
2025-01-28 01:00:00,58.6
2025-01-28 02:00:00,58.6
2025-01-28 03:00:00,58.6
2025-01-28 04:00:00,58.6
2025-01-28 05:00:00,58.6
2025-01-28 06:00:00,58.6
2025-01-28 07:00:00,58.6
2025-01-28 08:00:00,58.6
2025-01-28 09:00:00,58.6
2025-01-28 10:00:00,58.6
2025-01-28 11:00:00,58.6
2025-01-28 12:00:00,58.6
2025-01-28 13:00:00,58.6
2025-01-28 14:00:00,58.6
2025-01-28 15:00:00,58.6
2025-01-28 16:00:00,58.6
2025-01-28 17:00:00,59.82
2025-01-28 18:00:00,64.31
2025-01-28 19:00:00,64.84
2025-01-28 20:00:00,65.55
2025-01-28 21:00:00,68.22
2025-01-28 22:00:00,64.17
2025-01-28 23:00:00,60.23
2025-01-29 00:00:00,58.6
2025-01-29 01:00:00,58.6
2025-01-29 02:00:00,58.6
2025-01-29 03:00:00,58.6
2025-01-29 04:00:00,58.6
2025-01-29 05:00:00,58.6
2025-01-29 06:00:00,58.6
2025-01-29 07:00:00,58.6
2025-01-29 08:00:00,58.6
2025-01-29 09:00:00,58.6
2025-01-29 10:00:00,58.6
2025-01-29 11:00:00,58.6
2025-01-29 12:00:00,58.6
2025-01-29 13:00:00,58.6
2025-01-29 14:00:00,58.6
2025-01-29 15:00:00,58.6
2025-01-29 16:00:00,58.6
2025-01-29 17:00:00,59.27
2025-01-29 18:00:00,64.03
2025-01-29 19:00:00,69.24
2025-01-29 20:00:00,69.06
2025-01-29 21:00:00,68.73
2025-01-29 22:00:00,61.64
2025-01-29 23:00:00,59.56
2025-01-30 00:00:00,58.6
2025-01-30 01:00:00,58.6
2025-01-30 02:00:00,58.6
2025-01-30 03:00:00,58.6
2025-01-30 04:00:00,58.6
2025-01-30 05:00:00,58.6
2025-01-30 06:00:00,58.6
2025-01-30 07:00:00,58.6
2025-01-30 08:00:00,58.6
2025-01-30 09:00:00,58.6
2025-01-30 10:00:00,58.6
2025-01-30 11:00:00,58.6
2025-01-30 12:00:00,58.6
2025-01-30 13:00:00,58.6
2025-01-30 14:00:00,58.6
2025-01-30 15:00:00,58.6
2025-01-30 16:00:00,59.96
2025-01-30 17:00:00,60.33
2025-01-30 18:00:00,60.58
2025-01-30 19:00:00,63.19
2025-01-30 20:00:00,63.23
2025-01-30 21:00:00,63.57
2025-01-30 22:00:00,62.71
2025-01-30 23:00:00,60.17
2025-01-31 00:00:00,58.62
2025-01-31 01:00:00,58.6
2025-01-31 02:00:00,58.6
2025-01-31 03:00:00,58.6
2025-01-31 04:00:00,58.6
2025-01-31 05:00:00,58.6
2025-01-31 06:00:00,58.6
2025-01-31 07:00:00,58.6
2025-01-31 08:00:00,58.6
2025-01-31 09:00:00,58.6
2025-01-31 10:00:00,58.6
2025-01-31 11:00:00,58.6
2025-01-31 12:00:00,58.6
2025-01-31 13:00:00,58.6
2025-01-31 14:00:00,58.6
2025-01-31 15:00:00,58.6
2025-01-31 16:00:00,58.6
2025-01-31 17:00:00,58.6
2025-01-31 18:00:00,58.6
2025-01-31 19:00:00,58.6
2025-01-31 20:00:00,58.6
2025-01-31 21:00:00,61.34
2025-01-31 22:00:00,60.5
2025-01-31 23:00:00,59.05
2025-02-01 00:00:00,58.6
2025-02-01 01:00:00,58.6
2025-02-01 02:00:00,58.6
2025-02-01 03:00:00,58.6
2025-02-01 04:00:00,58.6
2025-02-01 05:00:00,58.6
2025-02-01 06:00:00,58.6
2025-02-01 07:00:00,58.6
2025-02-01 08:00:00,58.6
2025-02-01 09:00:00,58.6
2025-02-01 10:00:00,58.6
2025-02-01 11:00:00,58.6
2025-02-01 12:00:00,58.6
2025-02-01 13:00:00,58.6
2025-02-01 14:00:00,58.6
2025-02-01 15:00:00,58.6
2025-02-01 16:00:00,58.6
2025-02-01 17:00:00,58.6
2025-02-01 18:00:00,58.6
2025-02-01 19:00:00,58.6
2025-02-01 20:00:00,58.6
2025-02-01 21:00:00,58.6
2025-02-01 22:00:00,58.6
2025-02-01 23:00:00,58.6
2025-02-02 00:00:00,58.6
2025-02-02 01:00:00,58.6
2025-02-02 02:00:00,58.6
2025-02-02 03:00:00,58.6
2025-02-02 04:00:00,58.6
2025-02-02 05:00:00,58.6
2025-02-02 06:00:00,58.6
2025-02-02 07:00:00,58.6
2025-02-02 08:00:00,58.6
2025-02-02 09:00:00,58.6
2025-02-02 10:00:00,58.6
2025-02-02 11:00:00,58.6
2025-02-02 12:00:00,58.6
2025-02-02 13:00:00,58.6
2025-02-02 14:00:00,58.6
2025-02-02 15:00:00,58.6
2025-02-02 16:00:00,58.6
2025-02-02 17:00:00,58.6
2025-02-02 18:00:00,58.6
2025-02-02 19:00:00,58.6
2025-02-02 20:00:00,58.6
2025-02-02 21:00:00,58.6
2025-02-02 22:00:00,58.6
2025-02-02 23:00:00,58.6
2025-02-03 00:00:00,58.6
2025-02-03 01:00:00,58.6
2025-02-03 02:00:00,58.6
2025-02-03 03:00:00,58.6
2025-02-03 04:00:00,58.6
2025-02-03 05:00:00,58.6
2025-02-03 06:00:00,58.6
2025-02-03 07:00:00,58.6
2025-02-03 08:00:00,58.6
2025-02-03 09:00:00,58.6
2025-02-03 10:00:00,58.6
2025-02-03 11:00:00,58.6
2025-02-03 12:00:00,58.6
2025-02-03 13:00:00,58.6
2025-02-03 14:00:00,58.6
2025-02-03 15:00:00,58.6
2025-02-03 16:00:00,58.6
2025-02-03 17:00:00,58.6
2025-02-03 18:00:00,58.6
2025-02-03 19:00:00,58.6
2025-02-03 20:00:00,58.6
2025-02-03 21:00:00,58.6
2025-02-03 22:00:00,58.6
2025-02-03 23:00:00,58.6
2025-02-04 00:00:00,58.6
2025-02-04 01:00:00,58.6
2025-02-04 02:00:00,58.6
2025-02-04 03:00:00,58.6
2025-02-04 04:00:00,58.6
2025-02-04 05:00:00,58.6
2025-02-04 06:00:00,58.6
2025-02-04 07:00:00,58.6
2025-02-04 08:00:00,58.6
2025-02-04 09:00:00,58.6
2025-02-04 10:00:00,58.6
2025-02-04 11:00:00,58.6
2025-02-04 12:00:00,58.6
2025-02-04 13:00:00,58.6
2025-02-04 14:00:00,58.6
2025-02-04 15:00:00,58.6
2025-02-04 16:00:00,58.6
2025-02-04 17:00:00,58.6
2025-02-04 18:00:00,58.6
2025-02-04 19:00:00,58.6
2025-02-04 20:00:00,58.6
2025-02-04 21:00:00,58.6
2025-02-04 22:00:00,58.6
2025-02-04 23:00:00,58.6
2025-02-05 00:00:00,58.6
2025-02-05 01:00:00,58.6
2025-02-05 02:00:00,58.6
2025-02-05 03:00:00,58.6
2025-02-05 04:00:00,58.6
2025-02-05 05:00:00,58.6
2025-02-05 06:00:00,58.6
2025-02-05 07:00:00,58.6
2025-02-05 08:00:00,58.6
2025-02-05 09:00:00,58.6
2025-02-05 10:00:00,58.6
2025-02-05 11:00:00,58.6
2025-02-05 12:00:00,58.6
2025-02-05 13:00:00,58.6
2025-02-05 14:00:00,58.6
2025-02-05 15:00:00,58.6
2025-02-05 16:00:00,58.6
2025-02-05 17:00:00,58.6
2025-02-05 18:00:00,58.6
2025-02-05 19:00:00,58.6
2025-02-05 20:00:00,58.6
2025-02-05 21:00:00,58.6
2025-02-05 22:00:00,58.6
2025-02-05 23:00:00,58.6
2025-02-06 00:00:00,58.6
2025-02-06 01:00:00,58.6
2025-02-06 02:00:00,58.6
2025-02-06 03:00:00,58.6
2025-02-06 04:00:00,58.6
2025-02-06 05:00:00,58.6
2025-02-06 06:00:00,58.6
2025-02-06 07:00:00,58.6
2025-02-06 08:00:00,58.6
2025-02-06 09:00:00,58.6
2025-02-06 10:00:00,58.6
2025-02-06 11:00:00,58.6
2025-02-06 12:00:00,58.6
2025-02-06 13:00:00,58.6
2025-02-06 14:00:00,58.6
2025-02-06 15:00:00,58.6
2025-02-06 16:00:00,58.6
2025-02-06 17:00:00,58.6
2025-02-06 18:00:00,58.6
2025-02-06 19:00:00,58.6
2025-02-06 20:00:00,58.6
2025-02-06 21:00:00,58.6
2025-02-06 22:00:00,58.6
2025-02-06 23:00:00,58.6
2025-02-07 00:00:00,58.6
2025-02-07 01:00:00,58.6
2025-02-07 02:00:00,58.6
2025-02-07 03:00:00,58.6
2025-02-07 04:00:00,58.6
2025-02-07 05:00:00,58.6
2025-02-07 06:00:00,58.6
2025-02-07 07:00:00,58.6
2025-02-07 08:00:00,58.6
2025-02-07 09:00:00,58.6
2025-02-07 10:00:00,58.6
2025-02-07 11:00:00,58.6
2025-02-07 12:00:00,58.6
2025-02-07 13:00:00,58.6
2025-02-07 14:00:00,58.6
2025-02-07 15:00:00,58.6
2025-02-07 16:00:00,58.6
2025-02-07 17:00:00,58.6
2025-02-07 18:00:00,58.6
2025-02-07 19:00:00,58.6
2025-02-07 20:00:00,58.6
2025-02-07 21:00:00,58.6
2025-02-07 22:00:00,58.6
2025-02-07 23:00:00,58.6
2025-02-08 00:00:00,58.6
2025-02-08 01:00:00,58.6
2025-02-08 02:00:00,58.6
2025-02-08 03:00:00,58.6
2025-02-08 04:00:00,58.6
2025-02-08 05:00:00,58.6
2025-02-08 06:00:00,58.6
2025-02-08 07:00:00,58.6
2025-02-08 08:00:00,58.6
2025-02-08 09:00:00,58.6
2025-02-08 10:00:00,58.6
2025-02-08 11:00:00,58.6
2025-02-08 12:00:00,58.6
2025-02-08 13:00:00,58.6
2025-02-08 14:00:00,58.6
2025-02-08 15:00:00,58.6
2025-02-08 16:00:00,58.6
2025-02-08 17:00:00,58.6
2025-02-08 18:00:00,58.6
2025-02-08 19:00:00,58.6
2025-02-08 20:00:00,58.6
2025-02-08 21:00:00,58.6
2025-02-08 22:00:00,58.6
2025-02-08 23:00:00,58.6
2025-02-09 00:00:00,58.6
2025-02-09 01:00:00,58.6
2025-02-09 02:00:00,58.6
2025-02-09 03:00:00,58.6
2025-02-09 04:00:00,58.6
2025-02-09 05:00:00,58.6
2025-02-09 06:00:00,58.6
2025-02-09 07:00:00,58.6
2025-02-09 08:00:00,58.6
2025-02-09 09:00:00,58.6
2025-02-09 10:00:00,58.6
2025-02-09 11:00:00,58.6
2025-02-09 12:00:00,58.6
2025-02-09 13:00:00,58.6
2025-02-09 14:00:00,58.6
2025-02-09 15:00:00,58.6
2025-02-09 16:00:00,58.6
2025-02-09 17:00:00,58.6
2025-02-09 18:00:00,58.6
2025-02-09 19:00:00,58.6
2025-02-09 20:00:00,58.6
2025-02-09 21:00:00,58.6
2025-02-09 22:00:00,58.6
2025-02-09 23:00:00,58.6
2025-02-10 00:00:00,58.6
2025-02-10 01:00:00,58.6
2025-02-10 02:00:00,58.6
2025-02-10 03:00:00,58.6
2025-02-10 04:00:00,58.6
2025-02-10 05:00:00,58.6
2025-02-10 06:00:00,58.6
2025-02-10 07:00:00,58.6
2025-02-10 08:00:00,58.6
2025-02-10 09:00:00,58.6
2025-02-10 10:00:00,58.6
2025-02-10 11:00:00,58.6
2025-02-10 12:00:00,58.6
2025-02-10 13:00:00,58.6
2025-02-10 14:00:00,58.6
2025-02-10 15:00:00,58.6
2025-02-10 16:00:00,58.6
2025-02-10 17:00:00,58.6
2025-02-10 18:00:00,58.6
2025-02-10 19:00:00,58.6
2025-02-10 20:00:00,58.6
2025-02-10 21:00:00,58.6
2025-02-10 22:00:00,58.6
2025-02-10 23:00:00,58.6
2025-02-11 00:00:00,58.6
2025-02-11 01:00:00,58.6
2025-02-11 02:00:00,58.6
2025-02-11 03:00:00,58.6
2025-02-11 04:00:00,58.6
2025-02-11 05:00:00,58.6
2025-02-11 06:00:00,58.6
2025-02-11 07:00:00,58.6
2025-02-11 08:00:00,58.6
2025-02-11 09:00:00,58.6
2025-02-11 10:00:00,58.6
2025-02-11 11:00:00,58.6
2025-02-11 12:00:00,58.6
2025-02-11 13:00:00,58.6
2025-02-11 14:00:00,58.6
2025-02-11 15:00:00,58.6
2025-02-11 16:00:00,58.6
2025-02-11 17:00:00,58.6
2025-02-11 18:00:00,58.6
2025-02-11 19:00:00,58.6
2025-02-11 20:00:00,58.6
2025-02-11 21:00:00,58.6
2025-02-11 22:00:00,58.6
2025-02-11 23:00:00,58.6
2025-02-12 00:00:00,58.6
2025-02-12 01:00:00,58.6
2025-02-12 02:00:00,58.6
2025-02-12 03:00:00,58.6
2025-02-12 04:00:00,58.6
2025-02-12 05:00:00,58.6
2025-02-12 06:00:00,58.6
2025-02-12 07:00:00,58.6
2025-02-12 08:00:00,58.6
2025-02-12 09:00:00,58.6
2025-02-12 10:00:00,58.6
2025-02-12 11:00:00,58.6
2025-02-12 12:00:00,58.6
2025-02-12 13:00:00,58.6
2025-02-12 14:00:00,58.6
2025-02-12 15:00:00,58.6
2025-02-12 16:00:00,58.6
2025-02-12 17:00:00,58.6
2025-02-12 18:00:00,58.6
2025-02-12 19:00:00,58.6
2025-02-12 20:00:00,58.6
2025-02-12 21:00:00,58.6
2025-02-12 22:00:00,58.6
2025-02-12 23:00:00,58.6
2025-02-13 00:00:00,58.6
2025-02-13 01:00:00,58.6
2025-02-13 02:00:00,58.6
2025-02-13 03:00:00,58.6
2025-02-13 04:00:00,58.6
2025-02-13 05:00:00,58.6
2025-02-13 06:00:00,58.6
2025-02-13 07:00:00,58.6
2025-02-13 08:00:00,58.6
2025-02-13 09:00:00,58.6
2025-02-13 10:00:00,58.6
2025-02-13 11:00:00,58.6
2025-02-13 12:00:00,58.6
2025-02-13 13:00:00,58.6
2025-02-13 14:00:00,58.6
2025-02-13 15:00:00,58.6
2025-02-13 16:00:00,58.6
2025-02-13 17:00:00,58.6
2025-02-13 18:00:00,58.6
2025-02-13 19:00:00,58.6
2025-02-13 20:00:00,58.6
2025-02-13 21:00:00,58.6
2025-02-13 22:00:00,58.6
2025-02-13 23:00:00,58.6
2025-02-14 00:00:00,58.6
2025-02-14 01:00:00,58.6
2025-02-14 02:00:00,58.6
2025-02-14 03:00:00,58.6
2025-02-14 04:00:00,58.6
2025-02-14 05:00:00,58.6
2025-02-14 06:00:00,58.6
2025-02-14 07:00:00,58.6
2025-02-14 08:00:00,58.6
2025-02-14 09:00:00,58.6
2025-02-14 10:00:00,58.6
2025-02-14 11:00:00,58.6
2025-02-14 12:00:00,58.6
2025-02-14 13:00:00,58.6
2025-02-14 14:00:00,58.6
2025-02-14 15:00:00,58.6
2025-02-14 16:00:00,58.6
2025-02-14 17:00:00,58.6
2025-02-14 18:00:00,58.6
2025-02-14 19:00:00,58.6
2025-02-14 20:00:00,58.6
2025-02-14 21:00:00,58.6
2025-02-14 22:00:00,58.6
2025-02-14 23:00:00,58.6
2025-02-15 00:00:00,58.6
2025-02-15 01:00:00,58.6
2025-02-15 02:00:00,58.6
2025-02-15 03:00:00,58.6
2025-02-15 04:00:00,58.6
2025-02-15 05:00:00,58.6
2025-02-15 06:00:00,58.6
2025-02-15 07:00:00,58.6
2025-02-15 08:00:00,58.6
2025-02-15 09:00:00,58.6
2025-02-15 10:00:00,58.6
2025-02-15 11:00:00,58.6
2025-02-15 12:00:00,58.6
2025-02-15 13:00:00,58.6
2025-02-15 14:00:00,58.6
2025-02-15 15:00:00,58.6
2025-02-15 16:00:00,58.6
2025-02-15 17:00:00,58.6
2025-02-15 18:00:00,58.6
2025-02-15 19:00:00,58.6
2025-02-15 20:00:00,58.6
2025-02-15 21:00:00,58.6
2025-02-15 22:00:00,58.6
2025-02-15 23:00:00,58.6
2025-02-16 00:00:00,58.6
2025-02-16 01:00:00,58.6
2025-02-16 02:00:00,58.6
2025-02-16 03:00:00,58.6
2025-02-16 04:00:00,58.6
2025-02-16 05:00:00,58.6
2025-02-16 06:00:00,58.6
2025-02-16 07:00:00,58.6
2025-02-16 08:00:00,58.6
2025-02-16 09:00:00,58.6
2025-02-16 10:00:00,58.6
2025-02-16 11:00:00,58.6
2025-02-16 12:00:00,58.6
2025-02-16 13:00:00,58.6
2025-02-16 14:00:00,58.6
2025-02-16 15:00:00,58.6
2025-02-16 16:00:00,58.6
2025-02-16 17:00:00,58.6
2025-02-16 18:00:00,58.6
2025-02-16 19:00:00,58.6
2025-02-16 20:00:00,58.6
2025-02-16 21:00:00,58.6
2025-02-16 22:00:00,58.6
2025-02-16 23:00:00,58.6
2025-02-17 00:00:00,58.6
2025-02-17 01:00:00,58.6
2025-02-17 02:00:00,58.6
2025-02-17 03:00:00,58.6
2025-02-17 04:00:00,58.6
2025-02-17 05:00:00,58.6
2025-02-17 06:00:00,58.6
2025-02-17 07:00:00,58.6
2025-02-17 08:00:00,58.6
2025-02-17 09:00:00,58.6
2025-02-17 10:00:00,58.6
2025-02-17 11:00:00,58.6
2025-02-17 12:00:00,58.6
2025-02-17 13:00:00,58.6
2025-02-17 14:00:00,58.6
2025-02-17 15:00:00,58.6
2025-02-17 16:00:00,58.6
2025-02-17 17:00:00,58.6
2025-02-17 18:00:00,58.6
2025-02-17 19:00:00,58.6
2025-02-17 20:00:00,58.6
2025-02-17 21:00:00,58.6
2025-02-17 22:00:00,58.6
2025-02-17 23:00:00,58.6
2025-02-18 00:00:00,58.6
2025-02-18 01:00:00,58.6
2025-02-18 02:00:00,58.6
2025-02-18 03:00:00,58.6
2025-02-18 04:00:00,58.6
2025-02-18 05:00:00,58.6
2025-02-18 06:00:00,58.6
2025-02-18 07:00:00,58.6
2025-02-18 08:00:00,58.6
2025-02-18 09:00:00,58.6
2025-02-18 10:00:00,58.6
2025-02-18 11:00:00,58.6
2025-02-18 12:00:00,58.6
2025-02-18 13:00:00,58.6
2025-02-18 14:00:00,58.6
2025-02-18 15:00:00,58.6
2025-02-18 16:00:00,58.6
2025-02-18 17:00:00,58.6
2025-02-18 18:00:00,58.6
2025-02-18 19:00:00,58.6
2025-02-18 20:00:00,58.6
2025-02-18 21:00:00,58.6
2025-02-18 22:00:00,58.6
2025-02-18 23:00:00,58.6
2025-02-19 00:00:00,58.6
2025-02-19 01:00:00,58.6
2025-02-19 02:00:00,58.6
2025-02-19 03:00:00,58.6
2025-02-19 04:00:00,58.6
2025-02-19 05:00:00,58.6
2025-02-19 06:00:00,58.6
2025-02-19 07:00:00,58.6
2025-02-19 08:00:00,58.6
2025-02-19 09:00:00,58.6
2025-02-19 10:00:00,58.6
2025-02-19 11:00:00,58.6
2025-02-19 12:00:00,58.6
2025-02-19 13:00:00,58.6
2025-02-19 14:00:00,58.6
2025-02-19 15:00:00,58.6
2025-02-19 16:00:00,58.6
2025-02-19 17:00:00,58.6
2025-02-19 18:00:00,58.6
2025-02-19 19:00:00,58.6
2025-02-19 20:00:00,58.6
2025-02-19 21:00:00,58.6
2025-02-19 22:00:00,58.6
2025-02-19 23:00:00,58.6
2025-02-20 00:00:00,59.26
2025-02-20 01:00:00,58.6
2025-02-20 02:00:00,58.6
2025-02-20 03:00:00,58.6
2025-02-20 04:00:00,58.6
2025-02-20 05:00:00,58.6
2025-02-20 06:00:00,58.6
2025-02-20 07:00:00,58.6
2025-02-20 08:00:00,58.6
2025-02-20 09:00:00,58.6
2025-02-20 10:00:00,58.6
2025-02-20 11:00:00,58.6
2025-02-20 12:00:00,58.6
2025-02-20 13:00:00,58.6
2025-02-20 14:00:00,58.6
2025-02-20 15:00:00,58.6
2025-02-20 16:00:00,58.6
2025-02-20 17:00:00,58.6
2025-02-20 18:00:00,58.6
2025-02-20 19:00:00,58.6
2025-02-20 20:00:00,58.6
2025-02-20 21:00:00,58.6
2025-02-20 22:00:00,58.6
2025-02-20 23:00:00,58.6
2025-02-21 00:00:00,58.6
2025-02-21 01:00:00,58.6
2025-02-21 02:00:00,58.6
2025-02-21 03:00:00,58.6
2025-02-21 04:00:00,58.6
2025-02-21 05:00:00,58.6
2025-02-21 06:00:00,58.6
2025-02-21 07:00:00,58.6
2025-02-21 08:00:00,58.6
2025-02-21 09:00:00,58.6
2025-02-21 10:00:00,58.6
2025-02-21 11:00:00,58.6
2025-02-21 12:00:00,58.6
2025-02-21 13:00:00,58.6
2025-02-21 14:00:00,58.6
2025-02-21 15:00:00,58.6
2025-02-21 16:00:00,58.6
2025-02-21 17:00:00,58.6
2025-02-21 18:00:00,58.6
2025-02-21 19:00:00,58.6
2025-02-21 20:00:00,58.6
2025-02-21 21:00:00,58.6
2025-02-21 22:00:00,58.6
2025-02-21 23:00:00,58.6
2025-02-22 00:00:00,58.6
2025-02-22 01:00:00,58.6
2025-02-22 02:00:00,58.6
2025-02-22 03:00:00,58.6
2025-02-22 04:00:00,58.6
2025-02-22 05:00:00,58.6
2025-02-22 06:00:00,58.6
2025-02-22 07:00:00,58.6
2025-02-22 08:00:00,58.6
2025-02-22 09:00:00,58.6
2025-02-22 10:00:00,58.6
2025-02-22 11:00:00,58.6
2025-02-22 12:00:00,58.6
2025-02-22 13:00:00,58.6
2025-02-22 14:00:00,58.6
2025-02-22 15:00:00,58.6
2025-02-22 16:00:00,58.6
2025-02-22 17:00:00,58.6
2025-02-22 18:00:00,58.6
2025-02-22 19:00:00,58.6
2025-02-22 20:00:00,58.6
2025-02-22 21:00:00,58.6
2025-02-22 22:00:00,58.6
2025-02-22 23:00:00,58.6
2025-02-23 00:00:00,58.6
2025-02-23 01:00:00,58.6
2025-02-23 02:00:00,58.6
2025-02-23 03:00:00,58.6
2025-02-23 04:00:00,58.6
2025-02-23 05:00:00,58.6
2025-02-23 06:00:00,58.6
2025-02-23 07:00:00,58.6
2025-02-23 08:00:00,58.6
2025-02-23 09:00:00,58.6
2025-02-23 10:00:00,58.6
2025-02-23 11:00:00,58.6
2025-02-23 12:00:00,58.6
2025-02-23 13:00:00,58.6
2025-02-23 14:00:00,58.6
2025-02-23 15:00:00,58.6
2025-02-23 16:00:00,58.6
2025-02-23 17:00:00,58.6
2025-02-23 18:00:00,58.6
2025-02-23 19:00:00,58.6
2025-02-23 20:00:00,58.6
2025-02-23 21:00:00,58.6
2025-02-23 22:00:00,58.6
2025-02-23 23:00:00,58.6
2025-02-24 00:00:00,58.6
2025-02-24 01:00:00,58.6
2025-02-24 02:00:00,58.6
2025-02-24 03:00:00,58.6
2025-02-24 04:00:00,58.6
2025-02-24 05:00:00,58.6
2025-02-24 06:00:00,58.6
2025-02-24 07:00:00,58.6
2025-02-24 08:00:00,58.6
2025-02-24 09:00:00,58.6
2025-02-24 10:00:00,58.6
2025-02-24 11:00:00,58.6
2025-02-24 12:00:00,58.6
2025-02-24 13:00:00,58.6
2025-02-24 14:00:00,58.6
2025-02-24 15:00:00,58.6
2025-02-24 16:00:00,58.6
2025-02-24 17:00:00,58.6
2025-02-24 18:00:00,58.6
2025-02-24 19:00:00,58.6
2025-02-24 20:00:00,58.6
2025-02-24 21:00:00,58.6
2025-02-24 22:00:00,58.6
2025-02-24 23:00:00,58.6
2025-02-25 00:00:00,58.6
2025-02-25 01:00:00,58.6
2025-02-25 02:00:00,58.6
2025-02-25 03:00:00,58.6
2025-02-25 04:00:00,58.6
2025-02-25 05:00:00,58.6
2025-02-25 06:00:00,58.6
2025-02-25 07:00:00,58.6
2025-02-25 08:00:00,58.6
2025-02-25 09:00:00,58.6
2025-02-25 10:00:00,58.6
2025-02-25 11:00:00,58.6
2025-02-25 12:00:00,58.6
2025-02-25 13:00:00,58.6
2025-02-25 14:00:00,58.6
2025-02-25 15:00:00,58.6
2025-02-25 16:00:00,58.6
2025-02-25 17:00:00,58.6
2025-02-25 18:00:00,58.6
2025-02-25 19:00:00,58.6
2025-02-25 20:00:00,58.6
2025-02-25 21:00:00,58.6
2025-02-25 22:00:00,58.6
2025-02-25 23:00:00,58.6
2025-02-26 00:00:00,59.06
2025-02-26 01:00:00,58.6
2025-02-26 02:00:00,58.6
2025-02-26 03:00:00,58.6
2025-02-26 04:00:00,58.6
2025-02-26 05:00:00,58.6
2025-02-26 06:00:00,58.6
2025-02-26 07:00:00,58.6
2025-02-26 08:00:00,58.6
2025-02-26 09:00:00,58.6
2025-02-26 10:00:00,58.6
2025-02-26 11:00:00,58.6
2025-02-26 12:00:00,58.6
2025-02-26 13:00:00,58.6
2025-02-26 14:00:00,58.6
2025-02-26 15:00:00,58.6
2025-02-26 16:00:00,58.6
2025-02-26 17:00:00,58.6
2025-02-26 18:00:00,58.6
2025-02-26 19:00:00,58.6
2025-02-26 20:00:00,58.6
2025-02-26 21:00:00,58.6
2025-02-26 22:00:00,58.6
2025-02-26 23:00:00,58.6
2025-02-27 00:00:00,58.6
2025-02-27 01:00:00,58.6
2025-02-27 02:00:00,58.6
2025-02-27 03:00:00,58.6
2025-02-27 04:00:00,58.6
2025-02-27 05:00:00,58.6
2025-02-27 06:00:00,58.6
2025-02-27 07:00:00,58.6
2025-02-27 08:00:00,58.6
2025-02-27 09:00:00,58.6
2025-02-27 10:00:00,58.6
2025-02-27 11:00:00,58.6
2025-02-27 12:00:00,58.6
2025-02-27 13:00:00,58.6
2025-02-27 14:00:00,58.6
2025-02-27 15:00:00,58.6
2025-02-27 16:00:00,58.6
2025-02-27 17:00:00,58.6
2025-02-27 18:00:00,58.6
2025-02-27 19:00:00,58.6
2025-02-27 20:00:00,58.6
2025-02-27 21:00:00,58.6
2025-02-27 22:00:00,58.6
2025-02-27 23:00:00,58.6
2025-02-28 00:00:00,58.6
2025-02-28 01:00:00,58.6
2025-02-28 02:00:00,58.6
2025-02-28 03:00:00,58.6
2025-02-28 04:00:00,58.6
2025-02-28 05:00:00,58.6
2025-02-28 06:00:00,58.6
2025-02-28 07:00:00,58.6
2025-02-28 08:00:00,58.6
2025-02-28 09:00:00,58.6
2025-02-28 10:00:00,58.6
2025-02-28 11:00:00,58.6
2025-02-28 12:00:00,58.6
2025-02-28 13:00:00,58.6
2025-02-28 14:00:00,58.6
2025-02-28 15:00:00,58.6
2025-02-28 16:00:00,58.6
2025-02-28 17:00:00,58.6
2025-02-28 18:00:00,58.6
2025-02-28 19:00:00,58.6
2025-02-28 20:00:00,58.6
2025-02-28 21:00:00,58.6
2025-02-28 22:00:00,58.6
2025-02-28 23:00:00,58.6
2025-03-01 00:00:00,58.6
2025-03-01 01:00:00,58.6
2025-03-01 02:00:00,58.6
2025-03-01 03:00:00,58.6
2025-03-01 04:00:00,58.6
2025-03-01 05:00:00,58.6
2025-03-01 06:00:00,58.6
2025-03-01 07:00:00,58.6
2025-03-01 08:00:00,58.6
2025-03-01 09:00:00,58.6
2025-03-01 10:00:00,58.6
2025-03-01 11:00:00,58.6
2025-03-01 12:00:00,58.6
2025-03-01 13:00:00,58.6
2025-03-01 14:00:00,58.6
2025-03-01 15:00:00,58.6
2025-03-01 16:00:00,58.6
2025-03-01 17:00:00,58.6
2025-03-01 18:00:00,58.6
2025-03-01 19:00:00,58.6
2025-03-01 20:00:00,58.6
2025-03-01 21:00:00,58.6
2025-03-01 22:00:00,58.6
2025-03-01 23:00:00,58.6
2025-03-02 00:00:00,58.6
2025-03-02 01:00:00,58.6
2025-03-02 02:00:00,58.6
2025-03-02 03:00:00,58.6
2025-03-02 04:00:00,58.6
2025-03-02 05:00:00,58.6
2025-03-02 06:00:00,58.6
2025-03-02 07:00:00,58.6
2025-03-02 08:00:00,58.6
2025-03-02 09:00:00,58.6
2025-03-02 10:00:00,58.6
2025-03-02 11:00:00,58.6
2025-03-02 12:00:00,58.6
2025-03-02 13:00:00,58.6
2025-03-02 14:00:00,58.6
2025-03-02 15:00:00,58.6
2025-03-02 16:00:00,58.6
2025-03-02 17:00:00,58.6
2025-03-02 18:00:00,58.6
2025-03-02 19:00:00,58.6
2025-03-02 20:00:00,58.6
2025-03-02 21:00:00,58.6
2025-03-02 22:00:00,58.6
2025-03-02 23:00:00,58.6
2025-03-03 00:00:00,58.6
2025-03-03 01:00:00,58.6
2025-03-03 02:00:00,58.6
2025-03-03 03:00:00,58.6
2025-03-03 04:00:00,58.6
2025-03-03 05:00:00,58.6
2025-03-03 06:00:00,58.6
2025-03-03 07:00:00,58.6
2025-03-03 08:00:00,58.6
2025-03-03 09:00:00,58.6
2025-03-03 10:00:00,58.6
2025-03-03 11:00:00,58.6
2025-03-03 12:00:00,58.6
2025-03-03 13:00:00,58.6
2025-03-03 14:00:00,58.6
2025-03-03 15:00:00,58.6
2025-03-03 16:00:00,58.6
2025-03-03 17:00:00,58.6
2025-03-03 18:00:00,58.6
2025-03-03 19:00:00,58.6
2025-03-03 20:00:00,58.6
2025-03-03 21:00:00,58.6
2025-03-03 22:00:00,58.6
2025-03-03 23:00:00,58.6
2025-03-04 00:00:00,58.6
2025-03-04 01:00:00,58.6
2025-03-04 02:00:00,58.6
2025-03-04 03:00:00,58.6
2025-03-04 04:00:00,58.6
2025-03-04 05:00:00,58.6
2025-03-04 06:00:00,58.6
2025-03-04 07:00:00,58.6
2025-03-04 08:00:00,58.6
2025-03-04 09:00:00,58.6
2025-03-04 10:00:00,58.6
2025-03-04 11:00:00,58.6
2025-03-04 12:00:00,58.6
2025-03-04 13:00:00,58.6
2025-03-04 14:00:00,58.6
2025-03-04 15:00:00,58.6
2025-03-04 16:00:00,58.6
2025-03-04 17:00:00,58.6
2025-03-04 18:00:00,58.6
2025-03-04 19:00:00,58.6
2025-03-04 20:00:00,58.6
2025-03-04 21:00:00,58.6
2025-03-04 22:00:00,58.6
2025-03-04 23:00:00,58.6
2025-03-05 00:00:00,58.6
2025-03-05 01:00:00,58.6
2025-03-05 02:00:00,58.6
2025-03-05 03:00:00,58.6
2025-03-05 04:00:00,58.6
2025-03-05 05:00:00,58.6
2025-03-05 06:00:00,58.6
2025-03-05 07:00:00,58.6
2025-03-05 08:00:00,58.6
2025-03-05 09:00:00,58.6
2025-03-05 10:00:00,58.6
2025-03-05 11:00:00,58.6
2025-03-05 12:00:00,58.6
2025-03-05 13:00:00,58.6
2025-03-05 14:00:00,58.6
2025-03-05 15:00:00,58.6
2025-03-05 16:00:00,58.6
2025-03-05 17:00:00,58.6
2025-03-05 18:00:00,58.6
2025-03-05 19:00:00,58.6
2025-03-05 20:00:00,58.6
2025-03-05 21:00:00,58.6
2025-03-05 22:00:00,58.6
2025-03-05 23:00:00,58.6
2025-03-06 00:00:00,58.6
2025-03-06 01:00:00,58.6
2025-03-06 02:00:00,58.6
2025-03-06 03:00:00,58.6
2025-03-06 04:00:00,58.6
2025-03-06 05:00:00,58.6
2025-03-06 06:00:00,58.6
2025-03-06 07:00:00,58.6
2025-03-06 08:00:00,58.6
2025-03-06 09:00:00,58.6
2025-03-06 10:00:00,58.6
2025-03-06 11:00:00,58.6
2025-03-06 12:00:00,58.6
2025-03-06 13:00:00,58.6
2025-03-06 14:00:00,58.6
2025-03-06 15:00:00,58.6
2025-03-06 16:00:00,58.6
2025-03-06 17:00:00,58.6
2025-03-06 18:00:00,58.6
2025-03-06 19:00:00,58.6
2025-03-06 20:00:00,58.6
2025-03-06 21:00:00,58.6
2025-03-06 22:00:00,58.6
2025-03-06 23:00:00,58.6
2025-03-07 00:00:00,58.6
2025-03-07 01:00:00,58.6
2025-03-07 02:00:00,58.6
2025-03-07 03:00:00,58.6
2025-03-07 04:00:00,58.6
2025-03-07 05:00:00,58.6
2025-03-07 06:00:00,58.6
2025-03-07 07:00:00,58.6
2025-03-07 08:00:00,58.6
2025-03-07 09:00:00,58.6
2025-03-07 10:00:00,58.6
2025-03-07 11:00:00,58.6
2025-03-07 12:00:00,58.6
2025-03-07 13:00:00,58.6
2025-03-07 14:00:00,58.6
2025-03-07 15:00:00,58.6
2025-03-07 16:00:00,58.6
2025-03-07 17:00:00,58.6
2025-03-07 18:00:00,58.6
2025-03-07 19:00:00,58.6
2025-03-07 20:00:00,58.6
2025-03-07 21:00:00,58.6
2025-03-07 22:00:00,58.6
2025-03-07 23:00:00,58.6
2025-03-08 00:00:00,58.6
2025-03-08 01:00:00,58.6
2025-03-08 02:00:00,58.6
2025-03-08 03:00:00,58.6
2025-03-08 04:00:00,58.6
2025-03-08 05:00:00,58.6
2025-03-08 06:00:00,58.6
2025-03-08 07:00:00,58.6
2025-03-08 08:00:00,58.6
2025-03-08 09:00:00,58.6
2025-03-08 10:00:00,58.6
2025-03-08 11:00:00,58.6
2025-03-08 12:00:00,58.6
2025-03-08 13:00:00,58.6
2025-03-08 14:00:00,58.6
2025-03-08 15:00:00,58.6
2025-03-08 16:00:00,58.6
2025-03-08 17:00:00,58.6
2025-03-08 18:00:00,58.6
2025-03-08 19:00:00,58.6
2025-03-08 20:00:00,58.6
2025-03-08 21:00:00,58.6
2025-03-08 22:00:00,58.6
2025-03-08 23:00:00,58.6
2025-03-09 00:00:00,58.6
2025-03-09 01:00:00,58.6
2025-03-09 02:00:00,58.6
2025-03-09 03:00:00,58.6
2025-03-09 04:00:00,58.6
2025-03-09 05:00:00,58.6
2025-03-09 06:00:00,58.6
2025-03-09 07:00:00,58.6
2025-03-09 08:00:00,58.6
2025-03-09 09:00:00,58.6
2025-03-09 10:00:00,58.6
2025-03-09 11:00:00,58.6
2025-03-09 12:00:00,58.6
2025-03-09 13:00:00,58.6
2025-03-09 14:00:00,58.6
2025-03-09 15:00:00,58.6
2025-03-09 16:00:00,58.6
2025-03-09 17:00:00,58.6
2025-03-09 18:00:00,58.6
2025-03-09 19:00:00,58.6
2025-03-09 20:00:00,58.6
2025-03-09 21:00:00,58.6
2025-03-09 22:00:00,58.6
2025-03-09 23:00:00,58.6
2025-03-10 00:00:00,58.6
2025-03-10 01:00:00,58.6
2025-03-10 02:00:00,58.6
2025-03-10 03:00:00,58.6
2025-03-10 04:00:00,58.6
2025-03-10 05:00:00,58.6
2025-03-10 06:00:00,58.6
2025-03-10 07:00:00,58.6
2025-03-10 08:00:00,58.6
2025-03-10 09:00:00,58.6
2025-03-10 10:00:00,58.6
2025-03-10 11:00:00,58.6
2025-03-10 12:00:00,58.6
2025-03-10 13:00:00,58.6
2025-03-10 14:00:00,58.6
2025-03-10 15:00:00,58.6
2025-03-10 16:00:00,58.6
2025-03-10 17:00:00,58.6
2025-03-10 18:00:00,58.6
2025-03-10 19:00:00,58.6
2025-03-10 20:00:00,58.6
2025-03-10 21:00:00,58.6
2025-03-10 22:00:00,58.6
2025-03-10 23:00:00,58.6
2025-03-11 00:00:00,58.6
2025-03-11 01:00:00,58.6
2025-03-11 02:00:00,58.6
2025-03-11 03:00:00,58.6
2025-03-11 04:00:00,58.6
2025-03-11 05:00:00,58.6
2025-03-11 06:00:00,58.6
2025-03-11 07:00:00,58.6
2025-03-11 08:00:00,58.6
2025-03-11 09:00:00,58.6
2025-03-11 10:00:00,58.6
2025-03-11 11:00:00,58.6
2025-03-11 12:00:00,58.6
2025-03-11 13:00:00,58.6
2025-03-11 14:00:00,58.6
2025-03-11 15:00:00,58.6
2025-03-11 16:00:00,58.6
2025-03-11 17:00:00,58.6
2025-03-11 18:00:00,58.6
2025-03-11 19:00:00,58.6
2025-03-11 20:00:00,58.6
2025-03-11 21:00:00,58.6
2025-03-11 22:00:00,58.6
2025-03-11 23:00:00,58.6
2025-03-12 00:00:00,58.6
2025-03-12 01:00:00,58.6
2025-03-12 02:00:00,58.6
2025-03-12 03:00:00,58.6
2025-03-12 04:00:00,58.6
2025-03-12 05:00:00,58.6
2025-03-12 06:00:00,58.6
2025-03-12 07:00:00,58.6
2025-03-12 08:00:00,58.6
2025-03-12 09:00:00,58.6
2025-03-12 10:00:00,58.6
2025-03-12 11:00:00,58.6
2025-03-12 12:00:00,58.6
2025-03-12 13:00:00,58.6
2025-03-12 14:00:00,58.6
2025-03-12 15:00:00,58.6
2025-03-12 16:00:00,58.6
2025-03-12 17:00:00,58.6
2025-03-12 18:00:00,58.6
2025-03-12 19:00:00,58.6
2025-03-12 20:00:00,58.6
2025-03-12 21:00:00,58.6
2025-03-12 22:00:00,58.6
2025-03-12 23:00:00,58.6
2025-03-13 00:00:00,58.6
2025-03-13 01:00:00,58.6
2025-03-13 02:00:00,58.6
2025-03-13 03:00:00,58.6
2025-03-13 04:00:00,58.6
2025-03-13 05:00:00,58.6
2025-03-13 06:00:00,58.6
2025-03-13 07:00:00,58.6
2025-03-13 08:00:00,58.6
2025-03-13 09:00:00,58.6
2025-03-13 10:00:00,58.6
2025-03-13 11:00:00,58.6
2025-03-13 12:00:00,58.6
2025-03-13 13:00:00,58.6
2025-03-13 14:00:00,58.6
2025-03-13 15:00:00,58.6
2025-03-13 16:00:00,58.6
2025-03-13 17:00:00,58.6
2025-03-13 18:00:00,58.6
2025-03-13 19:00:00,58.6
2025-03-13 20:00:00,58.6
2025-03-13 21:00:00,58.6
2025-03-13 22:00:00,58.6
2025-03-13 23:00:00,58.6
2025-03-14 00:00:00,58.6
2025-03-14 01:00:00,58.6
2025-03-14 02:00:00,58.6
2025-03-14 03:00:00,58.6
2025-03-14 04:00:00,58.6
2025-03-14 05:00:00,58.6
2025-03-14 06:00:00,58.6
2025-03-14 07:00:00,58.6
2025-03-14 08:00:00,58.6
2025-03-14 09:00:00,58.6
2025-03-14 10:00:00,58.6
2025-03-14 11:00:00,58.6
2025-03-14 12:00:00,58.6
2025-03-14 13:00:00,58.6
2025-03-14 14:00:00,58.6
2025-03-14 15:00:00,58.6
2025-03-14 16:00:00,58.6
2025-03-14 17:00:00,58.6
2025-03-14 18:00:00,64.19
2025-03-14 19:00:00,58.6
2025-03-14 20:00:00,58.6
2025-03-14 21:00:00,58.6
2025-03-14 22:00:00,58.6
2025-03-14 23:00:00,58.6
2025-03-15 00:00:00,58.6
2025-03-15 01:00:00,58.6
2025-03-15 02:00:00,58.6
2025-03-15 03:00:00,58.6
2025-03-15 04:00:00,58.6
2025-03-15 05:00:00,58.6
2025-03-15 06:00:00,58.6
2025-03-15 07:00:00,58.6
2025-03-15 08:00:00,58.6
2025-03-15 09:00:00,58.6
2025-03-15 10:00:00,58.6
2025-03-15 11:00:00,58.6
2025-03-15 12:00:00,58.6
2025-03-15 13:00:00,58.6
2025-03-15 14:00:00,58.6
2025-03-15 15:00:00,58.6
2025-03-15 16:00:00,58.6
2025-03-15 17:00:00,58.6
2025-03-15 18:00:00,58.6
2025-03-15 19:00:00,58.6
2025-03-15 20:00:00,58.6
2025-03-15 21:00:00,58.6
2025-03-15 22:00:00,58.6
2025-03-15 23:00:00,58.6
2025-03-16 00:00:00,58.6
2025-03-16 01:00:00,58.6
2025-03-16 02:00:00,58.6
2025-03-16 03:00:00,58.6
2025-03-16 04:00:00,58.6
2025-03-16 05:00:00,58.6
2025-03-16 06:00:00,58.6
2025-03-16 07:00:00,58.6
2025-03-16 08:00:00,58.6
2025-03-16 09:00:00,58.6
2025-03-16 10:00:00,58.6
2025-03-16 11:00:00,58.6
2025-03-16 12:00:00,58.6
2025-03-16 13:00:00,58.6
2025-03-16 14:00:00,58.6
2025-03-16 15:00:00,58.6
2025-03-16 16:00:00,58.6
2025-03-16 17:00:00,58.6
2025-03-16 18:00:00,58.6
2025-03-16 19:00:00,58.6
2025-03-16 20:00:00,58.6
2025-03-16 21:00:00,58.6
2025-03-16 22:00:00,58.6
2025-03-16 23:00:00,58.6
2025-03-17 00:00:00,58.6
2025-03-17 01:00:00,58.6
2025-03-17 02:00:00,58.6
2025-03-17 03:00:00,58.6
2025-03-17 04:00:00,58.6
2025-03-17 05:00:00,58.6
2025-03-17 06:00:00,58.6
2025-03-17 07:00:00,58.6
2025-03-17 08:00:00,58.6
2025-03-17 09:00:00,58.6
2025-03-17 10:00:00,58.6
2025-03-17 11:00:00,58.6
2025-03-17 12:00:00,58.6
2025-03-17 13:00:00,58.6
2025-03-17 14:00:00,58.6
2025-03-17 15:00:00,58.6
2025-03-17 16:00:00,58.6
2025-03-17 17:00:00,58.6
2025-03-17 18:00:00,58.6
2025-03-17 19:00:00,58.6
2025-03-17 20:00:00,58.6
2025-03-17 21:00:00,58.6
2025-03-17 22:00:00,58.6
2025-03-17 23:00:00,58.6
2025-03-18 00:00:00,58.6
2025-03-18 01:00:00,58.6
2025-03-18 02:00:00,58.6
2025-03-18 03:00:00,58.6
2025-03-18 04:00:00,58.6
2025-03-18 05:00:00,58.6
2025-03-18 06:00:00,58.6
2025-03-18 07:00:00,58.6
2025-03-18 08:00:00,58.6
2025-03-18 09:00:00,58.6
2025-03-18 10:00:00,58.6
2025-03-18 11:00:00,58.6
2025-03-18 12:00:00,58.6
2025-03-18 13:00:00,58.6
2025-03-18 14:00:00,58.6
2025-03-18 15:00:00,58.6
2025-03-18 16:00:00,58.6
2025-03-18 17:00:00,58.6
2025-03-18 18:00:00,58.6
2025-03-18 19:00:00,58.6
2025-03-18 20:00:00,58.6
2025-03-18 21:00:00,58.6
2025-03-18 22:00:00,58.6
2025-03-18 23:00:00,58.6
2025-03-19 00:00:00,58.6
2025-03-19 01:00:00,58.6
2025-03-19 02:00:00,58.6
2025-03-19 03:00:00,58.6
2025-03-19 04:00:00,58.6
2025-03-19 05:00:00,58.6
2025-03-19 06:00:00,58.6
2025-03-19 07:00:00,58.6
2025-03-19 08:00:00,58.6
2025-03-19 09:00:00,58.6
2025-03-19 10:00:00,58.6
2025-03-19 11:00:00,58.6
2025-03-19 12:00:00,58.6
2025-03-19 13:00:00,58.6
2025-03-19 14:00:00,58.6
2025-03-19 15:00:00,58.6
2025-03-19 16:00:00,58.6
2025-03-19 17:00:00,58.6
2025-03-19 18:00:00,67.19
2025-03-19 19:00:00,58.6
2025-03-19 20:00:00,58.6
2025-03-19 21:00:00,58.6
2025-03-19 22:00:00,58.6
2025-03-19 23:00:00,58.6
2025-03-20 00:00:00,58.6
2025-03-20 01:00:00,58.6
2025-03-20 02:00:00,58.6
2025-03-20 03:00:00,58.6
2025-03-20 04:00:00,58.6
2025-03-20 05:00:00,58.6
2025-03-20 06:00:00,58.6
2025-03-20 07:00:00,58.6
2025-03-20 08:00:00,58.6
2025-03-20 09:00:00,58.6
2025-03-20 10:00:00,58.6
2025-03-20 11:00:00,58.6
2025-03-20 12:00:00,58.6
2025-03-20 13:00:00,58.6
2025-03-20 14:00:00,58.6
2025-03-20 15:00:00,58.6
2025-03-20 16:00:00,58.6
2025-03-20 17:00:00,58.6
2025-03-20 18:00:00,58.6
2025-03-20 19:00:00,58.6
2025-03-20 20:00:00,58.6
2025-03-20 21:00:00,58.6
2025-03-20 22:00:00,58.6
2025-03-20 23:00:00,58.6
2025-03-21 00:00:00,201.29
2025-03-21 01:00:00,58.6
2025-03-21 02:00:00,58.6
2025-03-21 03:00:00,58.6
2025-03-21 04:00:00,58.6
2025-03-21 05:00:00,58.6
2025-03-21 06:00:00,58.6
2025-03-21 07:00:00,58.6
2025-03-21 08:00:00,58.6
2025-03-21 09:00:00,58.6
2025-03-21 10:00:00,58.6
2025-03-21 11:00:00,58.6
2025-03-21 12:00:00,58.6
2025-03-21 13:00:00,58.6
2025-03-21 14:00:00,58.6
2025-03-21 15:00:00,58.6
2025-03-21 16:00:00,58.6
2025-03-21 17:00:00,58.6
2025-03-21 18:00:00,58.6
2025-03-21 19:00:00,58.6
2025-03-21 20:00:00,58.6
2025-03-21 21:00:00,58.6
2025-03-21 22:00:00,58.6
2025-03-21 23:00:00,58.6
2025-03-22 00:00:00,58.6
2025-03-22 01:00:00,58.6
2025-03-22 02:00:00,58.6
2025-03-22 03:00:00,58.6
2025-03-22 04:00:00,58.6
2025-03-22 05:00:00,58.6
2025-03-22 06:00:00,58.6
2025-03-22 07:00:00,58.6
2025-03-22 08:00:00,58.6
2025-03-22 09:00:00,58.6
2025-03-22 10:00:00,58.6
2025-03-22 11:00:00,58.6
2025-03-22 12:00:00,58.6
2025-03-22 13:00:00,58.6
2025-03-22 14:00:00,58.6
2025-03-22 15:00:00,58.6
2025-03-22 16:00:00,58.6
2025-03-22 17:00:00,58.6
2025-03-22 18:00:00,58.6
2025-03-22 19:00:00,58.6
2025-03-22 20:00:00,58.6
2025-03-22 21:00:00,58.6
2025-03-22 22:00:00,58.6
2025-03-22 23:00:00,58.6
2025-03-23 00:00:00,58.6
2025-03-23 01:00:00,58.6
2025-03-23 02:00:00,58.6
2025-03-23 03:00:00,58.6
2025-03-23 04:00:00,58.6
2025-03-23 05:00:00,58.6
2025-03-23 06:00:00,58.6
2025-03-23 07:00:00,58.6
2025-03-23 08:00:00,58.6
2025-03-23 09:00:00,58.6
2025-03-23 10:00:00,58.6
2025-03-23 11:00:00,58.6
2025-03-23 12:00:00,58.6
2025-03-23 13:00:00,58.6
2025-03-23 14:00:00,58.6
2025-03-23 15:00:00,58.6
2025-03-23 16:00:00,58.6
2025-03-23 17:00:00,58.6
2025-03-23 18:00:00,58.6
2025-03-23 19:00:00,58.6
2025-03-23 20:00:00,58.6
2025-03-23 21:00:00,58.6
2025-03-23 22:00:00,58.6
2025-03-23 23:00:00,58.6
2025-03-24 00:00:00,102.5
2025-03-24 01:00:00,58.6
2025-03-24 02:00:00,58.6
2025-03-24 03:00:00,58.6
2025-03-24 04:00:00,58.6
2025-03-24 05:00:00,58.6
2025-03-24 06:00:00,58.6
2025-03-24 07:00:00,58.6
2025-03-24 08:00:00,58.6
2025-03-24 09:00:00,58.6
2025-03-24 10:00:00,58.6
2025-03-24 11:00:00,58.6
2025-03-24 12:00:00,58.6
2025-03-24 13:00:00,58.6
2025-03-24 14:00:00,58.6
2025-03-24 15:00:00,58.6
2025-03-24 16:00:00,58.6
2025-03-24 17:00:00,58.6
2025-03-24 18:00:00,58.6
2025-03-24 19:00:00,58.6
2025-03-24 20:00:00,58.6
2025-03-24 21:00:00,58.6
2025-03-24 22:00:00,58.6
2025-03-24 23:00:00,58.6
2025-03-25 00:00:00,58.6
2025-03-25 01:00:00,58.6
2025-03-25 02:00:00,58.6
2025-03-25 03:00:00,58.6
2025-03-25 04:00:00,58.6
2025-03-25 05:00:00,58.6
2025-03-25 06:00:00,58.6
2025-03-25 07:00:00,58.6
2025-03-25 08:00:00,58.6
2025-03-25 09:00:00,58.6
2025-03-25 10:00:00,58.6
2025-03-25 11:00:00,58.6
2025-03-25 12:00:00,58.6
2025-03-25 13:00:00,58.6
2025-03-25 14:00:00,58.6
2025-03-25 15:00:00,58.6
2025-03-25 16:00:00,58.6
2025-03-25 17:00:00,58.6
2025-03-25 18:00:00,58.6
2025-03-25 19:00:00,58.6
2025-03-25 20:00:00,58.6
2025-03-25 21:00:00,58.6
2025-03-25 22:00:00,58.6
2025-03-25 23:00:00,58.6
2025-03-26 00:00:00,58.6
2025-03-26 01:00:00,58.6
2025-03-26 02:00:00,58.6
2025-03-26 03:00:00,58.6
2025-03-26 04:00:00,58.6
2025-03-26 05:00:00,58.6
2025-03-26 06:00:00,58.6
2025-03-26 07:00:00,58.6
2025-03-26 08:00:00,58.6
2025-03-26 09:00:00,58.6
2025-03-26 10:00:00,58.6
2025-03-26 11:00:00,58.6
2025-03-26 12:00:00,58.6
2025-03-26 13:00:00,58.6
2025-03-26 14:00:00,58.6
2025-03-26 15:00:00,58.6
2025-03-26 16:00:00,58.6
2025-03-26 17:00:00,58.6
2025-03-26 18:00:00,58.6
2025-03-26 19:00:00,58.6
2025-03-26 20:00:00,58.6
2025-03-26 21:00:00,58.6
2025-03-26 22:00:00,58.6
2025-03-26 23:00:00,58.6
2025-03-27 00:00:00,58.6
2025-03-27 01:00:00,58.6
2025-03-27 02:00:00,58.6
2025-03-27 03:00:00,58.6
2025-03-27 04:00:00,58.6
2025-03-27 05:00:00,58.6
2025-03-27 06:00:00,58.6
2025-03-27 07:00:00,58.6
2025-03-27 08:00:00,58.6
2025-03-27 09:00:00,58.6
2025-03-27 10:00:00,58.6
2025-03-27 11:00:00,58.6
2025-03-27 12:00:00,58.6
2025-03-27 13:00:00,58.6
2025-03-27 14:00:00,58.6
2025-03-27 15:00:00,58.6
2025-03-27 16:00:00,58.6
2025-03-27 17:00:00,58.6
2025-03-27 18:00:00,58.6
2025-03-27 19:00:00,58.6
2025-03-27 20:00:00,58.6
2025-03-27 21:00:00,58.6
2025-03-27 22:00:00,58.6
2025-03-27 23:00:00,58.6
2025-03-28 00:00:00,58.6
2025-03-28 01:00:00,58.6
2025-03-28 02:00:00,58.6
2025-03-28 03:00:00,58.6
2025-03-28 04:00:00,58.6
2025-03-28 05:00:00,58.6
2025-03-28 06:00:00,58.6
2025-03-28 07:00:00,58.6
2025-03-28 08:00:00,58.6
2025-03-28 09:00:00,58.6
2025-03-28 10:00:00,58.6
2025-03-28 11:00:00,58.6
2025-03-28 12:00:00,58.6
2025-03-28 13:00:00,58.6
2025-03-28 14:00:00,58.6
2025-03-28 15:00:00,58.6
2025-03-28 16:00:00,58.6
2025-03-28 17:00:00,58.6
2025-03-28 18:00:00,58.6
2025-03-28 19:00:00,58.6
2025-03-28 20:00:00,58.6
2025-03-28 21:00:00,58.6
2025-03-28 22:00:00,58.6
2025-03-28 23:00:00,58.6
2025-03-29 00:00:00,126.63
2025-03-29 01:00:00,58.6
2025-03-29 02:00:00,58.6
2025-03-29 03:00:00,58.6
2025-03-29 04:00:00,58.6
2025-03-29 05:00:00,58.6
2025-03-29 06:00:00,58.6
2025-03-29 07:00:00,58.6
2025-03-29 08:00:00,58.6
2025-03-29 09:00:00,58.6
2025-03-29 10:00:00,58.6
2025-03-29 11:00:00,58.6
2025-03-29 12:00:00,58.6
2025-03-29 13:00:00,58.6
2025-03-29 14:00:00,58.6
2025-03-29 15:00:00,58.6
2025-03-29 16:00:00,58.6
2025-03-29 17:00:00,58.6
2025-03-29 18:00:00,58.6
2025-03-29 19:00:00,58.6
2025-03-29 20:00:00,58.6
2025-03-29 21:00:00,58.6
2025-03-29 22:00:00,58.6
2025-03-29 23:00:00,58.6
2025-03-30 00:00:00,58.6
2025-03-30 01:00:00,58.6
2025-03-30 02:00:00,58.6
2025-03-30 03:00:00,58.6
2025-03-30 04:00:00,58.6
2025-03-30 05:00:00,58.6
2025-03-30 06:00:00,58.6
2025-03-30 07:00:00,58.6
2025-03-30 08:00:00,58.6
2025-03-30 09:00:00,58.6
2025-03-30 10:00:00,58.6
2025-03-30 11:00:00,58.6
2025-03-30 12:00:00,58.6
2025-03-30 13:00:00,58.6
2025-03-30 14:00:00,58.6
2025-03-30 15:00:00,58.6
2025-03-30 16:00:00,58.6
2025-03-30 17:00:00,58.6
2025-03-30 18:00:00,58.6
2025-03-30 19:00:00,58.6
2025-03-30 20:00:00,58.6
2025-03-30 21:00:00,58.6
2025-03-30 22:00:00,58.6
2025-03-30 23:00:00,58.6
2025-03-31 00:00:00,58.6
2025-03-31 01:00:00,58.6
2025-03-31 02:00:00,58.6
2025-03-31 03:00:00,58.6
2025-03-31 04:00:00,58.6
2025-03-31 05:00:00,58.6
2025-03-31 06:00:00,58.6
2025-03-31 07:00:00,58.6
2025-03-31 08:00:00,58.6
2025-03-31 09:00:00,58.6
2025-03-31 10:00:00,58.6
2025-03-31 11:00:00,58.6
2025-03-31 12:00:00,58.6
2025-03-31 13:00:00,58.6
2025-03-31 14:00:00,58.6
2025-03-31 15:00:00,58.6
2025-03-31 16:00:00,58.6
2025-03-31 17:00:00,58.6
2025-03-31 18:00:00,58.6
2025-03-31 19:00:00,58.6
2025-03-31 20:00:00,58.6
2025-03-31 21:00:00,58.6
2025-03-31 22:00:00,58.6
2025-03-31 23:00:00,58.6
2025-04-01 00:00:00,58.6
2025-04-01 01:00:00,58.6
2025-04-01 02:00:00,58.6
2025-04-01 03:00:00,58.6
2025-04-01 04:00:00,58.6
2025-04-01 05:00:00,58.6
2025-04-01 06:00:00,58.6
2025-04-01 07:00:00,58.6
2025-04-01 08:00:00,58.6
2025-04-01 09:00:00,58.6
2025-04-01 10:00:00,58.6
2025-04-01 11:00:00,58.6
2025-04-01 12:00:00,58.6
2025-04-01 13:00:00,58.6
2025-04-01 14:00:00,58.6
2025-04-01 15:00:00,58.6
2025-04-01 16:00:00,58.6
2025-04-01 17:00:00,58.6
2025-04-01 18:00:00,58.6
2025-04-01 19:00:00,58.6
2025-04-01 20:00:00,58.6
2025-04-01 21:00:00,58.6
2025-04-01 22:00:00,58.6
2025-04-01 23:00:00,58.6
2025-04-02 00:00:00,58.6
2025-04-02 01:00:00,58.6
2025-04-02 02:00:00,58.6
2025-04-02 03:00:00,58.6
2025-04-02 04:00:00,58.6
2025-04-02 05:00:00,58.6
2025-04-02 06:00:00,58.6
2025-04-02 07:00:00,58.6
2025-04-02 08:00:00,58.6
2025-04-02 09:00:00,58.6
2025-04-02 10:00:00,58.6
2025-04-02 11:00:00,58.6
2025-04-02 12:00:00,58.6
2025-04-02 13:00:00,58.6
2025-04-02 14:00:00,58.6
2025-04-02 15:00:00,58.6
2025-04-02 16:00:00,58.6
2025-04-02 17:00:00,58.6
2025-04-02 18:00:00,58.6
2025-04-02 19:00:00,58.6
2025-04-02 20:00:00,58.6
2025-04-02 21:00:00,58.6
2025-04-02 22:00:00,58.6
2025-04-02 23:00:00,58.6
2025-04-03 00:00:00,58.6
2025-04-03 01:00:00,58.6
2025-04-03 02:00:00,58.6
2025-04-03 03:00:00,58.6
2025-04-03 04:00:00,58.6
2025-04-03 05:00:00,58.6
2025-04-03 06:00:00,58.6
2025-04-03 07:00:00,58.6
2025-04-03 08:00:00,58.6
2025-04-03 09:00:00,58.6
2025-04-03 10:00:00,58.6
2025-04-03 11:00:00,58.6
2025-04-03 12:00:00,58.6
2025-04-03 13:00:00,58.6
2025-04-03 14:00:00,58.6
2025-04-03 15:00:00,58.6
2025-04-03 16:00:00,58.6
2025-04-03 17:00:00,58.6
2025-04-03 18:00:00,58.6
2025-04-03 19:00:00,58.6
2025-04-03 20:00:00,58.6
2025-04-03 21:00:00,58.6
2025-04-03 22:00:00,58.6
2025-04-03 23:00:00,58.6
2025-04-04 00:00:00,58.6
2025-04-04 01:00:00,58.6
2025-04-04 02:00:00,58.6
2025-04-04 03:00:00,58.6
2025-04-04 04:00:00,58.6
2025-04-04 05:00:00,58.6
2025-04-04 06:00:00,58.6
2025-04-04 07:00:00,58.6
2025-04-04 08:00:00,58.6
2025-04-04 09:00:00,58.6
2025-04-04 10:00:00,58.6
2025-04-04 11:00:00,58.6
2025-04-04 12:00:00,58.6
2025-04-04 13:00:00,58.6
2025-04-04 14:00:00,58.6
2025-04-04 15:00:00,58.6
2025-04-04 16:00:00,58.6
2025-04-04 17:00:00,58.6
2025-04-04 18:00:00,58.6
2025-04-04 19:00:00,58.6
2025-04-04 20:00:00,58.6
2025-04-04 21:00:00,58.6
2025-04-04 22:00:00,58.6
2025-04-04 23:00:00,58.6
2025-04-05 00:00:00,58.6
2025-04-05 01:00:00,58.6
2025-04-05 02:00:00,58.6
2025-04-05 03:00:00,58.6
2025-04-05 04:00:00,58.6
2025-04-05 05:00:00,58.6
2025-04-05 06:00:00,58.6
2025-04-05 07:00:00,58.6
2025-04-05 08:00:00,58.6
2025-04-05 09:00:00,58.6
2025-04-05 10:00:00,58.6
2025-04-05 11:00:00,58.6
2025-04-05 12:00:00,58.6
2025-04-05 13:00:00,58.6
2025-04-05 14:00:00,58.6
2025-04-05 15:00:00,58.6
2025-04-05 16:00:00,58.6
2025-04-05 17:00:00,58.6
2025-04-05 18:00:00,58.6
2025-04-05 19:00:00,58.6
2025-04-05 20:00:00,58.6
2025-04-05 21:00:00,58.6
2025-04-05 22:00:00,58.6
2025-04-05 23:00:00,58.6
2025-04-06 00:00:00,58.6
2025-04-06 01:00:00,58.6
2025-04-06 02:00:00,58.6
2025-04-06 03:00:00,58.6
2025-04-06 04:00:00,58.6
2025-04-06 05:00:00,58.6
2025-04-06 06:00:00,58.6
2025-04-06 07:00:00,58.6
2025-04-06 08:00:00,58.6
2025-04-06 09:00:00,58.6
2025-04-06 10:00:00,58.6
2025-04-06 11:00:00,58.6
2025-04-06 12:00:00,58.6
2025-04-06 13:00:00,58.6
2025-04-06 14:00:00,58.6
2025-04-06 15:00:00,58.6
2025-04-06 16:00:00,58.6
2025-04-06 17:00:00,58.6
2025-04-06 18:00:00,58.6
2025-04-06 19:00:00,58.6
2025-04-06 20:00:00,58.6
2025-04-06 21:00:00,58.6
2025-04-06 22:00:00,58.6
2025-04-06 23:00:00,58.6
2025-04-07 00:00:00,58.6
2025-04-07 01:00:00,58.6
2025-04-07 02:00:00,58.6
2025-04-07 03:00:00,58.6
2025-04-07 04:00:00,58.6
2025-04-07 05:00:00,58.6
2025-04-07 06:00:00,58.6
2025-04-07 07:00:00,58.6
2025-04-07 08:00:00,58.6
2025-04-07 09:00:00,58.6
2025-04-07 10:00:00,58.6
2025-04-07 11:00:00,58.6
2025-04-07 12:00:00,58.6
2025-04-07 13:00:00,58.6
2025-04-07 14:00:00,58.6
2025-04-07 15:00:00,58.6
2025-04-07 16:00:00,58.6
2025-04-07 17:00:00,58.6
2025-04-07 18:00:00,58.6
2025-04-07 19:00:00,58.6
2025-04-07 20:00:00,58.6
2025-04-07 21:00:00,58.6
2025-04-07 22:00:00,58.6
2025-04-07 23:00:00,58.6
2025-04-08 00:00:00,58.6
2025-04-08 01:00:00,58.6
2025-04-08 02:00:00,58.6
2025-04-08 03:00:00,58.6
2025-04-08 04:00:00,58.6
2025-04-08 05:00:00,58.6
2025-04-08 06:00:00,58.6
2025-04-08 07:00:00,58.6
2025-04-08 08:00:00,58.6
2025-04-08 09:00:00,58.6
2025-04-08 10:00:00,58.6
2025-04-08 11:00:00,58.6
2025-04-08 12:00:00,58.6
2025-04-08 13:00:00,58.6
2025-04-08 14:00:00,58.6
2025-04-08 15:00:00,58.6
2025-04-08 16:00:00,58.6
2025-04-08 17:00:00,58.6
2025-04-08 18:00:00,58.6
2025-04-08 19:00:00,58.6
2025-04-08 20:00:00,58.6
2025-04-08 21:00:00,58.6
2025-04-08 22:00:00,58.6
2025-04-08 23:00:00,58.6
2025-04-09 00:00:00,58.6
2025-04-09 01:00:00,58.6
2025-04-09 02:00:00,58.6
2025-04-09 03:00:00,58.6
2025-04-09 04:00:00,58.6
2025-04-09 05:00:00,58.6
2025-04-09 06:00:00,58.6
2025-04-09 07:00:00,58.6
2025-04-09 08:00:00,58.6
2025-04-09 09:00:00,58.6
2025-04-09 10:00:00,58.6
2025-04-09 11:00:00,58.6
2025-04-09 12:00:00,58.6
2025-04-09 13:00:00,58.6
2025-04-09 14:00:00,58.6
2025-04-09 15:00:00,58.6
2025-04-09 16:00:00,58.6
2025-04-09 17:00:00,58.6
2025-04-09 18:00:00,58.6
2025-04-09 19:00:00,58.6
2025-04-09 20:00:00,58.6
2025-04-09 21:00:00,58.6
2025-04-09 22:00:00,58.6
2025-04-09 23:00:00,58.6
2025-04-10 00:00:00,203.21
2025-04-10 01:00:00,182.29
2025-04-10 02:00:00,190.66
2025-04-10 03:00:00,207.01
2025-04-10 04:00:00,236.41
2025-04-10 05:00:00,256.47
2025-04-10 06:00:00,229.96
2025-04-10 07:00:00,191.36
2025-04-10 08:00:00,94.03
2025-04-10 09:00:00,114.07
2025-04-10 10:00:00,133.85
2025-04-10 11:00:00,95.72
2025-04-10 12:00:00,58.6
2025-04-10 13:00:00,94.26
2025-04-10 14:00:00,187.92
2025-04-10 15:00:00,263.28
2025-04-10 16:00:00,267.31
2025-04-10 17:00:00,268.85
2025-04-10 18:00:00,273.11
2025-04-10 19:00:00,269.27
2025-04-10 20:00:00,247.35
2025-04-10 21:00:00,261.14
2025-04-10 22:00:00,260.88
2025-04-10 23:00:00,262.82
2025-04-11 00:00:00,265.31
2025-04-11 01:00:00,262.61
2025-04-11 02:00:00,261.45
2025-04-11 03:00:00,259.5
2025-04-11 04:00:00,260.38
2025-04-11 05:00:00,262.5
2025-04-11 06:00:00,262.92
2025-04-11 07:00:00,260.97
2025-04-11 08:00:00,253.71
2025-04-11 09:00:00,238.3
2025-04-11 10:00:00,239.23
2025-04-11 11:00:00,224.07
2025-04-11 12:00:00,207.74
2025-04-11 13:00:00,241.08
2025-04-11 14:00:00,256.76
2025-04-11 15:00:00,264.0
2025-04-11 16:00:00,266.85
2025-04-11 17:00:00,271.59
2025-04-11 18:00:00,274.27
2025-04-11 19:00:00,272.63
2025-04-11 20:00:00,268.87
2025-04-11 21:00:00,268.18
2025-04-11 22:00:00,266.04
2025-04-11 23:00:00,263.96
2025-04-12 00:00:00,222.04
2025-04-12 01:00:00,220.05
2025-04-12 02:00:00,218.16
2025-04-12 03:00:00,215.1
2025-04-12 04:00:00,215.07
2025-04-12 05:00:00,217.24
2025-04-12 06:00:00,213.26
2025-04-12 07:00:00,139.12
2025-04-12 08:00:00,58.6
2025-04-12 09:00:00,58.6
2025-04-12 10:00:00,58.6
2025-04-12 11:00:00,58.6
2025-04-12 12:00:00,58.6
2025-04-12 13:00:00,58.6
2025-04-12 14:00:00,58.6
2025-04-12 15:00:00,142.96
2025-04-12 16:00:00,212.68
2025-04-12 17:00:00,222.51
2025-04-12 18:00:00,227.71
2025-04-12 19:00:00,225.15
2025-04-12 20:00:00,128.05
2025-04-12 21:00:00,100.89
2025-04-12 22:00:00,108.56
2025-04-12 23:00:00,101.88
2025-04-13 00:00:00,215.97
2025-04-13 01:00:00,212.83
2025-04-13 02:00:00,201.92
2025-04-13 03:00:00,58.6
2025-04-13 04:00:00,58.6
2025-04-13 05:00:00,58.6
2025-04-13 06:00:00,58.6
2025-04-13 07:00:00,58.6
2025-04-13 08:00:00,58.6
2025-04-13 09:00:00,58.6
2025-04-13 10:00:00,58.6
2025-04-13 11:00:00,58.6
2025-04-13 12:00:00,58.6
2025-04-13 13:00:00,58.6
2025-04-13 14:00:00,58.6
2025-04-13 15:00:00,58.6
2025-04-13 16:00:00,58.6
2025-04-13 17:00:00,58.6
2025-04-13 18:00:00,58.6
2025-04-13 19:00:00,58.6
2025-04-13 20:00:00,58.6
2025-04-13 21:00:00,58.6
2025-04-13 22:00:00,58.6
2025-04-13 23:00:00,58.6
2025-04-14 00:00:00,164.63
2025-04-14 01:00:00,111.36
2025-04-14 02:00:00,117.12
2025-04-14 03:00:00,100.61
2025-04-14 04:00:00,125.83
2025-04-14 05:00:00,134.6
2025-04-14 06:00:00,107.48
2025-04-14 07:00:00,90.04
2025-04-14 08:00:00,86.51
2025-04-14 09:00:00,87.5
2025-04-14 10:00:00,91.57
2025-04-14 11:00:00,91.58
2025-04-14 12:00:00,58.6
2025-04-14 13:00:00,80.64
2025-04-14 14:00:00,98.64
2025-04-14 15:00:00,121.29
2025-04-14 16:00:00,118.79
2025-04-14 17:00:00,185.53
2025-04-14 18:00:00,158.12
2025-04-14 19:00:00,110.0
2025-04-14 20:00:00,107.03
2025-04-14 21:00:00,110.79
2025-04-14 22:00:00,109.43
2025-04-14 23:00:00,109.08
2025-04-15 00:00:00,218.93
2025-04-15 01:00:00,216.43
2025-04-15 02:00:00,214.56
2025-04-15 03:00:00,209.56
2025-04-15 04:00:00,210.72
2025-04-15 05:00:00,215.6
2025-04-15 06:00:00,201.59
2025-04-15 07:00:00,177.24
2025-04-15 08:00:00,171.83
2025-04-15 09:00:00,171.83
2025-04-15 10:00:00,171.2
2025-04-15 11:00:00,174.01
2025-04-15 12:00:00,128.15
2025-04-15 13:00:00,101.63
2025-04-15 14:00:00,149.52
2025-04-15 15:00:00,204.92
2025-04-15 16:00:00,223.72
2025-04-15 17:00:00,227.75
2025-04-15 18:00:00,231.71
2025-04-15 19:00:00,202.44
2025-04-15 20:00:00,176.72
2025-04-15 21:00:00,189.35
2025-04-15 22:00:00,183.03
2025-04-15 23:00:00,157.23
2025-04-16 00:00:00,215.62
2025-04-16 01:00:00,178.94
2025-04-16 02:00:00,145.81
2025-04-16 03:00:00,74.42
2025-04-16 04:00:00,102.86
2025-04-16 05:00:00,159.85
2025-04-16 06:00:00,103.42
2025-04-16 07:00:00,58.6
2025-04-16 08:00:00,58.6
2025-04-16 09:00:00,58.6
2025-04-16 10:00:00,58.6
2025-04-16 11:00:00,58.6
2025-04-16 12:00:00,58.6
2025-04-16 13:00:00,58.6
2025-04-16 14:00:00,58.6
2025-04-16 15:00:00,99.35
2025-04-16 16:00:00,116.04
2025-04-16 17:00:00,222.43
2025-04-16 18:00:00,224.65
2025-04-16 19:00:00,113.27
2025-04-16 20:00:00,74.42
2025-04-16 21:00:00,87.92
2025-04-16 22:00:00,87.45
2025-04-16 23:00:00,58.6
2025-04-17 00:00:00,58.6
2025-04-17 01:00:00,58.6
2025-04-17 02:00:00,58.6
2025-04-17 03:00:00,58.6
2025-04-17 04:00:00,58.6
2025-04-17 05:00:00,58.6
2025-04-17 06:00:00,58.6
2025-04-17 07:00:00,58.6
2025-04-17 08:00:00,58.6
2025-04-17 09:00:00,58.6
2025-04-17 10:00:00,58.6
2025-04-17 11:00:00,58.6
2025-04-17 12:00:00,58.6
2025-04-17 13:00:00,58.6
2025-04-17 14:00:00,58.6
2025-04-17 15:00:00,58.6
2025-04-17 16:00:00,58.6
2025-04-17 17:00:00,58.6
2025-04-17 18:00:00,58.6
2025-04-17 19:00:00,58.6
2025-04-17 20:00:00,58.6
2025-04-17 21:00:00,58.6
2025-04-17 22:00:00,58.6
2025-04-17 23:00:00,58.6
2025-04-18 00:00:00,58.6
2025-04-18 01:00:00,58.6
2025-04-18 02:00:00,58.6
2025-04-18 03:00:00,58.6
2025-04-18 04:00:00,58.6
2025-04-18 05:00:00,58.6
2025-04-18 06:00:00,58.6
2025-04-18 07:00:00,58.6
2025-04-18 08:00:00,58.6
2025-04-18 09:00:00,58.6
2025-04-18 10:00:00,58.6
2025-04-18 11:00:00,58.6
2025-04-18 12:00:00,58.6
2025-04-18 13:00:00,58.6
2025-04-18 14:00:00,58.6
2025-04-18 15:00:00,58.6
2025-04-18 16:00:00,58.6
2025-04-18 17:00:00,58.6
2025-04-18 18:00:00,58.6
2025-04-18 19:00:00,58.6
2025-04-18 20:00:00,58.6
2025-04-18 21:00:00,58.6
2025-04-18 22:00:00,58.6
2025-04-18 23:00:00,58.6
2025-04-19 00:00:00,65.41
2025-04-19 01:00:00,58.6
2025-04-19 02:00:00,58.6
2025-04-19 03:00:00,65.11
2025-04-19 04:00:00,92.92
2025-04-19 05:00:00,99.76
2025-04-19 06:00:00,67.74
2025-04-19 07:00:00,58.6
2025-04-19 08:00:00,58.6
2025-04-19 09:00:00,58.6
2025-04-19 10:00:00,58.6
2025-04-19 11:00:00,58.6
2025-04-19 12:00:00,58.6
2025-04-19 13:00:00,58.6
2025-04-19 14:00:00,58.6
2025-04-19 15:00:00,58.6
2025-04-19 16:00:00,58.6
2025-04-19 17:00:00,139.91
2025-04-19 18:00:00,173.64
2025-04-19 19:00:00,80.14
2025-04-19 20:00:00,58.6
2025-04-19 21:00:00,112.22
2025-04-19 22:00:00,121.27
2025-04-19 23:00:00,159.04
2025-04-20 00:00:00,179.36
2025-04-20 01:00:00,175.86
2025-04-20 02:00:00,172.0
2025-04-20 03:00:00,122.86
2025-04-20 04:00:00,156.68
2025-04-20 05:00:00,170.03
2025-04-20 06:00:00,91.86
2025-04-20 07:00:00,58.6
2025-04-20 08:00:00,58.6
2025-04-20 09:00:00,58.6
2025-04-20 10:00:00,58.6
2025-04-20 11:00:00,58.6
2025-04-20 12:00:00,58.6
2025-04-20 13:00:00,58.6
2025-04-20 14:00:00,58.6
2025-04-20 15:00:00,58.6
2025-04-20 16:00:00,59.73
2025-04-20 17:00:00,181.2
2025-04-20 18:00:00,186.23
2025-04-20 19:00:00,184.49
2025-04-20 20:00:00,183.45
2025-04-20 21:00:00,183.09
2025-04-20 22:00:00,182.74
2025-04-20 23:00:00,181.68
2025-04-21 00:00:00,181.18
2025-04-21 01:00:00,179.22
2025-04-21 02:00:00,176.38
2025-04-21 03:00:00,171.83
2025-04-21 04:00:00,175.6
2025-04-21 05:00:00,176.25
2025-04-21 06:00:00,133.94
2025-04-21 07:00:00,58.6
2025-04-21 08:00:00,58.6
2025-04-21 09:00:00,58.6
2025-04-21 10:00:00,58.6
2025-04-21 11:00:00,58.6
2025-04-21 12:00:00,58.6
2025-04-21 13:00:00,58.6
2025-04-21 14:00:00,58.6
2025-04-21 15:00:00,58.6
2025-04-21 16:00:00,126.08
2025-04-21 17:00:00,182.38
2025-04-21 18:00:00,188.3
2025-04-21 19:00:00,185.06
2025-04-21 20:00:00,181.57
2025-04-21 21:00:00,179.32
2025-04-21 22:00:00,148.17
2025-04-21 23:00:00,85.32
2025-04-22 00:00:00,179.95
2025-04-22 01:00:00,174.13
2025-04-22 02:00:00,151.23
2025-04-22 03:00:00,58.6
2025-04-22 04:00:00,58.6
2025-04-22 05:00:00,122.81
2025-04-22 06:00:00,58.6
2025-04-22 07:00:00,58.6
2025-04-22 08:00:00,58.6
2025-04-22 09:00:00,58.6
2025-04-22 10:00:00,58.6
2025-04-22 11:00:00,58.6
2025-04-22 12:00:00,58.6
2025-04-22 13:00:00,58.6
2025-04-22 14:00:00,58.6
2025-04-22 15:00:00,58.6
2025-04-22 16:00:00,84.97
2025-04-22 17:00:00,181.91
2025-04-22 18:00:00,117.4
2025-04-22 19:00:00,58.6
2025-04-22 20:00:00,58.6
2025-04-22 21:00:00,58.6
2025-04-22 22:00:00,58.6
2025-04-22 23:00:00,58.6
2025-04-23 00:00:00,58.6
2025-04-23 01:00:00,58.6
2025-04-23 02:00:00,58.6
2025-04-23 03:00:00,58.6
2025-04-23 04:00:00,58.6
2025-04-23 05:00:00,58.6
2025-04-23 06:00:00,58.6
2025-04-23 07:00:00,58.6
2025-04-23 08:00:00,58.6
2025-04-23 09:00:00,58.6
2025-04-23 10:00:00,58.6
2025-04-23 11:00:00,58.6
2025-04-23 12:00:00,58.6
2025-04-23 13:00:00,58.6
2025-04-23 14:00:00,58.6
2025-04-23 15:00:00,58.6
2025-04-23 16:00:00,58.6
2025-04-23 17:00:00,58.6
2025-04-23 18:00:00,58.6
2025-04-23 19:00:00,58.6
2025-04-23 20:00:00,58.6
2025-04-23 21:00:00,58.6
2025-04-23 22:00:00,58.6
2025-04-23 23:00:00,58.6
2025-04-24 00:00:00,58.6
2025-04-24 01:00:00,58.6
2025-04-24 02:00:00,58.6
2025-04-24 03:00:00,58.6
2025-04-24 04:00:00,58.6
2025-04-24 05:00:00,58.6
2025-04-24 06:00:00,58.6
2025-04-24 07:00:00,58.6
2025-04-24 08:00:00,58.6
2025-04-24 09:00:00,58.6
2025-04-24 10:00:00,58.6
2025-04-24 11:00:00,58.6
2025-04-24 12:00:00,58.6
2025-04-24 13:00:00,58.6
2025-04-24 14:00:00,58.6
2025-04-24 15:00:00,58.6
2025-04-24 16:00:00,58.6
2025-04-24 17:00:00,58.6
2025-04-24 18:00:00,58.6
2025-04-24 19:00:00,58.6
2025-04-24 20:00:00,58.6
2025-04-24 21:00:00,58.6
2025-04-24 22:00:00,58.6
2025-04-24 23:00:00,58.6
2025-04-25 00:00:00,58.6
2025-04-25 01:00:00,58.6
2025-04-25 02:00:00,58.6
2025-04-25 03:00:00,58.6
2025-04-25 04:00:00,58.6
2025-04-25 05:00:00,58.6
2025-04-25 06:00:00,58.6
2025-04-25 07:00:00,58.6
2025-04-25 08:00:00,58.6
2025-04-25 09:00:00,58.6
2025-04-25 10:00:00,58.6
2025-04-25 11:00:00,58.6
2025-04-25 12:00:00,58.6
2025-04-25 13:00:00,58.6
2025-04-25 14:00:00,58.6
2025-04-25 15:00:00,58.6
2025-04-25 16:00:00,58.6
2025-04-25 17:00:00,58.6
2025-04-25 18:00:00,58.6
2025-04-25 19:00:00,58.6
2025-04-25 20:00:00,58.6
2025-04-25 21:00:00,58.6
2025-04-25 22:00:00,58.6
2025-04-25 23:00:00,58.6
2025-04-26 00:00:00,271.64
2025-04-26 01:00:00,261.66
2025-04-26 02:00:00,233.39
2025-04-26 03:00:00,187.91
2025-04-26 04:00:00,203.24
2025-04-26 05:00:00,203.9
2025-04-26 06:00:00,104.8
2025-04-26 07:00:00,58.6
2025-04-26 08:00:00,58.6
2025-04-26 09:00:00,58.6
2025-04-26 10:00:00,58.6
2025-04-26 11:00:00,58.6
2025-04-26 12:00:00,58.6
2025-04-26 13:00:00,58.6
2025-04-26 14:00:00,58.6
2025-04-26 15:00:00,58.6
2025-04-26 16:00:00,93.43
2025-04-26 17:00:00,228.89
2025-04-26 18:00:00,209.66
2025-04-26 19:00:00,77.5
2025-04-26 20:00:00,58.6
2025-04-26 21:00:00,70.27
2025-04-26 22:00:00,61.15
2025-04-26 23:00:00,70.28
2025-04-27 00:00:00,100.36
2025-04-27 01:00:00,69.82
2025-04-27 02:00:00,58.6
2025-04-27 03:00:00,82.03
2025-04-27 04:00:00,98.98
2025-04-27 05:00:00,116.31
2025-04-27 06:00:00,62.4
2025-04-27 07:00:00,58.6
2025-04-27 08:00:00,58.6
2025-04-27 09:00:00,58.6
2025-04-27 10:00:00,58.6
2025-04-27 11:00:00,58.6
2025-04-27 12:00:00,58.6
2025-04-27 13:00:00,58.6
2025-04-27 14:00:00,58.6
2025-04-27 15:00:00,58.6
2025-04-27 16:00:00,97.26
2025-04-27 17:00:00,169.61
2025-04-27 18:00:00,152.29
2025-04-27 19:00:00,104.89
2025-04-27 20:00:00,58.6
2025-04-27 21:00:00,61.09
2025-04-27 22:00:00,80.42
2025-04-27 23:00:00,80.63
2025-04-28 00:00:00,270.93
2025-04-28 01:00:00,266.39
2025-04-28 02:00:00,266.38
2025-04-28 03:00:00,262.06
2025-04-28 04:00:00,267.04
2025-04-28 05:00:00,274.67
2025-04-28 06:00:00,279.52
2025-04-28 07:00:00,259.55
2025-04-28 08:00:00,253.52
2025-04-28 09:00:00,251.44
2025-04-28 10:00:00,259.73
2025-04-28 11:00:00,232.17
2025-04-28 12:00:00,210.97
2025-04-28 13:00:00,230.13
2025-04-28 14:00:00,272.42
2025-04-28 15:00:00,282.69
2025-04-28 16:00:00,290.01
2025-04-28 17:00:00,294.39
2025-04-28 18:00:00,295.43
2025-04-28 19:00:00,292.0
2025-04-28 20:00:00,276.14
2025-04-28 21:00:00,291.32
2025-04-28 22:00:00,287.83
2025-04-28 23:00:00,283.86
2025-04-29 00:00:00,277.44
2025-04-29 01:00:00,272.33
2025-04-29 02:00:00,270.28
2025-04-29 03:00:00,265.79
2025-04-29 04:00:00,268.41
2025-04-29 05:00:00,275.55
2025-04-29 06:00:00,266.17
2025-04-29 07:00:00,214.79
2025-04-29 08:00:00,204.72
2025-04-29 09:00:00,205.13
2025-04-29 10:00:00,217.6
2025-04-29 11:00:00,219.66
2025-04-29 12:00:00,123.37
2025-04-29 13:00:00,168.11
2025-04-29 14:00:00,230.17
2025-04-29 15:00:00,274.83
2025-04-29 16:00:00,288.91
2025-04-29 17:00:00,293.36
2025-04-29 18:00:00,297.86
2025-04-29 19:00:00,271.68
2025-04-29 20:00:00,236.65
2025-04-29 21:00:00,267.0
2025-04-29 22:00:00,248.52
2025-04-29 23:00:00,244.04
2025-04-30 00:00:00,279.66
2025-04-30 01:00:00,272.38
2025-04-30 02:00:00,270.64
2025-04-30 03:00:00,263.21
2025-04-30 04:00:00,265.52
2025-04-30 05:00:00,272.04
2025-04-30 06:00:00,234.46
2025-04-30 07:00:00,134.35
2025-04-30 08:00:00,127.22
2025-04-30 09:00:00,131.33
2025-04-30 10:00:00,151.44
2025-04-30 11:00:00,151.31
2025-04-30 12:00:00,58.6
2025-04-30 13:00:00,58.6
2025-04-30 14:00:00,123.04
2025-04-30 15:00:00,223.18
2025-04-30 16:00:00,249.0
2025-04-30 17:00:00,273.8
2025-04-30 18:00:00,243.94
2025-04-30 19:00:00,203.94
2025-04-30 20:00:00,154.54
2025-04-30 21:00:00,103.58
2025-04-30 22:00:00,58.6
2025-04-30 23:00:00,58.6
2025-05-01 00:00:00,58.6
2025-05-01 01:00:00,58.6
2025-05-01 02:00:00,58.6
2025-05-01 03:00:00,58.6
2025-05-01 04:00:00,58.6
2025-05-01 05:00:00,58.6
2025-05-01 06:00:00,58.6
2025-05-01 07:00:00,58.6
2025-05-01 08:00:00,58.6
2025-05-01 09:00:00,58.6
2025-05-01 10:00:00,58.6
2025-05-01 11:00:00,58.6
2025-05-01 12:00:00,58.6
2025-05-01 13:00:00,58.6
2025-05-01 14:00:00,58.6
2025-05-01 15:00:00,58.6
2025-05-01 16:00:00,58.6
2025-05-01 17:00:00,58.6
2025-05-01 18:00:00,58.6
2025-05-01 19:00:00,58.6
2025-05-01 20:00:00,58.6
2025-05-01 21:00:00,58.6
2025-05-01 22:00:00,58.6
2025-05-01 23:00:00,58.6
2025-05-02 00:00:00,58.6
2025-05-02 01:00:00,58.6
2025-05-02 02:00:00,58.6
2025-05-02 03:00:00,58.6
2025-05-02 04:00:00,58.6
2025-05-02 05:00:00,58.6
2025-05-02 06:00:00,58.6
2025-05-02 07:00:00,58.6
2025-05-02 08:00:00,58.6
2025-05-02 09:00:00,58.6
2025-05-02 10:00:00,58.6
2025-05-02 11:00:00,58.6
2025-05-02 12:00:00,58.6
2025-05-02 13:00:00,58.6
2025-05-02 14:00:00,58.6
2025-05-02 15:00:00,58.6
2025-05-02 16:00:00,58.6
2025-05-02 17:00:00,58.6
2025-05-02 18:00:00,58.6
2025-05-02 19:00:00,58.6
2025-05-02 20:00:00,58.6
2025-05-02 21:00:00,58.6
2025-05-02 22:00:00,58.6
2025-05-02 23:00:00,58.6
2025-05-03 00:00:00,58.6
2025-05-03 01:00:00,58.6
2025-05-03 02:00:00,58.6
2025-05-03 03:00:00,58.6
2025-05-03 04:00:00,58.6
2025-05-03 05:00:00,58.6
2025-05-03 06:00:00,58.6
2025-05-03 07:00:00,58.6
2025-05-03 08:00:00,58.6
2025-05-03 09:00:00,58.6
2025-05-03 10:00:00,58.6
2025-05-03 11:00:00,58.6
2025-05-03 12:00:00,58.6
2025-05-03 13:00:00,58.6
2025-05-03 14:00:00,58.6
2025-05-03 15:00:00,58.6
2025-05-03 16:00:00,58.6
2025-05-03 17:00:00,58.6
2025-05-03 18:00:00,58.6
2025-05-03 19:00:00,58.6
2025-05-03 20:00:00,58.6
2025-05-03 21:00:00,58.6
2025-05-03 22:00:00,58.6
2025-05-03 23:00:00,58.6
2025-05-04 00:00:00,58.6
2025-05-04 01:00:00,58.6
2025-05-04 02:00:00,58.6
2025-05-04 03:00:00,58.6
2025-05-04 04:00:00,58.6
2025-05-04 05:00:00,58.6
2025-05-04 06:00:00,58.6
2025-05-04 07:00:00,58.6
2025-05-04 08:00:00,58.6
2025-05-04 09:00:00,58.6
2025-05-04 10:00:00,58.6
2025-05-04 11:00:00,58.6
2025-05-04 12:00:00,58.6
2025-05-04 13:00:00,58.6
2025-05-04 14:00:00,58.6
2025-05-04 15:00:00,58.6
2025-05-04 16:00:00,58.6
2025-05-04 17:00:00,58.6
2025-05-04 18:00:00,58.6
2025-05-04 19:00:00,58.6
2025-05-04 20:00:00,58.6
2025-05-04 21:00:00,58.6
2025-05-04 22:00:00,58.6
2025-05-04 23:00:00,58.6
2025-05-05 00:00:00,58.6
2025-05-05 01:00:00,58.6
2025-05-05 02:00:00,58.6
2025-05-05 03:00:00,58.6
2025-05-05 04:00:00,58.6
2025-05-05 05:00:00,58.6
2025-05-05 06:00:00,58.6
2025-05-05 07:00:00,58.6
2025-05-05 08:00:00,58.6
2025-05-05 09:00:00,58.6
2025-05-05 10:00:00,58.6
2025-05-05 11:00:00,58.6
2025-05-05 12:00:00,58.6
2025-05-05 13:00:00,58.6
2025-05-05 14:00:00,58.6
2025-05-05 15:00:00,58.6
2025-05-05 16:00:00,58.6
2025-05-05 17:00:00,58.6
2025-05-05 18:00:00,58.6
2025-05-05 19:00:00,58.6
2025-05-05 20:00:00,58.6
2025-05-05 21:00:00,58.6
2025-05-05 22:00:00,58.6
2025-05-05 23:00:00,58.6
2025-05-06 00:00:00,58.6
2025-05-06 01:00:00,58.6
2025-05-06 02:00:00,58.6
2025-05-06 03:00:00,58.6
2025-05-06 04:00:00,58.6
2025-05-06 05:00:00,58.6
2025-05-06 06:00:00,58.6
2025-05-06 07:00:00,58.6
2025-05-06 08:00:00,58.6
2025-05-06 09:00:00,58.6
2025-05-06 10:00:00,58.6
2025-05-06 11:00:00,58.6
2025-05-06 12:00:00,58.6
2025-05-06 13:00:00,58.6
2025-05-06 14:00:00,58.6
2025-05-06 15:00:00,58.6
2025-05-06 16:00:00,58.6
2025-05-06 17:00:00,58.6
2025-05-06 18:00:00,58.6
2025-05-06 19:00:00,58.6
2025-05-06 20:00:00,58.6
2025-05-06 21:00:00,58.6
2025-05-06 22:00:00,58.6
2025-05-06 23:00:00,58.6
2025-05-07 00:00:00,58.6
2025-05-07 01:00:00,58.6
2025-05-07 02:00:00,58.6
2025-05-07 03:00:00,58.6
2025-05-07 04:00:00,58.6
2025-05-07 05:00:00,58.6
2025-05-07 06:00:00,58.6
2025-05-07 07:00:00,58.6
2025-05-07 08:00:00,58.6
2025-05-07 09:00:00,58.6
2025-05-07 10:00:00,58.6
2025-05-07 11:00:00,58.6
2025-05-07 12:00:00,58.6
2025-05-07 13:00:00,58.6
2025-05-07 14:00:00,58.6
2025-05-07 15:00:00,58.6
2025-05-07 16:00:00,58.6
2025-05-07 17:00:00,58.6
2025-05-07 18:00:00,58.6
2025-05-07 19:00:00,58.6
2025-05-07 20:00:00,58.6
2025-05-07 21:00:00,58.6
2025-05-07 22:00:00,58.6
2025-05-07 23:00:00,58.6
2025-05-08 00:00:00,58.6
2025-05-08 01:00:00,58.6
2025-05-08 02:00:00,58.6
2025-05-08 03:00:00,58.6
2025-05-08 04:00:00,58.6
2025-05-08 05:00:00,58.6
2025-05-08 06:00:00,58.6
2025-05-08 07:00:00,58.6
2025-05-08 08:00:00,58.6
2025-05-08 09:00:00,58.6
2025-05-08 10:00:00,58.6
2025-05-08 11:00:00,58.6
2025-05-08 12:00:00,58.6
2025-05-08 13:00:00,58.6
2025-05-08 14:00:00,58.6
2025-05-08 15:00:00,58.6
2025-05-08 16:00:00,58.6
2025-05-08 17:00:00,58.6
2025-05-08 18:00:00,58.6
2025-05-08 19:00:00,58.6
2025-05-08 20:00:00,58.6
2025-05-08 21:00:00,58.6
2025-05-08 22:00:00,58.6
2025-05-08 23:00:00,58.6
2025-05-09 00:00:00,58.6
2025-05-09 01:00:00,58.6
2025-05-09 02:00:00,58.6
2025-05-09 03:00:00,58.6
2025-05-09 04:00:00,58.6
2025-05-09 05:00:00,58.6
2025-05-09 06:00:00,58.6
2025-05-09 07:00:00,58.6
2025-05-09 08:00:00,58.6
2025-05-09 09:00:00,58.6
2025-05-09 10:00:00,58.6
2025-05-09 11:00:00,58.6
2025-05-09 12:00:00,58.6
2025-05-09 13:00:00,58.6
2025-05-09 14:00:00,58.6
2025-05-09 15:00:00,58.6
2025-05-09 16:00:00,58.6
2025-05-09 17:00:00,258.57
2025-05-09 18:00:00,67.41
2025-05-09 19:00:00,58.6
2025-05-09 20:00:00,58.6
2025-05-09 21:00:00,58.6
2025-05-09 22:00:00,58.6
2025-05-09 23:00:00,58.6
2025-05-10 00:00:00,58.6
2025-05-10 01:00:00,58.6
2025-05-10 02:00:00,58.6
2025-05-10 03:00:00,58.6
2025-05-10 04:00:00,58.6
2025-05-10 05:00:00,58.6
2025-05-10 06:00:00,58.6
2025-05-10 07:00:00,58.6
2025-05-10 08:00:00,58.6
2025-05-10 09:00:00,58.6
2025-05-10 10:00:00,58.6
2025-05-10 11:00:00,58.6
2025-05-10 12:00:00,58.6
2025-05-10 13:00:00,58.6
2025-05-10 14:00:00,58.6
2025-05-10 15:00:00,58.6
2025-05-10 16:00:00,58.6
2025-05-10 17:00:00,58.6
2025-05-10 18:00:00,58.6
2025-05-10 19:00:00,58.6
2025-05-10 20:00:00,58.6
2025-05-10 21:00:00,58.6
2025-05-10 22:00:00,58.6
2025-05-10 23:00:00,58.6
2025-05-11 00:00:00,268.09
2025-05-11 01:00:00,253.74
2025-05-11 02:00:00,239.42
2025-05-11 03:00:00,58.6
2025-05-11 04:00:00,58.6
2025-05-11 05:00:00,58.6
2025-05-11 06:00:00,58.6
2025-05-11 07:00:00,58.6
2025-05-11 08:00:00,58.6
2025-05-11 09:00:00,58.6
2025-05-11 10:00:00,58.6
2025-05-11 11:00:00,58.6
2025-05-11 12:00:00,58.6
2025-05-11 13:00:00,58.6
2025-05-11 14:00:00,58.6
2025-05-11 15:00:00,58.6
2025-05-11 16:00:00,58.6
2025-05-11 17:00:00,58.6
2025-05-11 18:00:00,58.6
2025-05-11 19:00:00,58.6
2025-05-11 20:00:00,58.6
2025-05-11 21:00:00,58.6
2025-05-11 22:00:00,58.6
2025-05-11 23:00:00,58.6
2025-05-12 00:00:00,58.6
2025-05-12 01:00:00,58.6
2025-05-12 02:00:00,58.6
2025-05-12 03:00:00,58.6
2025-05-12 04:00:00,58.6
2025-05-12 05:00:00,58.6
2025-05-12 06:00:00,58.6
2025-05-12 07:00:00,58.6
2025-05-12 08:00:00,58.6
2025-05-12 09:00:00,58.6
2025-05-12 10:00:00,58.6
2025-05-12 11:00:00,58.6
2025-05-12 12:00:00,58.6
2025-05-12 13:00:00,58.6
2025-05-12 14:00:00,58.6
2025-05-12 15:00:00,58.6
2025-05-12 16:00:00,58.6
2025-05-12 17:00:00,58.6
2025-05-12 18:00:00,58.6
2025-05-12 19:00:00,58.6
2025-05-12 20:00:00,58.6
2025-05-12 21:00:00,58.6
2025-05-12 22:00:00,58.6
2025-05-12 23:00:00,58.6
2025-05-13 00:00:00,58.6
2025-05-13 01:00:00,58.6
2025-05-13 02:00:00,58.6
2025-05-13 03:00:00,58.6
2025-05-13 04:00:00,58.6
2025-05-13 05:00:00,58.6
2025-05-13 06:00:00,58.6
2025-05-13 07:00:00,58.6
2025-05-13 08:00:00,58.6
2025-05-13 09:00:00,58.6
2025-05-13 10:00:00,58.6
2025-05-13 11:00:00,58.6
2025-05-13 12:00:00,58.6
2025-05-13 13:00:00,58.6
2025-05-13 14:00:00,58.6
2025-05-13 15:00:00,58.6
2025-05-13 16:00:00,58.6
2025-05-13 17:00:00,58.6
2025-05-13 18:00:00,58.6
2025-05-13 19:00:00,58.6
2025-05-13 20:00:00,58.6
2025-05-13 21:00:00,58.6
2025-05-13 22:00:00,58.6
2025-05-13 23:00:00,58.6
2025-05-14 00:00:00,58.6
2025-05-14 01:00:00,58.6
2025-05-14 02:00:00,58.6
2025-05-14 03:00:00,58.6
2025-05-14 04:00:00,58.6
2025-05-14 05:00:00,58.6
2025-05-14 06:00:00,58.6
2025-05-14 07:00:00,58.6
2025-05-14 08:00:00,58.6
2025-05-14 09:00:00,58.6
2025-05-14 10:00:00,58.6
2025-05-14 11:00:00,58.6
2025-05-14 12:00:00,58.6
2025-05-14 13:00:00,58.6
2025-05-14 14:00:00,58.6
2025-05-14 15:00:00,58.6
2025-05-14 16:00:00,58.6
2025-05-14 17:00:00,58.6
2025-05-14 18:00:00,58.6
2025-05-14 19:00:00,58.6
2025-05-14 20:00:00,58.6
2025-05-14 21:00:00,58.6
2025-05-14 22:00:00,58.6
2025-05-14 23:00:00,58.6
2025-05-15 00:00:00,58.6
2025-05-15 01:00:00,58.6
2025-05-15 02:00:00,58.6
2025-05-15 03:00:00,58.6
2025-05-15 04:00:00,58.6
2025-05-15 05:00:00,58.6
2025-05-15 06:00:00,58.6
2025-05-15 07:00:00,58.6
2025-05-15 08:00:00,58.6
2025-05-15 09:00:00,58.6
2025-05-15 10:00:00,58.6
2025-05-15 11:00:00,58.6
2025-05-15 12:00:00,58.6
2025-05-15 13:00:00,58.6
2025-05-15 14:00:00,58.6
2025-05-15 15:00:00,58.6
2025-05-15 16:00:00,58.6
2025-05-15 17:00:00,80.81
2025-05-15 18:00:00,58.6
2025-05-15 19:00:00,58.6
2025-05-15 20:00:00,58.6
2025-05-15 21:00:00,58.6
2025-05-15 22:00:00,58.6
2025-05-15 23:00:00,58.6
2025-05-16 00:00:00,58.6
2025-05-16 01:00:00,58.6
2025-05-16 02:00:00,58.6
2025-05-16 03:00:00,58.6
2025-05-16 04:00:00,58.6
2025-05-16 05:00:00,58.6
2025-05-16 06:00:00,58.6
2025-05-16 07:00:00,58.6
2025-05-16 08:00:00,58.6
2025-05-16 09:00:00,58.6
2025-05-16 10:00:00,58.6
2025-05-16 11:00:00,58.6
2025-05-16 12:00:00,58.6
2025-05-16 13:00:00,58.6
2025-05-16 14:00:00,58.6
2025-05-16 15:00:00,58.6
2025-05-16 16:00:00,58.6
2025-05-16 17:00:00,80.81
2025-05-16 18:00:00,58.6
2025-05-16 19:00:00,58.6
2025-05-16 20:00:00,58.6
2025-05-16 21:00:00,58.6
2025-05-16 22:00:00,58.6
2025-05-16 23:00:00,58.6
2025-05-17 00:00:00,58.6
2025-05-17 01:00:00,58.6
2025-05-17 02:00:00,58.6
2025-05-17 03:00:00,58.6
2025-05-17 04:00:00,58.6
2025-05-17 05:00:00,58.6
2025-05-17 06:00:00,58.6
2025-05-17 07:00:00,58.6
2025-05-17 08:00:00,58.6
2025-05-17 09:00:00,58.6
2025-05-17 10:00:00,58.6
2025-05-17 11:00:00,58.6
2025-05-17 12:00:00,58.6
2025-05-17 13:00:00,58.6
2025-05-17 14:00:00,58.6
2025-05-17 15:00:00,58.6
2025-05-17 16:00:00,58.6
2025-05-17 17:00:00,58.6
2025-05-17 18:00:00,58.6
2025-05-17 19:00:00,58.6
2025-05-17 20:00:00,58.6
2025-05-17 21:00:00,58.6
2025-05-17 22:00:00,58.6
2025-05-17 23:00:00,58.6
2025-05-18 00:00:00,58.6
2025-05-18 01:00:00,58.6
2025-05-18 02:00:00,58.6
2025-05-18 03:00:00,58.6
2025-05-18 04:00:00,58.6
2025-05-18 05:00:00,58.6
2025-05-18 06:00:00,58.6
2025-05-18 07:00:00,58.6
2025-05-18 08:00:00,58.6
2025-05-18 09:00:00,58.6
2025-05-18 10:00:00,58.6
2025-05-18 11:00:00,58.6
2025-05-18 12:00:00,58.6
2025-05-18 13:00:00,58.6
2025-05-18 14:00:00,58.6
2025-05-18 15:00:00,58.6
2025-05-18 16:00:00,58.6
2025-05-18 17:00:00,58.6
2025-05-18 18:00:00,58.6
2025-05-18 19:00:00,58.6
2025-05-18 20:00:00,58.6
2025-05-18 21:00:00,58.6
2025-05-18 22:00:00,58.6
2025-05-18 23:00:00,58.6
2025-05-19 00:00:00,135.5
2025-05-19 01:00:00,58.6
2025-05-19 02:00:00,58.6
2025-05-19 03:00:00,58.6
2025-05-19 04:00:00,58.6
2025-05-19 05:00:00,58.6
2025-05-19 06:00:00,58.6
2025-05-19 07:00:00,58.6
2025-05-19 08:00:00,58.6
2025-05-19 09:00:00,58.6
2025-05-19 10:00:00,58.6
2025-05-19 11:00:00,58.6
2025-05-19 12:00:00,58.6
2025-05-19 13:00:00,58.6
2025-05-19 14:00:00,96.06
2025-05-19 15:00:00,257.37
2025-05-19 16:00:00,287.42
2025-05-19 17:00:00,311.62
2025-05-19 18:00:00,296.28
2025-05-19 19:00:00,282.47
2025-05-19 20:00:00,278.47
2025-05-19 21:00:00,279.37
2025-05-19 22:00:00,279.08
2025-05-19 23:00:00,279.23
2025-05-20 00:00:00,280.21
2025-05-20 01:00:00,280.16
2025-05-20 02:00:00,278.96
2025-05-20 03:00:00,279.17
2025-05-20 04:00:00,279.65
2025-05-20 05:00:00,286.78
2025-05-20 06:00:00,283.24
2025-05-20 07:00:00,273.65
2025-05-20 08:00:00,267.47
2025-05-20 09:00:00,267.32
2025-05-20 10:00:00,222.83
2025-05-20 11:00:00,228.08
2025-05-20 12:00:00,234.53
2025-05-20 13:00:00,270.58
2025-05-20 14:00:00,283.38
2025-05-20 15:00:00,292.15
2025-05-20 16:00:00,307.36
2025-05-20 17:00:00,321.15
2025-05-20 18:00:00,324.36
2025-05-20 19:00:00,307.7
2025-05-20 20:00:00,295.4
2025-05-20 21:00:00,286.94
2025-05-20 22:00:00,287.37
2025-05-20 23:00:00,286.98
2025-05-21 00:00:00,291.51
2025-05-21 01:00:00,287.9
2025-05-21 02:00:00,287.62
2025-05-21 03:00:00,286.25
2025-05-21 04:00:00,286.58
2025-05-21 05:00:00,290.3
2025-05-21 06:00:00,291.82
2025-05-21 07:00:00,282.37
2025-05-21 08:00:00,276.65
2025-05-21 09:00:00,270.87
2025-05-21 10:00:00,264.28
2025-05-21 11:00:00,264.19
2025-05-21 12:00:00,259.54
2025-05-21 13:00:00,273.68
2025-05-21 14:00:00,283.19
2025-05-21 15:00:00,291.37
2025-05-21 16:00:00,303.98
2025-05-21 17:00:00,320.86
2025-05-21 18:00:00,314.87
2025-05-21 19:00:00,294.01
2025-05-21 20:00:00,287.89
2025-05-21 21:00:00,287.81
2025-05-21 22:00:00,287.76
2025-05-21 23:00:00,287.12
2025-05-22 00:00:00,294.5
2025-05-22 01:00:00,290.71
2025-05-22 02:00:00,287.84
2025-05-22 03:00:00,285.82
2025-05-22 04:00:00,287.02
2025-05-22 05:00:00,291.95
2025-05-22 06:00:00,294.48
2025-05-22 07:00:00,284.3
2025-05-22 08:00:00,281.96
2025-05-22 09:00:00,274.51
2025-05-22 10:00:00,259.35
2025-05-22 11:00:00,262.37
2025-05-22 12:00:00,264.98
2025-05-22 13:00:00,275.46
2025-05-22 14:00:00,285.38
2025-05-22 15:00:00,294.05
2025-05-22 16:00:00,304.45
2025-05-22 17:00:00,320.72
2025-05-22 18:00:00,315.5
2025-05-22 19:00:00,299.16
2025-05-22 20:00:00,293.38
2025-05-22 21:00:00,293.34
2025-05-22 22:00:00,293.3
2025-05-22 23:00:00,293.06
2025-05-23 00:00:00,290.97
2025-05-23 01:00:00,289.37
2025-05-23 02:00:00,286.57
2025-05-23 03:00:00,286.51
2025-05-23 04:00:00,287.32
2025-05-23 05:00:00,290.77
2025-05-23 06:00:00,293.5
2025-05-23 07:00:00,289.24
2025-05-23 08:00:00,278.89
2025-05-23 09:00:00,277.91
2025-05-23 10:00:00,260.01
2025-05-23 11:00:00,262.89
2025-05-23 12:00:00,263.75
2025-05-23 13:00:00,270.6
2025-05-23 14:00:00,281.58
2025-05-23 15:00:00,292.63
2025-05-23 16:00:00,304.11
2025-05-23 17:00:00,320.1
2025-05-23 18:00:00,314.65
2025-05-23 19:00:00,307.25
2025-05-23 20:00:00,299.09
2025-05-23 21:00:00,296.55
2025-05-23 22:00:00,296.94
2025-05-23 23:00:00,296.93
2025-05-24 00:00:00,227.06
2025-05-24 01:00:00,172.37
2025-05-24 02:00:00,173.32
2025-05-24 03:00:00,58.6
2025-05-24 04:00:00,101.17
2025-05-24 05:00:00,133.35
2025-05-24 06:00:00,58.6
2025-05-24 07:00:00,58.6
2025-05-24 08:00:00,58.6
2025-05-24 09:00:00,58.6
2025-05-24 10:00:00,58.6
2025-05-24 11:00:00,58.6
2025-05-24 12:00:00,58.6
2025-05-24 13:00:00,58.6
2025-05-24 14:00:00,58.6
2025-05-24 15:00:00,58.6
2025-05-24 16:00:00,61.85
2025-05-24 17:00:00,280.33
2025-05-24 18:00:00,222.57
2025-05-24 19:00:00,58.6
2025-05-24 20:00:00,58.6
2025-05-24 21:00:00,58.6
2025-05-24 22:00:00,58.6
2025-05-24 23:00:00,61.17
2025-05-25 00:00:00,58.6
2025-05-25 01:00:00,58.6
2025-05-25 02:00:00,58.6
2025-05-25 03:00:00,58.6
2025-05-25 04:00:00,58.6
2025-05-25 05:00:00,58.6
2025-05-25 06:00:00,58.6
2025-05-25 07:00:00,58.6
2025-05-25 08:00:00,58.6
2025-05-25 09:00:00,58.6
2025-05-25 10:00:00,58.6
2025-05-25 11:00:00,58.6
2025-05-25 12:00:00,58.6
2025-05-25 13:00:00,58.6
2025-05-25 14:00:00,58.6
2025-05-25 15:00:00,58.6
2025-05-25 16:00:00,58.6
2025-05-25 17:00:00,58.6
2025-05-25 18:00:00,58.6
2025-05-25 19:00:00,58.6
2025-05-25 20:00:00,58.6
2025-05-25 21:00:00,58.6
2025-05-25 22:00:00,58.6
2025-05-25 23:00:00,58.6
2025-05-26 00:00:00,58.6
2025-05-26 01:00:00,58.6
2025-05-26 02:00:00,58.6
2025-05-26 03:00:00,58.6
2025-05-26 04:00:00,58.6
2025-05-26 05:00:00,58.6
2025-05-26 06:00:00,58.6
2025-05-26 07:00:00,58.6
2025-05-26 08:00:00,58.6
2025-05-26 09:00:00,58.6
2025-05-26 10:00:00,58.6
2025-05-26 11:00:00,58.6
2025-05-26 12:00:00,58.6
2025-05-26 13:00:00,58.6
2025-05-26 14:00:00,58.6
2025-05-26 15:00:00,58.6
2025-05-26 16:00:00,237.58
2025-05-26 17:00:00,315.91
2025-05-26 18:00:00,256.59
2025-05-26 19:00:00,155.44
2025-05-26 20:00:00,64.64
2025-05-26 21:00:00,154.34
2025-05-26 22:00:00,128.43
2025-05-26 23:00:00,154.58
2025-05-27 00:00:00,58.6
2025-05-27 01:00:00,58.6
2025-05-27 02:00:00,58.6
2025-05-27 03:00:00,93.01
2025-05-27 04:00:00,90.43
2025-05-27 05:00:00,115.16
2025-05-27 06:00:00,58.6
2025-05-27 07:00:00,58.6
2025-05-27 08:00:00,58.6
2025-05-27 09:00:00,58.6
2025-05-27 10:00:00,58.6
2025-05-27 11:00:00,58.6
2025-05-27 12:00:00,58.6
2025-05-27 13:00:00,58.6
2025-05-27 14:00:00,135.07
2025-05-27 15:00:00,256.24
2025-05-27 16:00:00,290.45
2025-05-27 17:00:00,321.31
2025-05-27 18:00:00,289.36
2025-05-27 19:00:00,270.77
2025-05-27 20:00:00,262.48
2025-05-27 21:00:00,262.98
2025-05-27 22:00:00,263.46
2025-05-27 23:00:00,262.38
2025-05-28 00:00:00,271.75
2025-05-28 01:00:00,271.7
2025-05-28 02:00:00,269.6
2025-05-28 03:00:00,271.61
2025-05-28 04:00:00,272.28
2025-05-28 05:00:00,277.4
2025-05-28 06:00:00,271.11
2025-05-28 07:00:00,250.72
2025-05-28 08:00:00,58.6
2025-05-28 09:00:00,58.6
2025-05-28 10:00:00,246.64
2025-05-28 11:00:00,258.35
2025-05-28 12:00:00,258.62
2025-05-28 13:00:00,269.8
2025-05-28 14:00:00,281.84
2025-05-28 15:00:00,293.39
2025-05-28 16:00:00,310.14
2025-05-28 17:00:00,318.78
2025-05-28 18:00:00,317.34
2025-05-28 19:00:00,299.44
2025-05-28 20:00:00,294.96
2025-05-28 21:00:00,294.57
2025-05-28 22:00:00,296.34
2025-05-28 23:00:00,294.89
2025-05-29 00:00:00,294.27
2025-05-29 01:00:00,292.05
2025-05-29 02:00:00,290.59
2025-05-29 03:00:00,289.58
2025-05-29 04:00:00,290.11
2025-05-29 05:00:00,293.58
2025-05-29 06:00:00,297.16
2025-05-29 07:00:00,293.56
2025-05-29 08:00:00,289.82
2025-05-29 09:00:00,287.46
2025-05-29 10:00:00,286.35
2025-05-29 11:00:00,284.12
2025-05-29 12:00:00,267.31
2025-05-29 13:00:00,282.55
2025-05-29 14:00:00,289.72
2025-05-29 15:00:00,296.49
2025-05-29 16:00:00,306.39
2025-05-29 17:00:00,317.4
2025-05-29 18:00:00,318.9
2025-05-29 19:00:00,303.84
2025-05-29 20:00:00,300.98
2025-05-29 21:00:00,297.88
2025-05-29 22:00:00,300.35
2025-05-29 23:00:00,298.48
2025-05-30 00:00:00,298.67
2025-05-30 01:00:00,295.86
2025-05-30 02:00:00,295.0
2025-05-30 03:00:00,294.97
2025-05-30 04:00:00,294.53
2025-05-30 05:00:00,297.51
2025-05-30 06:00:00,300.53
2025-05-30 07:00:00,297.3
2025-05-30 08:00:00,294.21
2025-05-30 09:00:00,289.34
2025-05-30 10:00:00,288.1
2025-05-30 11:00:00,286.7
2025-05-30 12:00:00,273.8
2025-05-30 13:00:00,285.15
2025-05-30 14:00:00,292.81
2025-05-30 15:00:00,297.73
2025-05-30 16:00:00,305.64
2025-05-30 17:00:00,316.52
2025-05-30 18:00:00,317.77
2025-05-30 19:00:00,311.87
2025-05-30 20:00:00,307.17
2025-05-30 21:00:00,302.15
2025-05-30 22:00:00,301.46
2025-05-30 23:00:00,297.15
2025-05-31 00:00:00,307.38
2025-05-31 01:00:00,302.29
2025-05-31 02:00:00,301.37
2025-05-31 03:00:00,298.74
2025-05-31 04:00:00,300.43
2025-05-31 05:00:00,301.49
2025-05-31 06:00:00,301.23
2025-05-31 07:00:00,287.68
2025-05-31 08:00:00,107.78
2025-05-31 09:00:00,58.6
2025-05-31 10:00:00,58.6
2025-05-31 11:00:00,58.6
2025-05-31 12:00:00,58.6
2025-05-31 13:00:00,58.6
2025-05-31 14:00:00,58.6
2025-05-31 15:00:00,281.32
2025-05-31 16:00:00,308.0
2025-05-31 17:00:00,320.08
2025-05-31 18:00:00,320.09
2025-05-31 19:00:00,316.36
2025-05-31 20:00:00,306.29
2025-05-31 21:00:00,306.26
2025-05-31 22:00:00,305.47
2025-05-31 23:00:00,301.12
2025-06-01 00:00:00,303.9
2025-06-01 01:00:00,297.83
2025-06-01 02:00:00,255.52
2025-06-01 03:00:00,186.57
2025-06-01 04:00:00,194.92
2025-06-01 05:00:00,220.06
2025-06-01 06:00:00,118.29
2025-06-01 07:00:00,58.6
2025-06-01 08:00:00,58.6
2025-06-01 09:00:00,58.6
2025-06-01 10:00:00,58.6
2025-06-01 11:00:00,58.6
2025-06-01 12:00:00,58.6
2025-06-01 13:00:00,58.6
2025-06-01 14:00:00,58.6
2025-06-01 15:00:00,58.6
2025-06-01 16:00:00,297.94
2025-06-01 17:00:00,316.14
2025-06-01 18:00:00,319.62
2025-06-01 19:00:00,314.43
2025-06-01 20:00:00,310.9
2025-06-01 21:00:00,309.73
2025-06-01 22:00:00,300.59
2025-06-01 23:00:00,296.6
2025-06-02 00:00:00,304.5
2025-06-02 01:00:00,299.22
2025-06-02 02:00:00,284.41
2025-06-02 03:00:00,287.42
2025-06-02 04:00:00,292.44
2025-06-02 05:00:00,303.61
2025-06-02 06:00:00,309.52
2025-06-02 07:00:00,295.35
2025-06-02 08:00:00,244.66
2025-06-02 09:00:00,58.6
2025-06-02 10:00:00,165.23
2025-06-02 11:00:00,58.6
2025-06-02 12:00:00,58.6
2025-06-02 13:00:00,259.84
2025-06-02 14:00:00,303.45
2025-06-02 15:00:00,312.18
2025-06-02 16:00:00,317.77
2025-06-02 17:00:00,324.19
2025-06-02 18:00:00,325.85
2025-06-02 19:00:00,318.68
2025-06-02 20:00:00,312.24
2025-06-02 21:00:00,311.6
2025-06-02 22:00:00,311.98
2025-06-02 23:00:00,309.63
2025-06-03 00:00:00,309.77
2025-06-03 01:00:00,306.1
2025-06-03 02:00:00,304.71
2025-06-03 03:00:00,301.91
2025-06-03 04:00:00,304.71
2025-06-03 05:00:00,308.54
2025-06-03 06:00:00,312.17
2025-06-03 07:00:00,247.94
2025-06-03 08:00:00,58.6
2025-06-03 09:00:00,58.6
2025-06-03 10:00:00,58.6
2025-06-03 11:00:00,58.6
2025-06-03 12:00:00,58.6
2025-06-03 13:00:00,290.57
2025-06-03 14:00:00,308.78
2025-06-03 15:00:00,313.77
2025-06-03 16:00:00,318.74
2025-06-03 17:00:00,326.33
2025-06-03 18:00:00,327.52
2025-06-03 19:00:00,324.67
2025-06-03 20:00:00,318.2
2025-06-03 21:00:00,313.7
2025-06-03 22:00:00,313.8
2025-06-03 23:00:00,312.68
2025-06-04 00:00:00,311.83
2025-06-04 01:00:00,309.0
2025-06-04 02:00:00,305.36
2025-06-04 03:00:00,304.69
2025-06-04 04:00:00,307.4
2025-06-04 05:00:00,311.82
2025-06-04 06:00:00,313.76
2025-06-04 07:00:00,307.1
2025-06-04 08:00:00,277.98
2025-06-04 09:00:00,259.28
2025-06-04 10:00:00,255.95
2025-06-04 11:00:00,257.87
2025-06-04 12:00:00,265.17
2025-06-04 13:00:00,303.62
2025-06-04 14:00:00,312.75
2025-06-04 15:00:00,316.63
2025-06-04 16:00:00,323.18
2025-06-04 17:00:00,327.04
2025-06-04 18:00:00,330.92
2025-06-04 19:00:00,326.57
2025-06-04 20:00:00,325.18
2025-06-04 21:00:00,321.8
2025-06-04 22:00:00,318.3
2025-06-04 23:00:00,315.24
2025-06-05 00:00:00,312.82
2025-06-05 01:00:00,311.87
2025-06-05 02:00:00,311.32
2025-06-05 03:00:00,309.64
2025-06-05 04:00:00,310.32
2025-06-05 05:00:00,312.23
2025-06-05 06:00:00,313.18
2025-06-05 07:00:00,310.38
2025-06-05 08:00:00,303.75
2025-06-05 09:00:00,300.99
2025-06-05 10:00:00,297.43
2025-06-05 11:00:00,293.44
2025-06-05 12:00:00,290.72
2025-06-05 13:00:00,308.74
2025-06-05 14:00:00,312.98
2025-06-05 15:00:00,316.54
2025-06-05 16:00:00,322.78
2025-06-05 17:00:00,326.11
2025-06-05 18:00:00,329.51
2025-06-05 19:00:00,325.36
2025-06-05 20:00:00,324.31
2025-06-05 21:00:00,321.74
2025-06-05 22:00:00,319.37
2025-06-05 23:00:00,315.7
2025-06-06 00:00:00,312.32
2025-06-06 01:00:00,311.33
2025-06-06 02:00:00,310.09
2025-06-06 03:00:00,309.25
2025-06-06 04:00:00,310.05
2025-06-06 05:00:00,311.87
2025-06-06 06:00:00,312.87
2025-06-06 07:00:00,311.8
2025-06-06 08:00:00,304.27
2025-06-06 09:00:00,301.97
2025-06-06 10:00:00,301.37
2025-06-06 11:00:00,299.12
2025-06-06 12:00:00,295.57
2025-06-06 13:00:00,305.25
2025-06-06 14:00:00,310.18
2025-06-06 15:00:00,313.1
2025-06-06 16:00:00,318.4
2025-06-06 17:00:00,323.8
2025-06-06 18:00:00,325.16
2025-06-06 19:00:00,323.08
2025-06-06 20:00:00,320.09
2025-06-06 21:00:00,316.58
2025-06-06 22:00:00,315.14
2025-06-06 23:00:00,312.93
2025-06-07 00:00:00,279.87
2025-06-07 01:00:00,275.94
2025-06-07 02:00:00,274.01
2025-06-07 03:00:00,267.19
2025-06-07 04:00:00,272.78
2025-06-07 05:00:00,274.4
2025-06-07 06:00:00,272.86
2025-06-07 07:00:00,262.56
2025-06-07 08:00:00,157.78
2025-06-07 09:00:00,58.6
2025-06-07 10:00:00,58.6
2025-06-07 11:00:00,58.6
2025-06-07 12:00:00,58.6
2025-06-07 13:00:00,58.6
2025-06-07 14:00:00,159.18
2025-06-07 15:00:00,263.57
2025-06-07 16:00:00,280.69
2025-06-07 17:00:00,292.13
2025-06-07 18:00:00,292.86
2025-06-07 19:00:00,288.8
2025-06-07 20:00:00,284.18
2025-06-07 21:00:00,283.22
2025-06-07 22:00:00,280.87
2025-06-07 23:00:00,277.55
2025-06-08 00:00:00,278.49
2025-06-08 01:00:00,274.51
2025-06-08 02:00:00,271.53
2025-06-08 03:00:00,267.93
2025-06-08 04:00:00,269.76
2025-06-08 05:00:00,269.91
2025-06-08 06:00:00,261.42
2025-06-08 07:00:00,58.6
2025-06-08 08:00:00,58.6
2025-06-08 09:00:00,58.6
2025-06-08 10:00:00,58.6
2025-06-08 11:00:00,58.6
2025-06-08 12:00:00,58.6
2025-06-08 13:00:00,58.6
2025-06-08 14:00:00,58.6
2025-06-08 15:00:00,189.83
2025-06-08 16:00:00,280.06
2025-06-08 17:00:00,294.22
2025-06-08 18:00:00,297.77
2025-06-08 19:00:00,292.58
2025-06-08 20:00:00,288.67
2025-06-08 21:00:00,285.47
2025-06-08 22:00:00,282.18
2025-06-08 23:00:00,280.61
2025-06-09 00:00:00,282.34
2025-06-09 01:00:00,281.47
2025-06-09 02:00:00,281.52
2025-06-09 03:00:00,281.45
2025-06-09 04:00:00,282.09
2025-06-09 05:00:00,283.49
2025-06-09 06:00:00,286.51
2025-06-09 07:00:00,283.44
2025-06-09 08:00:00,281.87
2025-06-09 09:00:00,281.35
2025-06-09 10:00:00,281.4
2025-06-09 11:00:00,280.95
2025-06-09 12:00:00,279.9
2025-06-09 13:00:00,281.09
2025-06-09 14:00:00,282.03
2025-06-09 15:00:00,285.48
2025-06-09 16:00:00,296.08
2025-06-09 17:00:00,305.22
2025-06-09 18:00:00,312.13
2025-06-09 19:00:00,304.15
2025-06-09 20:00:00,301.38
2025-06-09 21:00:00,298.33
2025-06-09 22:00:00,292.8
2025-06-09 23:00:00,288.33
2025-06-10 00:00:00,285.68
2025-06-10 01:00:00,282.18
2025-06-10 02:00:00,281.03
2025-06-10 03:00:00,280.93
2025-06-10 04:00:00,281.07
2025-06-10 05:00:00,284.48
2025-06-10 06:00:00,288.21
2025-06-10 07:00:00,285.0
2025-06-10 08:00:00,281.63
2025-06-10 09:00:00,279.89
2025-06-10 10:00:00,279.45
2025-06-10 11:00:00,277.93
2025-06-10 12:00:00,275.57
2025-06-10 13:00:00,278.65
2025-06-10 14:00:00,280.45
2025-06-10 15:00:00,284.08
2025-06-10 16:00:00,294.9
2025-06-10 17:00:00,304.58
2025-06-10 18:00:00,309.71
2025-06-10 19:00:00,302.83
2025-06-10 20:00:00,299.94
2025-06-10 21:00:00,296.23
2025-06-10 22:00:00,291.22
2025-06-10 23:00:00,285.65
2025-06-11 00:00:00,281.31
2025-06-11 01:00:00,279.9
2025-06-11 02:00:00,279.47
2025-06-11 03:00:00,278.89
2025-06-11 04:00:00,279.22
2025-06-11 05:00:00,280.56
2025-06-11 06:00:00,281.93
2025-06-11 07:00:00,280.43
2025-06-11 08:00:00,278.24
2025-06-11 09:00:00,274.72
2025-06-11 10:00:00,272.5
2025-06-11 11:00:00,272.41
2025-06-11 12:00:00,264.63
2025-06-11 13:00:00,275.81
2025-06-11 14:00:00,278.44
2025-06-11 15:00:00,281.96
2025-06-11 16:00:00,287.73
2025-06-11 17:00:00,295.54
2025-06-11 18:00:00,300.88
2025-06-11 19:00:00,291.97
2025-06-11 20:00:00,289.99
2025-06-11 21:00:00,289.18
2025-06-11 22:00:00,285.8
2025-06-11 23:00:00,281.86
2025-06-12 00:00:00,277.29
2025-06-12 01:00:00,272.59
2025-06-12 02:00:00,269.19
2025-06-12 03:00:00,267.3
2025-06-12 04:00:00,268.79
2025-06-12 05:00:00,274.17
2025-06-12 06:00:00,276.05
2025-06-12 07:00:00,273.76
2025-06-12 08:00:00,267.73
2025-06-12 09:00:00,259.16
2025-06-12 10:00:00,258.0
2025-06-12 11:00:00,256.3
2025-06-12 12:00:00,58.6
2025-06-12 13:00:00,255.99
2025-06-12 14:00:00,273.99
2025-06-12 15:00:00,277.6
2025-06-12 16:00:00,282.63
2025-06-12 17:00:00,289.0
2025-06-12 18:00:00,290.57
2025-06-12 19:00:00,286.78
2025-06-12 20:00:00,282.45
2025-06-12 21:00:00,277.98
2025-06-12 22:00:00,277.54
2025-06-12 23:00:00,276.04
2025-06-13 00:00:00,275.37
2025-06-13 01:00:00,267.15
2025-06-13 02:00:00,256.09
2025-06-13 03:00:00,254.23
2025-06-13 04:00:00,261.34
2025-06-13 05:00:00,270.07
2025-06-13 06:00:00,271.77
2025-06-13 07:00:00,235.01
2025-06-13 08:00:00,58.6
2025-06-13 09:00:00,58.6
2025-06-13 10:00:00,58.6
2025-06-13 11:00:00,58.6
2025-06-13 12:00:00,58.6
2025-06-13 13:00:00,58.6
2025-06-13 14:00:00,108.79
2025-06-13 15:00:00,272.35
2025-06-13 16:00:00,278.93
2025-06-13 17:00:00,285.69
2025-06-13 18:00:00,286.48
2025-06-13 19:00:00,278.22
2025-06-13 20:00:00,275.35
2025-06-13 21:00:00,276.05
2025-06-13 22:00:00,276.14
2025-06-13 23:00:00,275.65
2025-06-14 00:00:00,268.22
2025-06-14 01:00:00,229.07
2025-06-14 02:00:00,189.45
2025-06-14 03:00:00,154.63
2025-06-14 04:00:00,178.08
2025-06-14 05:00:00,197.74
2025-06-14 06:00:00,197.83
2025-06-14 07:00:00,58.6
2025-06-14 08:00:00,58.6
2025-06-14 09:00:00,58.6
2025-06-14 10:00:00,58.6
2025-06-14 11:00:00,58.6
2025-06-14 12:00:00,58.6
2025-06-14 13:00:00,58.6
2025-06-14 14:00:00,58.6
2025-06-14 15:00:00,58.6
2025-06-14 16:00:00,262.71
2025-06-14 17:00:00,291.84
2025-06-14 18:00:00,296.14
2025-06-14 19:00:00,294.63
2025-06-14 20:00:00,276.35
2025-06-14 21:00:00,288.28
2025-06-14 22:00:00,281.14
2025-06-14 23:00:00,268.15
2025-06-15 00:00:00,280.04
2025-06-15 01:00:00,270.62
2025-06-15 02:00:00,261.79
2025-06-15 03:00:00,240.46
2025-06-15 04:00:00,248.17
2025-06-15 05:00:00,252.31
2025-06-15 06:00:00,128.52
2025-06-15 07:00:00,58.6
2025-06-15 08:00:00,58.6
2025-06-15 09:00:00,58.6
2025-06-15 10:00:00,58.6
2025-06-15 11:00:00,58.6
2025-06-15 12:00:00,58.6
2025-06-15 13:00:00,58.6
2025-06-15 14:00:00,58.6
2025-06-15 15:00:00,60.41
2025-06-15 16:00:00,286.86
2025-06-15 17:00:00,301.36
2025-06-15 18:00:00,307.25
2025-06-15 19:00:00,297.89
2025-06-15 20:00:00,294.99
2025-06-15 21:00:00,291.68
2025-06-15 22:00:00,287.44
2025-06-15 23:00:00,285.12
2025-06-16 00:00:00,287.52
2025-06-16 01:00:00,284.1
2025-06-16 02:00:00,282.65
2025-06-16 03:00:00,281.83
2025-06-16 04:00:00,282.3
2025-06-16 05:00:00,285.18
2025-06-16 06:00:00,289.36
2025-06-16 07:00:00,286.88
2025-06-16 08:00:00,282.01
2025-06-16 09:00:00,270.13
2025-06-16 10:00:00,259.45
2025-06-16 11:00:00,244.24
2025-06-16 12:00:00,58.6
2025-06-16 13:00:00,267.97
2025-06-16 14:00:00,283.2
2025-06-16 15:00:00,288.98
2025-06-16 16:00:00,296.0
2025-06-16 17:00:00,307.94
2025-06-16 18:00:00,309.5
2025-06-16 19:00:00,305.35
2025-06-16 20:00:00,296.23
2025-06-16 21:00:00,295.29
2025-06-16 22:00:00,291.27
2025-06-16 23:00:00,286.96
2025-06-17 00:00:00,284.03
2025-06-17 01:00:00,280.8
2025-06-17 02:00:00,278.1
2025-06-17 03:00:00,266.02
2025-06-17 04:00:00,276.98
2025-06-17 05:00:00,283.61
2025-06-17 06:00:00,287.08
2025-06-17 07:00:00,259.38
2025-06-17 08:00:00,58.6
2025-06-17 09:00:00,58.6
2025-06-17 10:00:00,58.6
2025-06-17 11:00:00,58.6
2025-06-17 12:00:00,58.6
2025-06-17 13:00:00,106.84
2025-06-17 14:00:00,280.88
2025-06-17 15:00:00,287.74
2025-06-17 16:00:00,296.15
2025-06-17 17:00:00,309.2
2025-06-17 18:00:00,311.21
2025-06-17 19:00:00,301.19
2025-06-17 20:00:00,293.54
2025-06-17 21:00:00,293.68
2025-06-17 22:00:00,281.63
2025-06-17 23:00:00,279.62
2025-06-18 00:00:00,286.02
2025-06-18 01:00:00,282.54
2025-06-18 02:00:00,278.75
2025-06-18 03:00:00,273.52
2025-06-18 04:00:00,277.51
2025-06-18 05:00:00,284.04
2025-06-18 06:00:00,287.74
2025-06-18 07:00:00,269.36
2025-06-18 08:00:00,58.6
2025-06-18 09:00:00,58.6
2025-06-18 10:00:00,58.6
2025-06-18 11:00:00,58.6
2025-06-18 12:00:00,58.6
2025-06-18 13:00:00,58.6
2025-06-18 14:00:00,275.01
2025-06-18 15:00:00,286.5
2025-06-18 16:00:00,297.56
2025-06-18 17:00:00,305.47
2025-06-18 18:00:00,307.05
2025-06-18 19:00:00,300.77
2025-06-18 20:00:00,293.96
2025-06-18 21:00:00,293.71
2025-06-18 22:00:00,291.58
2025-06-18 23:00:00,287.89
2025-06-19 00:00:00,284.86
2025-06-19 01:00:00,282.68
2025-06-19 02:00:00,281.75
2025-06-19 03:00:00,281.05
2025-06-19 04:00:00,281.88
2025-06-19 05:00:00,282.15
2025-06-19 06:00:00,279.96
2025-06-19 07:00:00,106.84
2025-06-19 08:00:00,58.6
2025-06-19 09:00:00,58.6
2025-06-19 10:00:00,58.6
2025-06-19 11:00:00,58.6
2025-06-19 12:00:00,58.6
2025-06-19 13:00:00,58.6
2025-06-19 14:00:00,58.6
2025-06-19 15:00:00,255.99
2025-06-19 16:00:00,288.21
2025-06-19 17:00:00,303.29
2025-06-19 18:00:00,305.78
2025-06-19 19:00:00,299.91
2025-06-19 20:00:00,294.1
2025-06-19 21:00:00,291.18
2025-06-19 22:00:00,287.18
2025-06-19 23:00:00,284.56
2025-06-20 00:00:00,286.63
2025-06-20 01:00:00,284.15
2025-06-20 02:00:00,283.05
2025-06-20 03:00:00,281.76
2025-06-20 04:00:00,282.07
2025-06-20 05:00:00,284.15
2025-06-20 06:00:00,284.77
2025-06-20 07:00:00,280.85
2025-06-20 08:00:00,167.78
2025-06-20 09:00:00,58.6
2025-06-20 10:00:00,58.6
2025-06-20 11:00:00,58.6
2025-06-20 12:00:00,58.61
2025-06-20 13:00:00,275.94
2025-06-20 14:00:00,283.62
2025-06-20 15:00:00,289.94
2025-06-20 16:00:00,296.94
2025-06-20 17:00:00,306.66
2025-06-20 18:00:00,309.64
2025-06-20 19:00:00,305.88
2025-06-20 20:00:00,299.21
2025-06-20 21:00:00,295.05
2025-06-20 22:00:00,290.29
2025-06-20 23:00:00,287.11
2025-06-21 00:00:00,249.25
2025-06-21 01:00:00,245.98
2025-06-21 02:00:00,243.72
2025-06-21 03:00:00,236.01
2025-06-21 04:00:00,241.25
2025-06-21 05:00:00,244.22
2025-06-21 06:00:00,244.06
2025-06-21 07:00:00,225.67
2025-06-21 08:00:00,58.6
2025-06-21 09:00:00,58.6
2025-06-21 10:00:00,58.6
2025-06-21 11:00:00,58.6
2025-06-21 12:00:00,58.6
2025-06-21 13:00:00,58.6
2025-06-21 14:00:00,69.34
2025-06-21 15:00:00,239.59
2025-06-21 16:00:00,252.99
2025-06-21 17:00:00,267.0
2025-06-21 18:00:00,273.94
2025-06-21 19:00:00,261.66
2025-06-21 20:00:00,255.37
2025-06-21 21:00:00,253.93
2025-06-21 22:00:00,249.65
2025-06-21 23:00:00,246.47
2025-06-22 00:00:00,246.94
2025-06-22 01:00:00,244.16
2025-06-22 02:00:00,243.04
2025-06-22 03:00:00,242.14
2025-06-22 04:00:00,243.01
2025-06-22 05:00:00,243.06
2025-06-22 06:00:00,239.32
2025-06-22 07:00:00,58.6
2025-06-22 08:00:00,58.6
2025-06-22 09:00:00,58.6
2025-06-22 10:00:00,58.6
2025-06-22 11:00:00,58.6
2025-06-22 12:00:00,58.6
2025-06-22 13:00:00,58.6
2025-06-22 14:00:00,58.6
2025-06-22 15:00:00,58.6
2025-06-22 16:00:00,247.06
2025-06-22 17:00:00,261.75
2025-06-22 18:00:00,271.61
2025-06-22 19:00:00,256.86
2025-06-22 20:00:00,253.6
2025-06-22 21:00:00,251.29
2025-06-22 22:00:00,248.03
2025-06-22 23:00:00,245.51
2025-06-23 00:00:00,245.01
2025-06-23 01:00:00,242.24
2025-06-23 02:00:00,231.07
2025-06-23 03:00:00,232.88
2025-06-23 04:00:00,238.91
2025-06-23 05:00:00,245.66
2025-06-23 06:00:00,247.95
2025-06-23 07:00:00,245.29
2025-06-23 08:00:00,240.58
2025-06-23 09:00:00,106.76
2025-06-23 10:00:00,106.56
2025-06-23 11:00:00,111.17
2025-06-23 12:00:00,95.1
2025-06-23 13:00:00,232.81
2025-06-23 14:00:00,247.07
2025-06-23 15:00:00,252.56
2025-06-23 16:00:00,255.89
2025-06-23 17:00:00,266.59
2025-06-23 18:00:00,269.03
2025-06-23 19:00:00,262.72
2025-06-23 20:00:00,258.23
2025-06-23 21:00:00,254.78
2025-06-23 22:00:00,252.98
2025-06-23 23:00:00,249.74
2025-06-24 00:00:00,245.73
2025-06-24 01:00:00,243.91
2025-06-24 02:00:00,243.35
2025-06-24 03:00:00,242.91
2025-06-24 04:00:00,243.65
2025-06-24 05:00:00,245.68
2025-06-24 06:00:00,249.99
2025-06-24 07:00:00,247.0
2025-06-24 08:00:00,243.37
2025-06-24 09:00:00,236.23
2025-06-24 10:00:00,236.26
2025-06-24 11:00:00,231.53
2025-06-24 12:00:00,119.88
2025-06-24 13:00:00,227.28
2025-06-24 14:00:00,243.8
2025-06-24 15:00:00,250.89
2025-06-24 16:00:00,254.93
2025-06-24 17:00:00,271.13
2025-06-24 18:00:00,280.48
2025-06-24 19:00:00,266.97
2025-06-24 20:00:00,260.92
2025-06-24 21:00:00,253.7
2025-06-24 22:00:00,252.01
2025-06-24 23:00:00,247.29
2025-06-25 00:00:00,243.26
2025-06-25 01:00:00,239.12
2025-06-25 02:00:00,231.2
2025-06-25 03:00:00,230.09
2025-06-25 04:00:00,231.25
2025-06-25 05:00:00,240.82
2025-06-25 06:00:00,242.95
2025-06-25 07:00:00,241.33
2025-06-25 08:00:00,229.27
2025-06-25 09:00:00,58.6
2025-06-25 10:00:00,58.6
2025-06-25 11:00:00,58.6
2025-06-25 12:00:00,58.6
2025-06-25 13:00:00,94.47
2025-06-25 14:00:00,231.71
2025-06-25 15:00:00,244.13
2025-06-25 16:00:00,250.44
2025-06-25 17:00:00,259.29
2025-06-25 18:00:00,262.6
2025-06-25 19:00:00,256.33
2025-06-25 20:00:00,250.38
2025-06-25 21:00:00,242.39
2025-06-25 22:00:00,239.19
2025-06-25 23:00:00,237.43
2025-06-26 00:00:00,242.75
2025-06-26 01:00:00,235.32
2025-06-26 02:00:00,209.63
2025-06-26 03:00:00,212.71
2025-06-26 04:00:00,217.08
2025-06-26 05:00:00,237.96
2025-06-26 06:00:00,241.57
2025-06-26 07:00:00,112.47
2025-06-26 08:00:00,58.6
2025-06-26 09:00:00,58.6
2025-06-26 10:00:00,58.6
2025-06-26 11:00:00,58.6
2025-06-26 12:00:00,58.6
2025-06-26 13:00:00,58.6
2025-06-26 14:00:00,176.09
2025-06-26 15:00:00,245.63
2025-06-26 16:00:00,252.92
2025-06-26 17:00:00,264.29
2025-06-26 18:00:00,264.57
2025-06-26 19:00:00,260.85
2025-06-26 20:00:00,251.98
2025-06-26 21:00:00,251.56
2025-06-26 22:00:00,250.05
2025-06-26 23:00:00,245.1
2025-06-27 00:00:00,245.75
2025-06-27 01:00:00,242.5
2025-06-27 02:00:00,241.71
2025-06-27 03:00:00,240.89
2025-06-27 04:00:00,241.1
2025-06-27 05:00:00,243.13
2025-06-27 06:00:00,243.34
2025-06-27 07:00:00,242.56
2025-06-27 08:00:00,239.7
2025-06-27 09:00:00,233.63
2025-06-27 10:00:00,228.5
2025-06-27 11:00:00,222.36
2025-06-27 12:00:00,158.11
2025-06-27 13:00:00,232.64
2025-06-27 14:00:00,241.7
2025-06-27 15:00:00,247.62
2025-06-27 16:00:00,250.24
2025-06-27 17:00:00,264.0
2025-06-27 18:00:00,268.58
2025-06-27 19:00:00,260.57
2025-06-27 20:00:00,253.38
2025-06-27 21:00:00,250.45
2025-06-27 22:00:00,248.56
2025-06-27 23:00:00,244.97
2025-06-28 00:00:00,232.22
2025-06-28 01:00:00,216.61
2025-06-28 02:00:00,175.85
2025-06-28 03:00:00,112.42
2025-06-28 04:00:00,120.46
2025-06-28 05:00:00,143.89
2025-06-28 06:00:00,164.35
2025-06-28 07:00:00,58.6
2025-06-28 08:00:00,58.6
2025-06-28 09:00:00,58.6
2025-06-28 10:00:00,58.6
2025-06-28 11:00:00,58.6
2025-06-28 12:00:00,58.6
2025-06-28 13:00:00,58.6
2025-06-28 14:00:00,58.6
2025-06-28 15:00:00,58.6
2025-06-28 16:00:00,217.73
2025-06-28 17:00:00,243.41
2025-06-28 18:00:00,255.12
2025-06-28 19:00:00,245.13
2025-06-28 20:00:00,236.98
2025-06-28 21:00:00,232.17
2025-06-28 22:00:00,226.46
2025-06-28 23:00:00,166.95
2025-06-29 00:00:00,223.44
2025-06-29 01:00:00,102.14
2025-06-29 02:00:00,58.6
2025-06-29 03:00:00,58.6
2025-06-29 04:00:00,58.6
2025-06-29 05:00:00,58.6
2025-06-29 06:00:00,58.6
2025-06-29 07:00:00,58.6
2025-06-29 08:00:00,58.6
2025-06-29 09:00:00,58.6
2025-06-29 10:00:00,58.6
2025-06-29 11:00:00,58.6
2025-06-29 12:00:00,58.6
2025-06-29 13:00:00,58.6
2025-06-29 14:00:00,58.6
2025-06-29 15:00:00,58.6
2025-06-29 16:00:00,215.57
2025-06-29 17:00:00,249.65
2025-06-29 18:00:00,256.75
2025-06-29 19:00:00,251.08
2025-06-29 20:00:00,245.2
2025-06-29 21:00:00,239.25
2025-06-29 22:00:00,232.18
2025-06-29 23:00:00,227.66
2025-06-30 00:00:00,221.21
2025-06-30 01:00:00,215.33
2025-06-30 02:00:00,211.4
2025-06-30 03:00:00,210.14
2025-06-30 04:00:00,212.85
2025-06-30 05:00:00,217.11
2025-06-30 06:00:00,224.91
2025-06-30 07:00:00,220.07
2025-06-30 08:00:00,212.95
2025-06-30 09:00:00,178.38
2025-06-30 10:00:00,194.19
2025-06-30 11:00:00,194.98
2025-06-30 12:00:00,135.67
2025-06-30 13:00:00,205.48
2025-06-30 14:00:00,222.09
2025-06-30 15:00:00,232.66
2025-06-30 16:00:00,241.01
2025-06-30 17:00:00,249.62
2025-06-30 18:00:00,254.71
2025-06-30 19:00:00,248.67
2025-06-30 20:00:00,245.03
2025-06-30 21:00:00,242.1
2025-06-30 22:00:00,236.3
2025-06-30 23:00:00,228.62
2025-07-01 00:00:00,224.49
2025-07-01 01:00:00,208.77
2025-07-01 02:00:00,196.43
2025-07-01 03:00:00,199.57
2025-07-01 04:00:00,201.2
2025-07-01 05:00:00,217.68
2025-07-01 06:00:00,223.04
2025-07-01 07:00:00,220.48
2025-07-01 08:00:00,203.16
2025-07-01 09:00:00,176.36
2025-07-01 10:00:00,173.73
2025-07-01 11:00:00,136.41
2025-07-01 12:00:00,58.6
2025-07-01 13:00:00,137.42
2025-07-01 14:00:00,202.81
2025-07-01 15:00:00,225.19
2025-07-01 16:00:00,240.09
2025-07-01 17:00:00,249.12
2025-07-01 18:00:00,256.65
2025-07-01 19:00:00,246.73
2025-07-01 20:00:00,241.77
2025-07-01 21:00:00,238.44
2025-07-01 22:00:00,229.57
2025-07-01 23:00:00,223.48
2025-07-02 00:00:00,201.72
2025-07-02 01:00:00,113.6
2025-07-02 02:00:00,58.6
2025-07-02 03:00:00,58.6
2025-07-02 04:00:00,73.37
2025-07-02 05:00:00,160.92
2025-07-02 06:00:00,173.82
2025-07-02 07:00:00,152.98
2025-07-02 08:00:00,58.6
2025-07-02 09:00:00,58.6
2025-07-02 10:00:00,58.6
2025-07-02 11:00:00,58.6
2025-07-02 12:00:00,58.6
2025-07-02 13:00:00,58.6
2025-07-02 14:00:00,58.6
2025-07-02 15:00:00,195.15
2025-07-02 16:00:00,228.31
2025-07-02 17:00:00,243.31
2025-07-02 18:00:00,245.03
2025-07-02 19:00:00,243.57
2025-07-02 20:00:00,241.72
2025-07-02 21:00:00,233.02
2025-07-02 22:00:00,173.78
2025-07-02 23:00:00,165.35
2025-07-03 00:00:00,199.66
2025-07-03 01:00:00,172.7
2025-07-03 02:00:00,127.34
2025-07-03 03:00:00,125.84
2025-07-03 04:00:00,148.66
2025-07-03 05:00:00,176.39
2025-07-03 06:00:00,188.1
2025-07-03 07:00:00,169.36
2025-07-03 08:00:00,58.6
2025-07-03 09:00:00,58.6
2025-07-03 10:00:00,58.6
2025-07-03 11:00:00,58.6
2025-07-03 12:00:00,58.6
2025-07-03 13:00:00,58.6
2025-07-03 14:00:00,58.6
2025-07-03 15:00:00,194.71
2025-07-03 16:00:00,237.21
2025-07-03 17:00:00,246.75
2025-07-03 18:00:00,247.7
2025-07-03 19:00:00,244.54
2025-07-03 20:00:00,241.77
2025-07-03 21:00:00,240.13
2025-07-03 22:00:00,229.7
2025-07-03 23:00:00,208.41
2025-07-04 00:00:00,223.34
2025-07-04 01:00:00,218.26
2025-07-04 02:00:00,192.64
2025-07-04 03:00:00,193.91
2025-07-04 04:00:00,197.52
2025-07-04 05:00:00,218.45
2025-07-04 06:00:00,222.23
2025-07-04 07:00:00,218.11
2025-07-04 08:00:00,98.78
2025-07-04 09:00:00,58.6
2025-07-04 10:00:00,58.6
2025-07-04 11:00:00,58.6
2025-07-04 12:00:00,58.6
2025-07-04 13:00:00,58.6
2025-07-04 14:00:00,95.02
2025-07-04 15:00:00,221.33
2025-07-04 16:00:00,232.99
2025-07-04 17:00:00,242.7
2025-07-04 18:00:00,245.37
2025-07-04 19:00:00,241.59
2025-07-04 20:00:00,235.63
2025-07-04 21:00:00,230.57
2025-07-04 22:00:00,227.17
2025-07-04 23:00:00,222.97
2025-07-05 00:00:00,191.01
2025-07-05 01:00:00,138.34
2025-07-05 02:00:00,74.27
2025-07-05 03:00:00,63.83
2025-07-05 04:00:00,79.08
2025-07-05 05:00:00,107.89
2025-07-05 06:00:00,112.3
2025-07-05 07:00:00,58.6
2025-07-05 08:00:00,58.6
2025-07-05 09:00:00,58.6
2025-07-05 10:00:00,58.6
2025-07-05 11:00:00,58.6
2025-07-05 12:00:00,58.6
2025-07-05 13:00:00,58.6
2025-07-05 14:00:00,58.6
2025-07-05 15:00:00,58.6
2025-07-05 16:00:00,186.0
2025-07-05 17:00:00,254.81
2025-07-05 18:00:00,265.15
2025-07-05 19:00:00,257.15
2025-07-05 20:00:00,244.88
2025-07-05 21:00:00,239.83
2025-07-05 22:00:00,190.74
2025-07-05 23:00:00,157.6
2025-07-06 00:00:00,71.81
2025-07-06 01:00:00,58.6
2025-07-06 02:00:00,58.6
2025-07-06 03:00:00,58.6
2025-07-06 04:00:00,58.6
2025-07-06 05:00:00,58.6
2025-07-06 06:00:00,58.6
2025-07-06 07:00:00,58.6
2025-07-06 08:00:00,58.6
2025-07-06 09:00:00,58.6
2025-07-06 10:00:00,58.6
2025-07-06 11:00:00,58.6
2025-07-06 12:00:00,58.6
2025-07-06 13:00:00,58.6
2025-07-06 14:00:00,58.6
2025-07-06 15:00:00,58.6
2025-07-06 16:00:00,58.6
2025-07-06 17:00:00,237.56
2025-07-06 18:00:00,256.28
2025-07-06 19:00:00,244.87
2025-07-06 20:00:00,232.92
2025-07-06 21:00:00,188.55
2025-07-06 22:00:00,112.69
2025-07-06 23:00:00,95.96
2025-07-07 00:00:00,58.6
2025-07-07 01:00:00,58.6
2025-07-07 02:00:00,58.6
2025-07-07 03:00:00,58.6
2025-07-07 04:00:00,58.6
2025-07-07 05:00:00,58.6
2025-07-07 06:00:00,58.6
2025-07-07 07:00:00,58.6
2025-07-07 08:00:00,58.6
2025-07-07 09:00:00,58.6
2025-07-07 10:00:00,58.6
2025-07-07 11:00:00,58.6
2025-07-07 12:00:00,58.6
2025-07-07 13:00:00,58.6
2025-07-07 14:00:00,58.6
2025-07-07 15:00:00,58.6
2025-07-07 16:00:00,191.9
2025-07-07 17:00:00,255.11
2025-07-07 18:00:00,263.55
2025-07-07 19:00:00,259.68
2025-07-07 20:00:00,249.35
2025-07-07 21:00:00,243.01
2025-07-07 22:00:00,205.89
2025-07-07 23:00:00,58.6
