{
  "type": "FeatureCollection",
  "features": [
    {
      "type": "Feature",
      "geometry": {
        "type": "Point",
        "coordinates": [
          -36.654662,
          -6.088372
        ]
      },
      "properties": {
        "tipo": "conjunto",
        "nome": "Conjunto Eólico Acauã",
        "id_ons": "CJU_RNACA",
        "municipios": "Santana do Matos - RN; Lagoa Nova - RN; São Vicente - RN; Tenente Laurentino Cruz - RN",
        "capacidade_mw": 109.2,
        "qtd_aerogeradores": 26,
        "ponto_conexao": "SE Lagoa Nova II"
      }
    },
    {
      "type": "Feature",
      "geometry": {
        "type": "Point",
        "coordinates": [
          -36.487805,
          -5.352769
        ]
      },
      "properties": {
        "tipo": "conjunto",
        "nome": "Conjunto Eólico Afonso Bezerra",
        "id_ons": "CJU_RNAFB",
        "municipios": "Macau - RN; Afonso Bezerra - RN",
        "capacidade_mw": 159.6,
        "qtd_aerogeradores": 38,
        "ponto_conexao": "SE Açu II"
      }
    },
    {
      "type": "Feature",
      "geometry": {
        "type": "Point",
        "coordinates": [
          -36.362875,
          -5.094353
        ]
      },
      "properties": {
        "tipo": "conjunto",
        "nome": "Conjunto Eólico Alegria I",
        "id_ons": "RNUAU",
        "municipios": "Guamaré - RN",
        "capacidade_mw": 51.0,
        "qtd_aerogeradores": 31,
        "ponto_conexao": "SE Açu II"
      }
    },
    {
      "type": "Feature",
      "geometry": {
        "type": "Point",
        "coordinates": [
          -36.383306,
          -5.124306
        ]
      },
      "properties": {
        "tipo": "conjunto",
        "nome": "Conjunto Eólico Alegria II",
        "id_ons": "RNUAD",
        "municipios": "Guamaré - RN",
        "capacidade_mw": 100.65,
        "qtd_aerogeradores": 61,
        "ponto_conexao": "SE Açu II"
      }
    },
    {
      "type": "Feature",
      "geometry": {
        "type": "Point",
        "coordinates": [
          -36.622588,
          -6.164161
        ]
      },
      "properties": {
        "tipo": "conjunto",
        "nome": "Conjunto Eólico Anemus",
        "id_ons": "CJU_RNANE",
        "municipios": "Currais Novos - RN; São Vicente - RN",
        "capacidade_mw": 138.6,
        "qtd_aerogeradores": 33,
        "ponto_conexao": "SE Currais Novos II"
      }
    },
    {
      "type": "Feature",
      "geometry": {
        "type": "Point",
        "coordinates": [
          -36.907828,
          -4.966296
        ]
      },
      "properties": {
        "tipo": "conjunto",
        "nome": "Conjunto Eólico Areia Branca",
        "id_ons": "CJU_RNABR",
        "municipios": "Areia Branca - RN",
        "capacidade_mw": 50.4,
        "qtd_aerogeradores": 24,
        "ponto_conexao": "SE Mossoró II"
      }
    },
    {
      "type": "Feature",
      "geometry": {
        "type": "Point",
        "coordinates": [
          -35.984505,
          -5.321105
        ]
      },
      "properties": {
        "tipo": "conjunto",
        "nome": "Conjunto Eólico Asa Branca",
        "id_ons": "CJU_RNSAB",
        "municipios": "Parazinho - RN; João Câmara - RN",
        "capacidade_mw": 160.0,
        "qtd_aerogeradores": 100,
        "ponto_conexao": "SE João Câmara III"
      }
    },
    {
      "type": "Feature",
      "geometry": {
        "type": "Point",
        "coordinates": [
          -35.762467,
          -5.329523
        ]
      },
      "properties": {
        "tipo": "conjunto",
        "nome": "Conjunto Eólico Aventura",
        "id_ons": "CJU_RNAVD",
        "municipios": "Touros - RN",
        "capacidade_mw": 105.0,
        "qtd_aerogeradores": 25,
        "ponto_conexao": "SE João Câmara II"
      }
    },
    {
      "type": "Feature",
      "geometry": {
        "type": "Point",
        "coordinates": [
          -36.065279,
          -5.351473
        ]
      },
      "properties": {
        "tipo": "conjunto",
        "nome": "Conjunto Eólico Baixa do Feijão",
        "id_ons": "CJU_RNBFJ",
        "municipios": "Jandaíra - RN",
        "capacidade_mw": 218.7,
        "qtd_aerogeradores": 102,
        "ponto_conexao": "SE João Câmara III"
      }
    },
    {
      "type": "Feature",
      "geometry": {
        "type": "Point",
        "coordinates": [
          -35.789481,
          -5.252492
        ]
      },
      "properties": {
        "tipo": "conjunto",
        "nome": "Conjunto Eólico Bloco Sul",
        "id_ons": "CJU_RNBSL",
        "municipios": "Touros - RN; São Miguel do Gostoso - RN",
        "capacidade_mw": 155.4,
        "qtd_aerogeradores": 74,
        "ponto_conexao": "SE João Câmara III"
      }
    },
    {
      "type": "Feature",
      "geometry": {
        "type": "Point",
        "coordinates": [
          -35.872153,
          -5.339966
        ]
      },
      "properties": {
        "tipo": "conjunto",
        "nome": "Conjunto Eólico Brisa Potiguar I",
        "id_ons": "CJU_RNBP1",
        "municipios": "João Câmara - RN; Parazinho - RN",
        "capacidade_mw": 183.6,
        "qtd_aerogeradores": 68,
        "ponto_conexao": "SE João Câmara III"
      }
    },
    {
      "type": "Feature",
      "geometry": {
        "type": "Point",
        "coordinates": [
          -35.985514,
          -5.481504
        ]
      },
      "properties": {
        "tipo": "conjunto",
        "nome": "Conjunto Eólico Cabeço Preto II",
        "id_ons": "CJU_RNCPD",
        "municipios": "João Câmara - RN; Jardim de Angicos - RN",
        "capacidade_mw": 146.2,
        "qtd_aerogeradores": 70,
        "ponto_conexao": "SE João Câmara III"
      }
    },
    {
      "type": "Feature",
      "geometry": {
        "type": "Point",
        "coordinates": [
          -36.287893,
          -5.737942
        ]
      },
      "properties": {
        "tipo": "conjunto",
        "nome": "Conjunto Eólico Caju",
        "id_ons": "CJU_RNCAJ1",
        "municipios": "Pedro Avelino - RN; Angicos - RN; Fernando Pedroza - RN; Lajes - RN; Bodó - RN",
        "capacidade_mw": 685.8,
        "qtd_aerogeradores": 102,
        "ponto_conexao": "SE Açu III"
      }
    },
    {
      "type": "Feature",
      "geometry": {
        "type": "Point",
        "coordinates": [
          -36.545,
          -6.041389
        ]
      },
      "properties": {
        "tipo": "conjunto",
        "nome": "Conjunto Eólico Calango 1",
        "id_ons": "CJU_RNCA1",
        "municipios": "Bodó - RN",
        "capacidade_mw": 60.0,
        "qtd_aerogeradores": 30,
        "ponto_conexao": "SE Lagoa Nova II"
      }
    },
    {
      "type": "Feature",
      "geometry": {
        "type": "Point",
        "coordinates": [
          -36.481166,
          -6.023505
        ]
      },
      "properties": {
        "tipo": "conjunto",
        "nome": "Conjunto Eólico Calango 2",
        "id_ons": "CJU_RNCA2",
        "municipios": "Bodó - RN",
        "capacidade_mw": 90.0,
        "qtd_aerogeradores": 45,
        "ponto_conexao": "SE Lagoa Nova II"
      }
    },
    {
      "type": "Feature",
      "geometry": {
        "type": "Point",
        "coordinates": [
          -36.456468,
          -6.032277
        ]
      },
      "properties": {
        "tipo": "conjunto",
        "nome": "Conjunto Eólico Calango 3",
        "id_ons": "CJU_RNCA3",
        "municipios": "Bodó - RN; Lagoa Nova - RN",
        "capacidade_mw": 84.0,
        "qtd_aerogeradores": 42,
        "ponto_conexao": "SE Lagoa Nova II"
      }
    },
    {
      "type": "Feature",
      "geometry": {
        "type": "Point",
        "coordinates": [
          -35.943822,
          -5.3338
        ]
      },
      "properties": {
        "tipo": "conjunto",
        "nome": "Conjunto Eólico Campo dos Ventos",
        "id_ons": "CJU_RNCDV",
        "municipios": "João Câmara - RN; Parazinho - RN",
        "capacidade_mw": 105.6,
        "qtd_aerogeradores": 51,
        "ponto_conexao": "SE João Câmara III"
      }
    },
    {
      "type": "Feature",
      "geometry": {
        "type": "Point",
        "coordinates": [
          -35.656554,
          -5.13617
        ]
      },
      "properties": {
        "tipo": "conjunto",
        "nome": "Conjunto Eólico Carnaúbas",
        "id_ons": "CJU_RNCNB",
        "municipios": "São Miguel do Gostoso - RN; Touros - RN",
        "capacidade_mw": 108.0,
        "qtd_aerogeradores": 36,
        "ponto_conexao": "SE Touros"
      }
    },
    {
      "type": "Feature",
      "geometry": {
        "type": "Point",
        "coordinates": [
          -35.787442,
          -5.154307
        ]
      },
      "properties": {
        "tipo": "conjunto",
        "nome": "Conjunto Eólico Cumaru",
        "id_ons": "CJU_RNCMR",
        "municipios": "São Miguel do Gostoso - RN; Pedra Grande - RN",
        "capacidade_mw": 205.8,
        "qtd_aerogeradores": 49,
        "ponto_conexao": "SE João Câmara III"
      }
    },
    {
      "type": "Feature",
      "geometry": {
        "type": "Point",
        "coordinates": [
          -35.96115,
          -5.105501
        ]
      },
      "properties": {
        "tipo": "conjunto",
        "nome": "Conjunto Eólico Cutia",
        "id_ons": "CJU_RNCUT",
        "municipios": "Pedra Grande - RN; São Bento do Norte - RN",
        "capacidade_mw": 312.9,
        "qtd_aerogeradores": 149,
        "ponto_conexao": "SE Touros"
      }
    },
    {
      "type": "Feature",
      "geometry": {
        "type": "Point",
        "coordinates": [
          -35.481403,
          -5.242157
        ]
      },
      "properties": {
        "tipo": "conjunto",
        "nome": "Conjunto Eólico Gameleira",
        "id_ons": "CJU_RNGAM",
        "municipios": "Touros - RN",
        "capacidade_mw": 81.65,
        "qtd_aerogeradores": 23,
        "ponto_conexao": "SE Touros"
      }
    },
    {
      "type": "Feature",
      "geometry": {
        "type": "Point",
        "coordinates": [
          -36.01546,
          -5.432905
        ]
      },
      "properties": {
        "tipo": "conjunto",
        "nome": "Conjunto Eólico Jandaíra",
        "id_ons": "CJU_RNJDA",
        "municipios": "Jandaíra - RN",
        "capacidade_mw": 90.09,
        "qtd_aerogeradores": 26,
        "ponto_conexao": "SE João Câmara III"
      }
    },
    {
      "type": "Feature",
      "geometry": {
        "type": "Point",
        "coordinates": [
          -36.110478,
          -5.376564
        ]
      },
      "properties": {
        "tipo": "conjunto",
        "nome": "Conjunto Eólico Jandaíra III",
        "id_ons": "CJU_RNJDT",
        "municipios": "Jandaíra - RN",
        "capacidade_mw": 63.0,
        "qtd_aerogeradores": 15,
        "ponto_conexao": "SE Jandaíra II"
      }
    },
    {
      "type": "Feature",
      "geometry": {
        "type": "Point",
        "coordinates": [
          -36.106786,
          -5.667856
        ]
      },
      "properties": {
        "tipo": "conjunto",
        "nome": "Conjunto Eólico Jerusalém",
        "id_ons": "CJU_RNJER",
        "municipios": "Pedra Preta - RN; Lajes - RN; Caiçara do Rio do Vento - RN",
        "capacidade_mw": 260.4,
        "qtd_aerogeradores": 62,
        "ponto_conexao": "SE Monte Verde"
      }
    },
    {
      "type": "Feature",
      "geometry": {
        "type": "Point",
        "coordinates": [
          -35.850139,
          -5.412538
        ]
      },
      "properties": {
        "tipo": "conjunto",
        "nome": "Conjunto Eólico Macacos",
        "id_ons": "CJU_RNMAC",
        "municipios": "João Câmara - RN",
        "capacidade_mw": 78.2,
        "qtd_aerogeradores": 34,
        "ponto_conexao": "SE João Câmara III"
      }
    },
    {
      "type": "Feature",
      "geometry": {
        "type": "Point",
        "coordinates": [
          -36.347162,
          -5.173203
        ]
      },
      "properties": {
        "tipo": "conjunto",
        "nome": "Conjunto Eólico Mangue Seco",
        "id_ons": "CJU_RNMSC",
        "municipios": "Guamaré - RN",
        "capacidade_mw": 104.0,
        "qtd_aerogeradores": 52,
        "ponto_conexao": "SE Açu II"
      }
    },
    {
      "type": "Feature",
      "geometry": {
        "type": "Point",
        "coordinates": [
          -36.453648,
          -5.127838
        ]
      },
      "properties": {
        "tipo": "conjunto",
        "nome": "Conjunto Eólico Miassaba 3",
        "id_ons": "RNUES3",
        "municipios": "Macau - RN",
        "capacidade_mw": 68.47,
        "qtd_aerogeradores": 41,
        "ponto_conexao": "SE Açu II"
      }
    },
    {
      "type": "Feature",
      "geometry": {
        "type": "Point",
        "coordinates": [
          -35.896581,
          -5.42257
        ]
      },
      "properties": {
        "tipo": "conjunto",
        "nome": "Conjunto Eólico Modelo",
        "id_ons": "CJU_RNMOD",
        "municipios": "João Câmara - RN",
        "capacidade_mw": 55.2,
        "qtd_aerogeradores": 24,
        "ponto_conexao": "SE João Câmara II"
      }
    },
    {
      "type": "Feature",
      "geometry": {
        "type": "Point",
        "coordinates": [
          -36.024286,
          -5.159694
        ]
      },
      "properties": {
        "tipo": "conjunto",
        "nome": "Conjunto Eólico Monte do Ronca",
        "id_ons": "CJU_RNMNR",
        "municipios": "São Bento do Norte - RN",
        "capacidade_mw": 256.41,
        "qtd_aerogeradores": 74,
        "ponto_conexao": "SE João Câmara III"
      }
    },
    {
      "type": "Feature",
      "geometry": {
        "type": "Point",
        "coordinates": [
          -36.220628,
          -5.449031
        ]
      },
      "properties": {
        "tipo": "conjunto",
        "nome": "Conjunto Eólico Monte Verde",
        "id_ons": "CJU_RNEMVD",
        "municipios": "Pedro Avelino - RN; Lajes - RN; Jandaíra - RN",
        "capacidade_mw": 418.2,
        "qtd_aerogeradores": 98,
        "ponto_conexao": "SE Monte Verde"
      }
    },
    {
      "type": "Feature",
      "geometry": {
        "type": "Point",
        "coordinates": [
          -35.860754,
          -5.358298
        ]
      },
      "properties": {
        "tipo": "conjunto",
        "nome": "Conjunto Eólico Morro dos Ventos",
        "id_ons": "CJU_RNMVD",
        "municipios": "João Câmara - RN",
        "capacidade_mw": 173.4,
        "qtd_aerogeradores": 103,
        "ponto_conexao": "SE João Câmara II"
      }
    },
    {
      "type": "Feature",
      "geometry": {
        "type": "Point",
        "coordinates": [
          -35.868365,
          -5.381196
        ]
      },
      "properties": {
        "tipo": "conjunto",
        "nome": "Conjunto Eólico Morro dos Ventos II",
        "id_ons": "CJU_RNMVT",
        "municipios": "João Câmara - RN",
        "capacidade_mw": 89.16,
        "qtd_aerogeradores": 56,
        "ponto_conexao": "SE João Câmara III"
      }
    },
    {
      "type": "Feature",
      "geometry": {
        "type": "Point",
        "coordinates": [
          -36.977156,
          -5.009718
        ]
      },
      "properties": {
        "tipo": "conjunto",
        "nome": "Conjunto Eólico Mossoró II",
        "id_ons": "CJU_RN4EMSD",
        "municipios": "Serra do Mel - RN; Areia Branca - RN",
        "capacidade_mw": 407.94,
        "qtd_aerogeradores": 135,
        "ponto_conexao": "SE Mossoró II"
      }
    },
    {
      "type": "Feature",
      "geometry": {
        "type": "Point",
        "coordinates": [
          -35.662939,
          -5.207782
        ]
      },
      "properties": {
        "tipo": "conjunto",
        "nome": "Conjunto Eólico Mundo Novo",
        "id_ons": "CJU_RNMNV",
        "municipios": "São Miguel do Gostoso - RN",
        "capacidade_mw": 100.8,
        "qtd_aerogeradores": 23,
        "ponto_conexao": "SE Touros"
      }
    },
    {
      "type": "Feature",
      "geometry": {
        "type": "Point",
        "coordinates": [
          -36.664294,
          -6.757234
        ]
      },
      "properties": {
        "tipo": "conjunto",
        "nome": "Conjunto Eólico Oeste Seridó",
        "id_ons": "CJU_RNCSER",
        "municipios": "Parelhas - RN; Equador - RN",
        "capacidade_mw": 247.5,
        "qtd_aerogeradores": 55,
        "ponto_conexao": "SE Santa Luzia II"
      }
    },
    {
      "type": "Feature",
      "geometry": {
        "type": "Point",
        "coordinates": [
          -35.973845,
          -5.078769
        ]
      },
      "properties": {
        "tipo": "conjunto",
        "nome": "Conjunto Eólico Olho D'Água",
        "id_ons": "CJU_RNODA",
        "municipios": "São Bento do Norte - RN; Pedra Grande - RN",
        "capacidade_mw": 94.0,
        "qtd_aerogeradores": 47,
        "ponto_conexao": "SE João Câmara II"
      }
    },
    {
      "type": "Feature",
      "geometry": {
        "type": "Point",
        "coordinates": [
          -36.202046,
          -5.100869
        ]
      },
      "properties": {
        "tipo": "conjunto",
        "nome": "Conjunto Eólico Rei dos Ventos 1",
        "id_ons": "RNUERU",
        "municipios": "Galinhos - RN",
        "capacidade_mw": 58.45,
        "qtd_aerogeradores": 35,
        "ponto_conexao": "SE Açu II"
      }
    },
    {
      "type": "Feature",
      "geometry": {
        "type": "Point",
        "coordinates": [
          -36.163199,
          -5.118992
        ]
      },
      "properties": {
        "tipo": "conjunto",
        "nome": "Conjunto Eólico Rei dos Ventos 3",
        "id_ons": "RNUERT",
        "municipios": "Galinhos - RN",
        "capacidade_mw": 60.12,
        "qtd_aerogeradores": 36,
        "ponto_conexao": "SE Açu II"
      }
    },
    {
      "type": "Feature",
      "geometry": {
        "type": "Point",
        "coordinates": [
          -35.889087,
          -5.297763
        ]
      },
      "properties": {
        "tipo": "conjunto",
        "nome": "Conjunto Eólico Renascença",
        "id_ons": "CJU_RNREN",
        "municipios": "Parazinho - RN",
        "capacidade_mw": 150.0,
        "qtd_aerogeradores": 75,
        "ponto_conexao": "SE João Câmara III"
      }
    },
    {
      "type": "Feature",
      "geometry": {
        "type": "Point",
        "coordinates": [
          -35.845981,
          -5.33087
        ]
      },
      "properties": {
        "tipo": "conjunto",
        "nome": "Conjunto Eólico Renascença V",
        "id_ons": "CJU_RNREV",
        "municipios": "João Câmara - RN; Parazinho - RN",
        "capacidade_mw": 60.0,
        "qtd_aerogeradores": 30,
        "ponto_conexao": "SE João Câmara III"
      }
    },
    {
      "type": "Feature",
      "geometry": {
        "type": "Point",
        "coordinates": [
          -35.451107,
          -5.545776
        ]
      },
      "properties": {
        "tipo": "conjunto",
        "nome": "Conjunto Eólico Riachão",
        "id_ons": "CJU_RNRIA",
        "municipios": "Ceará-Mirim - RN",
        "capacidade_mw": 145.8,
        "qtd_aerogeradores": 54,
        "ponto_conexao": "SE Extremoz II"
      }
    },
    {
      "type": "Feature",
      "geometry": {
        "type": "Point",
        "coordinates": [
          -35.925845,
          -5.79735
        ]
      },
      "properties": {
        "tipo": "conjunto",
        "nome": "Conjunto Eólico Rio do Vento",
        "id_ons": "CJU_RNRDV",
        "municipios": "Caiçara do Rio do Vento - RN; Riachuelo - RN; Ruy Barbosa - RN; Bento Fernandes - RN",
        "capacidade_mw": 504.0,
        "qtd_aerogeradores": 120,
        "ponto_conexao": "SE Ceará Mirim II"
      }
    },
    {
      "type": "Feature",
      "geometry": {
        "type": "Point",
        "coordinates": [
          -36.117731,
          -5.822903
        ]
      },
      "properties": {
        "tipo": "conjunto",
        "nome": "Conjunto Eólico Rio do Vento Expansão",
        "id_ons": "CJU_RNRVE",
        "municipios": "São Tomé - RN; Lajes - RN; Caiçara do Rio do Vento - RN",
        "capacidade_mw": 534.2,
        "qtd_aerogeradores": 120,
        "ponto_conexao": "SE Ceará Mirim II"
      }
    },
    {
      "type": "Feature",
      "geometry": {
        "type": "Point",
        "coordinates": [
          -35.915229,
          -5.250266
        ]
      },
      "properties": {
        "tipo": "conjunto",
        "nome": "Conjunto Eólico Santa Clara",
        "id_ons": "CJU_RNSTC",
        "municipios": "Parazinho - RN",
        "capacidade_mw": 188.0,
        "qtd_aerogeradores": 94,
        "ponto_conexao": "SE João Câmara II"
      }
    },
    {
      "type": "Feature",
      "geometry": {
        "type": "Point",
        "coordinates": [
          -36.21193,
          -5.87764
        ]
      },
      "properties": {
        "tipo": "conjunto",
        "nome": "Conjunto Eólico Santa Rosa Mundo Novo",
        "id_ons": "CJU_RNSMN",
        "municipios": "São Tomé - RN; Lajes - RN; Cerro Corá - RN",
        "capacidade_mw": 155.4,
        "qtd_aerogeradores": 37,
        "ponto_conexao": "SE Paraíso"
      }
    },
    {
      "type": "Feature",
      "geometry": {
        "type": "Point",
        "coordinates": [
          -36.214914,
          -5.57343
        ]
      },
      "properties": {
        "tipo": "conjunto",
        "nome": "Conjunto Eólico Santo Agostinho",
        "id_ons": "CJU_RNSAG",
        "municipios": "Pedro Avelino - RN; Lajes - RN",
        "capacidade_mw": 434.0,
        "qtd_aerogeradores": 70,
        "ponto_conexao": "SE Monte Verde"
      }
    },
    {
      "type": "Feature",
      "geometry": {
        "type": "Point",
        "coordinates": [
          -35.755202,
          -5.27896
        ]
      },
      "properties": {
        "tipo": "conjunto",
        "nome": "Conjunto Eólico São Miguel",
        "id_ons": "CJU_RNSMG",
        "municipios": "São Miguel do Gostoso - RN",
        "capacidade_mw": 60.37,
        "qtd_aerogeradores": 23,
        "ponto_conexao": "SE João Câmara II"
      }
    },
    {
      "type": "Feature",
      "geometry": {
        "type": "Point",
        "coordinates": [
          -36.501313,
          -6.027258
        ]
      },
      "properties": {
        "tipo": "conjunto",
        "nome": "Conjunto Eólico Serra de Santana",
        "id_ons": "CJU_RN2ESSA",
        "municipios": "Tenente Laurentino Cruz - RN; Lagoa Nova - RN; Santana do Matos - RN; Cerro Corá - RN; Bodó - RN",
        "capacidade_mw": 204.0,
        "qtd_aerogeradores": 102,
        "ponto_conexao": "SE Lagoa Nova II"
      }
    },
    {
      "type": "Feature",
      "geometry": {
        "type": "Point",
        "coordinates": [
          -37.047545,
          -5.138938
        ]
      },
      "properties": {
        "tipo": "conjunto",
        "nome": "Conjunto Eólico Serra do Mel A",
        "id_ons": "CJU_RN5ESMA",
        "municipios": "Areia Branca - RN; Serra do Mel - RN",
        "capacidade_mw": 587.055,
        "qtd_aerogeradores": 158,
        "ponto_conexao": "SE Açu III"
      }
    },
    {
      "type": "Feature",
      "geometry": {
        "type": "Point",
        "coordinates": [
          -37.091264,
          -5.161165
        ]
      },
      "properties": {
        "tipo": "conjunto",
        "nome": "Conjunto Eólico Serra do Mel B",
        "id_ons": "CJU_RN5ESMB",
        "municipios": "Serra do Mel - RN",
        "capacidade_mw": 478.8,
        "qtd_aerogeradores": 114,
        "ponto_conexao": "SE Açu III"
      }
    },
    {
      "type": "Feature",
      "geometry": {
        "type": "Point",
        "coordinates": [
          -36.242684,
          -6.178667
        ]
      },
      "properties": {
        "tipo": "conjunto",
        "nome": "Conjunto Eólico Serra do Tigre",
        "id_ons": "CJU_RN5ETGS",
        "municipios": "Campo Redondo - RN; Currais Novos - RN; Picuí - PB; São Tomé - RN; Lajes Pintadas - RN; Coronel Ezequiel - RN",
        "capacidade_mw": 684.0,
        "qtd_aerogeradores": 152,
        "ponto_conexao": "SE Santa Luzia II"
      }
    },
    {
      "type": "Feature",
      "geometry": {
        "type": "Point",
        "coordinates": [
          -36.080207,
          -5.243353
        ]
      },
      "properties": {
        "tipo": "conjunto",
        "nome": "Conjunto Eólico Terra Santa",
        "id_ons": "CJU_RNTSN",
        "municipios": "Caiçara do Norte - RN",
        "capacidade_mw": 92.3,
        "qtd_aerogeradores": 26,
        "ponto_conexao": "SE João Câmara II"
      }
    },
    {
      "type": "Feature",
      "geometry": {
        "type": "Point",
        "coordinates": [
          -35.758189,
          -6.415758
        ]
      },
      "properties": {
        "tipo": "conjunto",
        "nome": "Conjunto Eólico Umari",
        "id_ons": "CJU_RNUMR",
        "municipios": "São José do Campestre - RN; Monte das Gameleiras - RN; Serra de São Bento - RN",
        "capacidade_mw": 202.5,
        "qtd_aerogeradores": 45,
        "ponto_conexao": "SE Riachão II"
      }
    },
    {
      "type": "Feature",
      "geometry": {
        "type": "Point",
        "coordinates": [
          -35.832568,
          -5.090357
        ]
      },
      "properties": {
        "tipo": "conjunto",
        "nome": "Conjunto Eólico União dos Ventos",
        "id_ons": "CJU_RNUVT",
        "municipios": "Pedra Grande - RN; São Miguel do Gostoso - RN",
        "capacidade_mw": 234.7,
        "qtd_aerogeradores": 137,
        "ponto_conexao": "SE João Câmara II"
      }
    },
    {
      "type": "Feature",
      "geometry": {
        "type": "Point",
        "coordinates": [
          -36.36287521,
          -5.09435278
        ]
      },
      "properties": {
        "tipo": "usina",
        "nome": "Alegria I",
        "conjunto": "ALEGRIA I",
        "ceg": "EOL.CV.RN.028444-0.1",
        "fonte_coordenada": "https://dadosabertos.aneel.gov.br/dataset/siga-sistema-de-informacoes-de-geracao-da-aneel"
      }
    },
    {
      "type": "Feature",
      "geometry": {
        "type": "Point",
        "coordinates": [
          -36.38330556,
          -5.12430556
        ]
      },
      "properties": {
        "tipo": "usina",
        "nome": "Alegria II",
        "conjunto": "ALEGRIA II",
        "ceg": "EOL.CV.RN.028443-2.1",
        "fonte_coordenada": "https://dadosabertos.aneel.gov.br/dataset/siga-sistema-de-informacoes-de-geracao-da-aneel"
      }
    },
    {
      "type": "Feature",
      "geometry": {
        "type": "Point",
        "coordinates": [
          -36.66725811,
          -6.08534294
        ]
      },
      "properties": {
        "tipo": "usina",
        "nome": "Acauã I",
        "conjunto": "CONJ. ACAUÃ",
        "ceg": "EOL.CV.RN.033597-5.1",
        "fonte_coordenada": "https://dadosabertos.aneel.gov.br/dataset/siga-sistema-de-informacoes-de-geracao-da-aneel"
      }
    },
    {
      "type": "Feature",
      "geometry": {
        "type": "Point",
        "coordinates": [
          -36.6740219,
          -6.07896351
        ]
      },
      "properties": {
        "tipo": "usina",
        "nome": "Acauã II",
        "conjunto": "CONJ. ACAUÃ",
        "ceg": "EOL.CV.RN.033598-3.1",
        "fonte_coordenada": "https://dadosabertos.aneel.gov.br/dataset/siga-sistema-de-informacoes-de-geracao-da-aneel"
      }
    },
    {
      "type": "Feature",
      "geometry": {
        "type": "Point",
        "coordinates": [
          -36.62938754,
          -6.09755184
        ]
      },
      "properties": {
        "tipo": "usina",
        "nome": "Acauã III",
        "conjunto": "CONJ. ACAUÃ",
        "ceg": "EOL.CV.RN.033864-8.1",
        "fonte_coordenada": "https://dadosabertos.aneel.gov.br/dataset/siga-sistema-de-informacoes-de-geracao-da-aneel"
      }
    },
    {
      "type": "Feature",
      "geometry": {
        "type": "Point",
        "coordinates": [
          -36.64797899,
          -6.0916316
        ]
      },
      "properties": {
        "tipo": "usina",
        "nome": "Baixa do Sítio",
        "conjunto": "CONJ. ACAUÃ",
        "ceg": "EOL.CV.RN.033964-4.1",
        "fonte_coordenada": "https://dadosabertos.aneel.gov.br/dataset/siga-sistema-de-informacoes-de-geracao-da-aneel"
      }
    },
    {
      "type": "Feature",
      "geometry": {
        "type": "Point",
        "coordinates": [
          -36.506188,
          -5.324612
        ]
      },
      "properties": {
        "tipo": "usina",
        "nome": "Afonso Bezerra I",
        "conjunto": "CONJ. AFONSO BEZERRA",
        "ceg": "EOL.CV.RN.035158-0.1",
        "fonte_coordenada": "https://dadosabertos.aneel.gov.br/dataset/siga-sistema-de-informacoes-de-geracao-da-aneel"
      }
    },
    {
      "type": "Feature",
      "geometry": {
        "type": "Point",
        "coordinates": [
          -36.472255,
          -5.361155
        ]
      },
      "properties": {
        "tipo": "usina",
        "nome": "Afonso Bezerra II",
        "conjunto": "CONJ. AFONSO BEZERRA",
        "ceg": "EOL.CV.RN.035159-8.1",
        "fonte_coordenada": "https://dadosabertos.aneel.gov.br/dataset/siga-sistema-de-informacoes-de-geracao-da-aneel"
      }
    },
    {
      "type": "Feature",
      "geometry": {
        "type": "Point",
        "coordinates": [
          -36.492484,
          -5.409117
        ]
      },
      "properties": {
        "tipo": "usina",
        "nome": "Afonso Bezerra III",
        "conjunto": "CONJ. AFONSO BEZERRA",
        "ceg": "EOL.CV.RN.035160-1.1",
        "fonte_coordenada": "https://dadosabertos.aneel.gov.br/dataset/siga-sistema-de-informacoes-de-geracao-da-aneel"
      }
    },
    {
      "type": "Feature",
      "geometry": {
        "type": "Point",
        "coordinates": [
          -36.469319,
          -5.350388
        ]
      },
      "properties": {
        "tipo": "usina",
        "nome": "Afonso Bezerra IV",
        "conjunto": "CONJ. AFONSO BEZERRA",
        "ceg": "EOL.CV.RN.035161-0.1",
        "fonte_coordenada": "https://dadosabertos.aneel.gov.br/dataset/siga-sistema-de-informacoes-de-geracao-da-aneel"
      }
    },
    {
      "type": "Feature",
      "geometry": {
        "type": "Point",
        "coordinates": [
          -36.4891822,
          -5.31509776
        ]
      },
      "properties": {
        "tipo": "usina",
        "nome": "Angicos I",
        "conjunto": "CONJ. AFONSO BEZERRA",
        "ceg": "EOL.CV.RN.035165-2.1",
        "fonte_coordenada": "https://dadosabertos.aneel.gov.br/dataset/siga-sistema-de-informacoes-de-geracao-da-aneel"
      }
    },
    {
      "type": "Feature",
      "geometry": {
        "type": "Point",
        "coordinates": [
          -36.49740094,
          -5.35624499
        ]
      },
      "properties": {
        "tipo": "usina",
        "nome": "Angicos II",
        "conjunto": "CONJ. AFONSO BEZERRA",
        "ceg": "EOL.CV.RN.035166-0.1",
        "fonte_coordenada": "https://dadosabertos.aneel.gov.br/dataset/siga-sistema-de-informacoes-de-geracao-da-aneel"
      }
    },
    {
      "type": "Feature",
      "geometry": {
        "type": "Point",
        "coordinates": [
          -36.62069013,
          -6.15498999
        ]
      },
      "properties": {
        "tipo": "usina",
        "nome": "Anemus Wind 1 (Antiga Queimadas I)",
        "conjunto": "CONJ. ANEMUS",
        "ceg": "EOL.CV.RN.034498-2.1",
        "fonte_coordenada": "https://dadosabertos.aneel.gov.br/dataset/siga-sistema-de-informacoes-de-geracao-da-aneel"
      }
    },
    {
      "type": "Feature",
      "geometry": {
        "type": "Point",
        "coordinates": [
          -36.62933373,
          -6.14863813
        ]
      },
      "properties": {
        "tipo": "usina",
        "nome": "Anemus Wind 2",
        "conjunto": "CONJ. ANEMUS",
        "ceg": "EOL.CV.RN.034499-0.1",
        "fonte_coordenada": "https://dadosabertos.aneel.gov.br/dataset/siga-sistema-de-informacoes-de-geracao-da-aneel"
      }
    },
    {
      "type": "Feature",
      "geometry": {
        "type": "Point",
        "coordinates": [
          -36.61773924,
          -6.1888534
        ]
      },
      "properties": {
        "tipo": "usina",
        "nome": "Anemus Wind 3",
        "conjunto": "CONJ. ANEMUS",
        "ceg": "EOL.CV.RN.051067-0.1",
        "fonte_coordenada": "https://dadosabertos.aneel.gov.br/dataset/siga-sistema-de-informacoes-de-geracao-da-aneel"
      }
    },
    {
      "type": "Feature",
      "geometry": {
        "type": "Point",
        "coordinates": [
          -36.90093714,
          -4.96861732
        ]
      },
      "properties": {
        "tipo": "usina",
        "nome": "Areia Branca",
        "conjunto": "CONJ. AREIA BRANCA",
        "ceg": "EOL.CV.RN.030340-2.1",
        "fonte_coordenada": "https://dadosabertos.aneel.gov.br/dataset/siga-sistema-de-informacoes-de-geracao-da-aneel"
      }
    },
    {
      "type": "Feature",
      "geometry": {
        "type": "Point",
        "coordinates": [
          -36.91471965,
          -4.96397514
        ]
      },
      "properties": {
        "tipo": "usina",
        "nome": "Mar e Terra",
        "conjunto": "CONJ. AREIA BRANCA",
        "ceg": "EOL.CV.RN.030389-5.1",
        "fonte_coordenada": "https://dadosabertos.aneel.gov.br/dataset/siga-sistema-de-informacoes-de-geracao-da-aneel"
      }
    },
    {
      "type": "Feature",
      "geometry": {
        "type": "Point",
        "coordinates": [
          -35.99158905,
          -5.32906522
        ]
      },
      "properties": {
        "tipo": "usina",
        "nome": "Asa Branca IV",
        "conjunto": "CONJ. ASA BRANCA",
        "ceg": "EOL.CV.RN.030498-0.1",
        "fonte_coordenada": "https://dadosabertos.aneel.gov.br/dataset/siga-sistema-de-informacoes-de-geracao-da-aneel"
      }
    },
    {
      "type": "Feature",
      "geometry": {
        "type": "Point",
        "coordinates": [
          -36.00879106,
          -5.38276168
        ]
      },
      "properties": {
        "tipo": "usina",
        "nome": "Asa Branca V",
        "conjunto": "CONJ. ASA BRANCA",
        "ceg": "EOL.CV.RN.030507-3.1",
        "fonte_coordenada": "https://dadosabertos.aneel.gov.br/dataset/siga-sistema-de-informacoes-de-geracao-da-aneel"
      }
    },
    {
      "type": "Feature",
      "geometry": {
        "type": "Point",
        "coordinates": [
          -35.99872068,
          -5.35963724
        ]
      },
      "properties": {
        "tipo": "usina",
        "nome": "Asa Branca VI",
        "conjunto": "CONJ. ASA BRANCA",
        "ceg": "EOL.CV.RN.030520-0.1",
        "fonte_coordenada": "https://dadosabertos.aneel.gov.br/dataset/siga-sistema-de-informacoes-de-geracao-da-aneel"
      }
    },
    {
      "type": "Feature",
      "geometry": {
        "type": "Point",
        "coordinates": [
          -35.943,
          -5.25286111
        ]
      },
      "properties": {
        "tipo": "usina",
        "nome": "Asa Branca VII",
        "conjunto": "CONJ. ASA BRANCA",
        "ceg": "EOL.CV.RN.030513-8.1",
        "fonte_coordenada": "https://dadosabertos.aneel.gov.br/dataset/siga-sistema-de-informacoes-de-geracao-da-aneel"
      }
    },
    {
      "type": "Feature",
      "geometry": {
        "type": "Point",
        "coordinates": [
          -35.98042454,
          -5.2811997
        ]
      },
      "properties": {
        "tipo": "usina",
        "nome": "Asa Branca VIII",
        "conjunto": "CONJ. ASA BRANCA",
        "ceg": "EOL.CV.RN.030508-1.1",
        "fonte_coordenada": "https://dadosabertos.aneel.gov.br/dataset/siga-sistema-de-informacoes-de-geracao-da-aneel"
      }
    },
    {
      "type": "Feature",
      "geometry": {
        "type": "Point",
        "coordinates": [
          -35.73408378,
          -5.32567041
        ]
      },
      "properties": {
        "tipo": "usina",
        "nome": "Aventura II",
        "conjunto": "CONJ. AVENTURA",
        "ceg": "EOL.CV.RN.033002-7.1",
        "fonte_coordenada": "https://dadosabertos.aneel.gov.br/dataset/siga-sistema-de-informacoes-de-geracao-da-aneel"
      }
    },
    {
      "type": "Feature",
      "geometry": {
        "type": "Point",
        "coordinates": [
          -35.75434684,
          -5.32656775
        ]
      },
      "properties": {
        "tipo": "usina",
        "nome": "Aventura III",
        "conjunto": "CONJ. AVENTURA",
        "ceg": "EOL.CV.RN.033026-4.1",
        "fonte_coordenada": "https://dadosabertos.aneel.gov.br/dataset/siga-sistema-de-informacoes-de-geracao-da-aneel"
      }
    },
    {
      "type": "Feature",
      "geometry": {
        "type": "Point",
        "coordinates": [
          -35.76744884,
          -5.33959433
        ]
      },
      "properties": {
        "tipo": "usina",
        "nome": "Aventura IV",
        "conjunto": "CONJ. AVENTURA",
        "ceg": "EOL.CV.RN.037949-2.1",
        "fonte_coordenada": "https://dadosabertos.aneel.gov.br/dataset/siga-sistema-de-informacoes-de-geracao-da-aneel"
      }
    },
    {
      "type": "Feature",
      "geometry": {
        "type": "Point",
        "coordinates": [
          -35.79398736,
          -5.32626114
        ]
      },
      "properties": {
        "tipo": "usina",
        "nome": "Aventura V",
        "conjunto": "CONJ. AVENTURA",
        "ceg": "EOL.CV.RN.037950-6.1",
        "fonte_coordenada": "https://dadosabertos.aneel.gov.br/dataset/siga-sistema-de-informacoes-de-geracao-da-aneel"
      }
    },
    {
      "type": "Feature",
      "geometry": {
        "type": "Point",
        "coordinates": [
          -36.11292362,
          -5.33867728
        ]
      },
      "properties": {
        "tipo": "usina",
        "nome": "Aroeira",
        "conjunto": "CONJ. BAIXA DO FEIJÃO",
        "ceg": "EOL.CV.RN.031801-9.1",
        "fonte_coordenada": "https://dadosabertos.aneel.gov.br/dataset/siga-sistema-de-informacoes-de-geracao-da-aneel"
      }
    },
    {
      "type": "Feature",
      "geometry": {
        "type": "Point",
        "coordinates": [
          -36.03167954,
          -5.3697696
        ]
      },
      "properties": {
        "tipo": "usina",
        "nome": "Baixa do Feijão I",
        "conjunto": "CONJ. BAIXA DO FEIJÃO",
        "ceg": "EOL.CV.RN.030932-0.1",
        "fonte_coordenada": "https://dadosabertos.aneel.gov.br/dataset/siga-sistema-de-informacoes-de-geracao-da-aneel"
      }
    },
    {
      "type": "Feature",
      "geometry": {
        "type": "Point",
        "coordinates": [
          -36.03810741,
          -5.30224886
        ]
      },
      "properties": {
        "tipo": "usina",
        "nome": "Baixa do Feijão II",
        "conjunto": "CONJ. BAIXA DO FEIJÃO",
        "ceg": "EOL.CV.RN.030933-8.1",
        "fonte_coordenada": "https://dadosabertos.aneel.gov.br/dataset/siga-sistema-de-informacoes-de-geracao-da-aneel"
      }
    },
    {
      "type": "Feature",
      "geometry": {
        "type": "Point",
        "coordinates": [
          -36.04003815,
          -5.3449288
        ]
      },
      "properties": {
        "tipo": "usina",
        "nome": "Baixa do Feijão III",
        "conjunto": "CONJ. BAIXA DO FEIJÃO",
        "ceg": "EOL.CV.RN.030934-6.1",
        "fonte_coordenada": "https://dadosabertos.aneel.gov.br/dataset/siga-sistema-de-informacoes-de-geracao-da-aneel"
      }
    },
    {
      "type": "Feature",
      "geometry": {
        "type": "Point",
        "coordinates": [
          -36.06063482,
          -5.32196326
        ]
      },
      "properties": {
        "tipo": "usina",
        "nome": "Baixa do Feijão IV",
        "conjunto": "CONJ. BAIXA DO FEIJÃO",
        "ceg": "EOL.CV.RN.030931-1.1",
        "fonte_coordenada": "https://dadosabertos.aneel.gov.br/dataset/siga-sistema-de-informacoes-de-geracao-da-aneel"
      }
    },
    {
      "type": "Feature",
      "geometry": {
        "type": "Point",
        "coordinates": [
          -36.09034821,
          -5.37121447
        ]
      },
      "properties": {
        "tipo": "usina",
        "nome": "Jericó",
        "conjunto": "CONJ. BAIXA DO FEIJÃO",
        "ceg": "EOL.CV.RN.031802-7.1",
        "fonte_coordenada": "https://dadosabertos.aneel.gov.br/dataset/siga-sistema-de-informacoes-de-geracao-da-aneel"
      }
    },
    {
      "type": "Feature",
      "geometry": {
        "type": "Point",
        "coordinates": [
          -36.0832232,
          -5.41151004
        ]
      },
      "properties": {
        "tipo": "usina",
        "nome": "Umbuzeiros",
        "conjunto": "CONJ. BAIXA DO FEIJÃO",
        "ceg": "EOL.CV.RN.031826-4.1",
        "fonte_coordenada": "https://dadosabertos.aneel.gov.br/dataset/siga-sistema-de-informacoes-de-geracao-da-aneel"
      }
    },
    {
      "type": "Feature",
      "geometry": {
        "type": "Point",
        "coordinates": [
          -35.80055853,
          -5.27983007
        ]
      },
      "properties": {
        "tipo": "usina",
        "nome": "Santa Mônica",
        "conjunto": "CONJ. BLOCO SUL",
        "ceg": "EOL.CV.RN.031427-7.1",
        "fonte_coordenada": "https://dadosabertos.aneel.gov.br/dataset/siga-sistema-de-informacoes-de-geracao-da-aneel"
      }
    },
    {
      "type": "Feature",
      "geometry": {
        "type": "Point",
        "coordinates": [
          -35.78931672,
          -5.29366049
        ]
      },
      "properties": {
        "tipo": "usina",
        "nome": "Santa Úrsula",
        "conjunto": "CONJ. BLOCO SUL",
        "ceg": "EOL.CV.RN.031425-0.1",
        "fonte_coordenada": "https://dadosabertos.aneel.gov.br/dataset/siga-sistema-de-informacoes-de-geracao-da-aneel"
      }
    },
    {
      "type": "Feature",
      "geometry": {
        "type": "Point",
        "coordinates": [
          -35.78090198,
          -5.27793198
        ]
      },
      "properties": {
        "tipo": "usina",
        "nome": "Ventos de São Martinho",
        "conjunto": "CONJ. BLOCO SUL",
        "ceg": "EOL.CV.RN.031412-9.1",
        "fonte_coordenada": "https://dadosabertos.aneel.gov.br/dataset/siga-sistema-de-informacoes-de-geracao-da-aneel"
      }
    },
    {
      "type": "Feature",
      "geometry": {
        "type": "Point",
        "coordinates": [
          -35.78992453,
          -5.23370126
        ]
      },
      "properties": {
        "tipo": "usina",
        "nome": "Ventos de Santo Dimas",
        "conjunto": "CONJ. BLOCO SUL",
        "ceg": "EOL.CV.RN.031372-6.1",
        "fonte_coordenada": "https://dadosabertos.aneel.gov.br/dataset/siga-sistema-de-informacoes-de-geracao-da-aneel"
      }
    },
    {
      "type": "Feature",
      "geometry": {
        "type": "Point",
        "coordinates": [
          -35.78523117,
          -5.22620707
        ]
      },
      "properties": {
        "tipo": "usina",
        "nome": "Ventos de São Benedito",
        "conjunto": "CONJ. BLOCO SUL",
        "ceg": "EOL.CV.RN.031373-4.1",
        "fonte_coordenada": "https://dadosabertos.aneel.gov.br/dataset/siga-sistema-de-informacoes-de-geracao-da-aneel"
      }
    },
    {
      "type": "Feature",
      "geometry": {
        "type": "Point",
        "coordinates": [
          -35.79095338,
          -5.2036191
        ]
      },
      "properties": {
        "tipo": "usina",
        "nome": "São Domingos",
        "conjunto": "CONJ. BLOCO SUL",
        "ceg": "EOL.CV.RN.032215-6.1",
        "fonte_coordenada": "https://dadosabertos.aneel.gov.br/dataset/siga-sistema-de-informacoes-de-geracao-da-aneel"
      }
    },
    {
      "type": "Feature",
      "geometry": {
        "type": "Point",
        "coordinates": [
          -35.92330935,
          -5.44216093
        ]
      },
      "properties": {
        "tipo": "usina",
        "nome": "SM",
        "conjunto": "CONJ. BRISA POTIGUAR I",
        "ceg": "EOL.CV.RN.030864-1.1",
        "fonte_coordenada": "https://dadosabertos.aneel.gov.br/dataset/siga-sistema-de-informacoes-de-geracao-da-aneel"
      }
    },
    {
      "type": "Feature",
      "geometry": {
        "type": "Point",
        "coordinates": [
          -35.91615497,
          -5.47205586
        ]
      },
      "properties": {
        "tipo": "usina",
        "nome": "Santa Helena",
        "conjunto": "CONJ. BRISA POTIGUAR I",
        "ceg": "EOL.CV.RN.030834-0.1",
        "fonte_coordenada": "https://dadosabertos.aneel.gov.br/dataset/siga-sistema-de-informacoes-de-geracao-da-aneel"
      }
    },
    {
      "type": "Feature",
      "geometry": {
        "type": "Point",
        "coordinates": [
          -35.90008936,
          -5.48727863
        ]
      },
      "properties": {
        "tipo": "usina",
        "nome": "Ventos de Santo Uriel",
        "conjunto": "CONJ. BRISA POTIGUAR I",
        "ceg": "EOL.CV.RN.030828-5.1",
        "fonte_coordenada": "https://dadosabertos.aneel.gov.br/dataset/siga-sistema-de-informacoes-de-geracao-da-aneel"
      }
    },
    {
      "type": "Feature",
      "geometry": {
        "type": "Point",
        "coordinates": [
          -35.82660981,
          -5.23234863
        ]
      },
      "properties": {
        "tipo": "usina",
        "nome": "Asa Branca I",
        "conjunto": "CONJ. BRISA POTIGUAR I",
        "ceg": "EOL.CV.RN.030505-7.1",
        "fonte_coordenada": "https://dadosabertos.aneel.gov.br/dataset/siga-sistema-de-informacoes-de-geracao-da-aneel"
      }
    },
    {
      "type": "Feature",
      "geometry": {
        "type": "Point",
        "coordinates": [
          -35.88081169,
          -5.2286132
        ]
      },
      "properties": {
        "tipo": "usina",
        "nome": "Asa Branca II",
        "conjunto": "CONJ. BRISA POTIGUAR I",
        "ceg": "EOL.CV.RN.030547-2.1",
        "fonte_coordenada": "https://dadosabertos.aneel.gov.br/dataset/siga-sistema-de-informacoes-de-geracao-da-aneel"
      }
    },
    {
      "type": "Feature",
      "geometry": {
        "type": "Point",
        "coordinates": [
          -35.84364663,
          -5.25507378
        ]
      },
      "properties": {
        "tipo": "usina",
        "nome": "Asa Branca III",
        "conjunto": "CONJ. BRISA POTIGUAR I",
        "ceg": "EOL.CV.RN.030548-0.1",
        "fonte_coordenada": "https://dadosabertos.aneel.gov.br/dataset/siga-sistema-de-informacoes-de-geracao-da-aneel"
      }
    },
    {
      "type": "Feature",
      "geometry": {
        "type": "Point",
        "coordinates": [
          -35.81445103,
          -5.26222884
        ]
      },
      "properties": {
        "tipo": "usina",
        "nome": "Eurus IV",
        "conjunto": "CONJ. BRISA POTIGUAR I",
        "ceg": "EOL.CV.RN.030509-0.1",
        "fonte_coordenada": "https://dadosabertos.aneel.gov.br/dataset/siga-sistema-de-informacoes-de-geracao-da-aneel"
      }
    },
    {
      "type": "Feature",
      "geometry": {
        "type": "Point",
        "coordinates": [
          -35.98613113,
          -5.41830211
        ]
      },
      "properties": {
        "tipo": "usina",
        "nome": "Cabeço Preto III",
        "conjunto": "CONJ. CABEÇO PRETO II",
        "ceg": "EOL.CV.RN.031015-8.1",
        "fonte_coordenada": "https://dadosabertos.aneel.gov.br/dataset/siga-sistema-de-informacoes-de-geracao-da-aneel"
      }
    },
    {
      "type": "Feature",
      "geometry": {
        "type": "Point",
        "coordinates": [
          -36.00440197,
          -5.47992913
        ]
      },
      "properties": {
        "tipo": "usina",
        "nome": "Cabeço Preto V",
        "conjunto": "CONJ. CABEÇO PRETO II",
        "ceg": "EOL.CV.RN.030876-5.1",
        "fonte_coordenada": "https://dadosabertos.aneel.gov.br/dataset/siga-sistema-de-informacoes-de-geracao-da-aneel"
      }
    },
    {
      "type": "Feature",
      "geometry": {
        "type": "Point",
        "coordinates": [
          -35.93527616,
          -5.46435727
        ]
      },
      "properties": {
        "tipo": "usina",
        "nome": "Cabeço Preto VI",
        "conjunto": "CONJ. CABEÇO PRETO II",
        "ceg": "EOL.CV.RN.030900-1.1",
        "fonte_coordenada": "https://dadosabertos.aneel.gov.br/dataset/siga-sistema-de-informacoes-de-geracao-da-aneel"
      }
    },
    {
      "type": "Feature",
      "geometry": {
        "type": "Point",
        "coordinates": [
          -36.00362986,
          -5.49281996
        ]
      },
      "properties": {
        "tipo": "usina",
        "nome": "Cabeço Vermelho",
        "conjunto": "CONJ. CABEÇO PRETO II",
        "ceg": "EOL.CV.RN.031651-2.1",
        "fonte_coordenada": "https://dadosabertos.aneel.gov.br/dataset/siga-sistema-de-informacoes-de-geracao-da-aneel"
      }
    },
    {
      "type": "Feature",
      "geometry": {
        "type": "Point",
        "coordinates": [
          -35.98785357,
          -5.49487767
        ]
      },
      "properties": {
        "tipo": "usina",
        "nome": "Cabeço Vermelho II",
        "conjunto": "CONJ. CABEÇO PRETO II",
        "ceg": "EOL.CV.RN.031665-2.1",
        "fonte_coordenada": "https://dadosabertos.aneel.gov.br/dataset/siga-sistema-de-informacoes-de-geracao-da-aneel"
      }
    },
    {
      "type": "Feature",
      "geometry": {
        "type": "Point",
        "coordinates": [
          -35.9957913,
          -5.53873532
        ]
      },
      "properties": {
        "tipo": "usina",
        "nome": "Boa Esperança I",
        "conjunto": "CONJ. CABEÇO PRETO II",
        "ceg": "EOL.CV.RN.033666-1.1",
        "fonte_coordenada": "https://dadosabertos.aneel.gov.br/dataset/siga-sistema-de-informacoes-de-geracao-da-aneel"
      }
    },
    {
      "type": "Feature",
      "geometry": {
        "type": "Point",
        "coordinates": [
          -36.27139432,
          -5.60953478
        ]
      },
      "properties": {
        "tipo": "usina",
        "nome": "Cajuína A1 (Antiga Ventos de Santa Tereza 01)",
        "conjunto": "CONJ. CAJU",
        "ceg": "EOL.CV.RN.047235-2.1",
        "fonte_coordenada": "https://dadosabertos.aneel.gov.br/dataset/siga-sistema-de-informacoes-de-geracao-da-aneel"
      }
    },
    {
      "type": "Feature",
      "geometry": {
        "type": "Point",
        "coordinates": [
          -36.27909872,
          -5.62278187
        ]
      },
      "properties": {
        "tipo": "usina",
        "nome": "Cajuína A2 (Antiga Ventos de Santa Tereza 02)",
        "conjunto": "CONJ. CAJU",
        "ceg": "EOL.CV.RN.047236-0.1",
        "fonte_coordenada": "https://dadosabertos.aneel.gov.br/dataset/siga-sistema-de-informacoes-de-geracao-da-aneel"
      }
    },
    {
      "type": "Feature",
      "geometry": {
        "type": "Point",
        "coordinates": [
          -36.27669683,
          -5.64269581
        ]
      },
      "properties": {
        "tipo": "usina",
        "nome": "Cajuína A3 (Antiga Ventos de Santa Tereza 03)",
        "conjunto": "CONJ. CAJU",
        "ceg": "EOL.CV.RN.047237-9.1",
        "fonte_coordenada": "https://dadosabertos.aneel.gov.br/dataset/siga-sistema-de-informacoes-de-geracao-da-aneel"
      }
    },
    {
      "type": "Feature",
      "geometry": {
        "type": "Point",
        "coordinates": [
          -36.27781948,
          -5.66495761
        ]
      },
      "properties": {
        "tipo": "usina",
        "nome": "Cajuína A4 (Antiga Ventos de Santa Tereza 05)",
        "conjunto": "CONJ. CAJU",
        "ceg": "EOL.CV.RN.047239-5.1",
        "fonte_coordenada": "https://dadosabertos.aneel.gov.br/dataset/siga-sistema-de-informacoes-de-geracao-da-aneel"
      }
    },
    {
      "type": "Feature",
      "geometry": {
        "type": "Point",
        "coordinates": [
          -36.28645658,
          -5.6813631
        ]
      },
      "properties": {
        "tipo": "usina",
        "nome": "Cajuína A5 (Antiga Ventos de Santa Tereza 10)",
        "conjunto": "CONJ. CAJU",
        "ceg": "EOL.CV.RN.047244-1.1",
        "fonte_coordenada": "https://dadosabertos.aneel.gov.br/dataset/siga-sistema-de-informacoes-de-geracao-da-aneel"
      }
    },
    {
      "type": "Feature",
      "geometry": {
        "type": "Point",
        "coordinates": [
          -36.28609107,
          -5.71882632
        ]
      },
      "properties": {
        "tipo": "usina",
        "nome": "Cajuína A6 (Antiga Ventos de Santa Tereza 13)",
        "conjunto": "CONJ. CAJU",
        "ceg": "EOL.CV.RN.047247-6.1",
        "fonte_coordenada": "https://dadosabertos.aneel.gov.br/dataset/siga-sistema-de-informacoes-de-geracao-da-aneel"
      }
    },
    {
      "type": "Feature",
      "geometry": {
        "type": "Point",
        "coordinates": [
          -36.29481595,
          -5.73582897
        ]
      },
      "properties": {
        "tipo": "usina",
        "nome": "Cajuína A7 (Antiga Ventos de Santa Tereza 14)",
        "conjunto": "CONJ. CAJU",
        "ceg": "EOL.CV.RN.047198-4.1",
        "fonte_coordenada": "https://dadosabertos.aneel.gov.br/dataset/siga-sistema-de-informacoes-de-geracao-da-aneel"
      }
    },
    {
      "type": "Feature",
      "geometry": {
        "type": "Point",
        "coordinates": [
          -36.20477243,
          -5.71189389
        ]
      },
      "properties": {
        "tipo": "usina",
        "nome": "Cajuína B9 (Antiga Ventos de São Ricardo 11)",
        "conjunto": "CONJ. CAJU",
        "ceg": "EOL.CV.RN.049180-2.1",
        "fonte_coordenada": "https://dadosabertos.aneel.gov.br/dataset/siga-sistema-de-informacoes-de-geracao-da-aneel"
      }
    },
    {
      "type": "Feature",
      "geometry": {
        "type": "Point",
        "coordinates": [
          -36.27171209,
          -5.82980495
        ]
      },
      "properties": {
        "tipo": "usina",
        "nome": "Cajuína B11 (Antiga Ventos de Santa Tereza 07)",
        "conjunto": "CONJ. CAJU",
        "ceg": "EOL.CV.RN.047241-7.1",
        "fonte_coordenada": "https://dadosabertos.aneel.gov.br/dataset/siga-sistema-de-informacoes-de-geracao-da-aneel"
      }
    },
    {
      "type": "Feature",
      "geometry": {
        "type": "Point",
        "coordinates": [
          -36.25121966,
          -5.77233491
        ]
      },
      "properties": {
        "tipo": "usina",
        "nome": "Cajuína B12 (Antiga Ventos de Santa Tereza 04)",
        "conjunto": "CONJ. CAJU",
        "ceg": "EOL.CV.RN.047238-7.1",
        "fonte_coordenada": "https://dadosabertos.aneel.gov.br/dataset/siga-sistema-de-informacoes-de-geracao-da-aneel"
      }
    },
    {
      "type": "Feature",
      "geometry": {
        "type": "Point",
        "coordinates": [
          -36.30540177,
          -5.75431347
        ]
      },
      "properties": {
        "tipo": "usina",
        "nome": "Cajuina B13 (Antiga Ventos de São Ricardo 10)",
        "conjunto": "CONJ. CAJU",
        "ceg": "EOL.CV.RN.049179-9.1",
        "fonte_coordenada": "https://dadosabertos.aneel.gov.br/dataset/siga-sistema-de-informacoes-de-geracao-da-aneel"
      }
    },
    {
      "type": "Feature",
      "geometry": {
        "type": "Point",
        "coordinates": [
          -36.28195175,
          -5.81699577
        ]
      },
      "properties": {
        "tipo": "usina",
        "nome": "Cajuina B14 (Antiga Ventos de São Ricardo 03)",
        "conjunto": "CONJ. CAJU",
        "ceg": "EOL.CV.RN.049172-1.1",
        "fonte_coordenada": "https://dadosabertos.aneel.gov.br/dataset/siga-sistema-de-informacoes-de-geracao-da-aneel"
      }
    },
    {
      "type": "Feature",
      "geometry": {
        "type": "Point",
        "coordinates": [
          -36.26797974,
          -5.79923531
        ]
      },
      "properties": {
        "tipo": "usina",
        "nome": "Cajuina B15 (Antiga Ventos de São Ricardo 04)",
        "conjunto": "CONJ. CAJU",
        "ceg": "EOL.CV.RN.049173-0.1",
        "fonte_coordenada": "https://dadosabertos.aneel.gov.br/dataset/siga-sistema-de-informacoes-de-geracao-da-aneel"
      }
    },
    {
      "type": "Feature",
      "geometry": {
        "type": "Point",
        "coordinates": [
          -36.30298521,
          -5.68085318
        ]
      },
      "properties": {
        "tipo": "usina",
        "nome": "Cajuína B16 (Antiga Ventos de Santa Tereza 08)",
        "conjunto": "CONJ. CAJU",
        "ceg": "EOL.CV.RN.047242-5.1",
        "fonte_coordenada": "https://dadosabertos.aneel.gov.br/dataset/siga-sistema-de-informacoes-de-geracao-da-aneel"
      }
    },
    {
      "type": "Feature",
      "geometry": {
        "type": "Point",
        "coordinates": [
          -36.38816285,
          -5.88745382
        ]
      },
      "properties": {
        "tipo": "usina",
        "nome": "Cajuína B18 (Antiga Ventos de Santa Tereza 12)",
        "conjunto": "CONJ. CAJU",
        "ceg": "EOL.CV.RN.047246-8.1",
        "fonte_coordenada": "https://dadosabertos.aneel.gov.br/dataset/siga-sistema-de-informacoes-de-geracao-da-aneel"
      }
    },
    {
      "type": "Feature",
      "geometry": {
        "type": "Point",
        "coordinates": [
          -36.35972446,
          -5.87820162
        ]
      },
      "properties": {
        "tipo": "usina",
        "nome": "Cajuína B20 (Antiga Ventos de São Ricardo 02)",
        "conjunto": "CONJ. CAJU",
        "ceg": "EOL.CV.RN.049171-3.1",
        "fonte_coordenada": "https://dadosabertos.aneel.gov.br/dataset/siga-sistema-de-informacoes-de-geracao-da-aneel"
      }
    },
    {
      "type": "Feature",
      "geometry": {
        "type": "Point",
        "coordinates": [
          -36.544,
          -6.03388889
        ]
      },
      "properties": {
        "tipo": "usina",
        "nome": "Calango 1",
        "conjunto": "CONJ. CALANGO 1",
        "ceg": "EOL.CV.RN.030511-1.1",
        "fonte_coordenada": "https://dadosabertos.aneel.gov.br/dataset/siga-sistema-de-informacoes-de-geracao-da-aneel"
      }
    },
    {
      "type": "Feature",
      "geometry": {
        "type": "Point",
        "coordinates": [
          -36.546,
          -6.04888889
        ]
      },
      "properties": {
        "tipo": "usina",
        "nome": "Calango 3",
        "conjunto": "CONJ. CALANGO 1",
        "ceg": "EOL.CV.RN.030545-6.1",
        "fonte_coordenada": "https://dadosabertos.aneel.gov.br/dataset/siga-sistema-de-informacoes-de-geracao-da-aneel"
      }
    },
    {
      "type": "Feature",
      "geometry": {
        "type": "Point",
        "coordinates": [
          -36.48349762,
          -6.01662683
        ]
      },
      "properties": {
        "tipo": "usina",
        "nome": "Calango 2",
        "conjunto": "CONJ. CALANGO 2",
        "ceg": "EOL.CV.RN.030519-7.1",
        "fonte_coordenada": "https://dadosabertos.aneel.gov.br/dataset/siga-sistema-de-informacoes-de-geracao-da-aneel"
      }
    },
    {
      "type": "Feature",
      "geometry": {
        "type": "Point",
        "coordinates": [
          -36.472,
          -6.02361111
        ]
      },
      "properties": {
        "tipo": "usina",
        "nome": "Calango 4",
        "conjunto": "CONJ. CALANGO 2",
        "ceg": "EOL.CV.RN.030537-5.1",
        "fonte_coordenada": "https://dadosabertos.aneel.gov.br/dataset/siga-sistema-de-informacoes-de-geracao-da-aneel"
      }
    },
    {
      "type": "Feature",
      "geometry": {
        "type": "Point",
        "coordinates": [
          -36.488,
          -6.03027778
        ]
      },
      "properties": {
        "tipo": "usina",
        "nome": "Calango 5",
        "conjunto": "CONJ. CALANGO 2",
        "ceg": "EOL.CV.RN.030552-9.1",
        "fonte_coordenada": "https://dadosabertos.aneel.gov.br/dataset/siga-sistema-de-informacoes-de-geracao-da-aneel"
      }
    },
    {
      "type": "Feature",
      "geometry": {
        "type": "Point",
        "coordinates": [
          -36.44983358,
          -6.00054562
        ]
      },
      "properties": {
        "tipo": "usina",
        "nome": "Calango 6",
        "conjunto": "CONJ. CALANGO 3",
        "ceg": "EOL.CV.RN.031812-4.1",
        "fonte_coordenada": "https://dadosabertos.aneel.gov.br/dataset/siga-sistema-de-informacoes-de-geracao-da-aneel"
      }
    },
    {
      "type": "Feature",
      "geometry": {
        "type": "Point",
        "coordinates": [
          -36.45557162,
          -6.05353227
        ]
      },
      "properties": {
        "tipo": "usina",
        "nome": "Santana I",
        "conjunto": "CONJ. CALANGO 3",
        "ceg": "EOL.CV.RN.031810-8.1",
        "fonte_coordenada": "https://dadosabertos.aneel.gov.br/dataset/siga-sistema-de-informacoes-de-geracao-da-aneel"
      }
    },
    {
      "type": "Feature",
      "geometry": {
        "type": "Point",
        "coordinates": [
          -36.46399991,
          -6.04275376
        ]
      },
      "properties": {
        "tipo": "usina",
        "nome": "Santana II",
        "conjunto": "CONJ. CALANGO 3",
        "ceg": "EOL.CV.RN.031811-6.1",
        "fonte_coordenada": "https://dadosabertos.aneel.gov.br/dataset/siga-sistema-de-informacoes-de-geracao-da-aneel"
      }
    },
    {
      "type": "Feature",
      "geometry": {
        "type": "Point",
        "coordinates": [
          -35.93354673,
          -5.35434917
        ]
      },
      "properties": {
        "tipo": "usina",
        "nome": "Campo dos Ventos I",
        "conjunto": "CONJ. CAMPO DOS VENTOS",
        "ceg": "EOL.CV.RN.031072-7.1",
        "fonte_coordenada": "https://dadosabertos.aneel.gov.br/dataset/siga-sistema-de-informacoes-de-geracao-da-aneel"
      }
    },
    {
      "type": "Feature",
      "geometry": {
        "type": "Point",
        "coordinates": [
          -35.93222342,
          -5.32006129
        ]
      },
      "properties": {
        "tipo": "usina",
        "nome": "Campo dos Ventos II",
        "conjunto": "CONJ. CAMPO DOS VENTOS",
        "ceg": "EOL.CV.RN.030500-6.1",
        "fonte_coordenada": "https://dadosabertos.aneel.gov.br/dataset/siga-sistema-de-informacoes-de-geracao-da-aneel"
      }
    },
    {
      "type": "Feature",
      "geometry": {
        "type": "Point",
        "coordinates": [
          -35.96689863,
          -5.33563148
        ]
      },
      "properties": {
        "tipo": "usina",
        "nome": "Campo dos Ventos III",
        "conjunto": "CONJ. CAMPO DOS VENTOS",
        "ceg": "EOL.CV.RN.031071-9.1",
        "fonte_coordenada": "https://dadosabertos.aneel.gov.br/dataset/siga-sistema-de-informacoes-de-geracao-da-aneel"
      }
    },
    {
      "type": "Feature",
      "geometry": {
        "type": "Point",
        "coordinates": [
          -35.94261985,
          -5.32515959
        ]
      },
      "properties": {
        "tipo": "usina",
        "nome": "Campo dos Ventos V",
        "conjunto": "CONJ. CAMPO DOS VENTOS",
        "ceg": "EOL.CV.RN.031069-7.1",
        "fonte_coordenada": "https://dadosabertos.aneel.gov.br/dataset/siga-sistema-de-informacoes-de-geracao-da-aneel"
      }
    },
    {
      "type": "Feature",
      "geometry": {
        "type": "Point",
        "coordinates": [
          -35.6629881,
          -5.15203946
        ]
      },
      "properties": {
        "tipo": "usina",
        "nome": "Carnaúbas",
        "conjunto": "CONJ. CARNAÚBAS",
        "ceg": "EOL.CV.RN.030831-5.1",
        "fonte_coordenada": "https://dadosabertos.aneel.gov.br/dataset/siga-sistema-de-informacoes-de-geracao-da-aneel"
      }
    },
    {
      "type": "Feature",
      "geometry": {
        "type": "Point",
        "coordinates": [
          -35.6886481,
          -5.12826432
        ]
      },
      "properties": {
        "tipo": "usina",
        "nome": "Reduto",
        "conjunto": "CONJ. CARNAÚBAS",
        "ceg": "EOL.CV.RN.030843-9.1",
        "fonte_coordenada": "https://dadosabertos.aneel.gov.br/dataset/siga-sistema-de-informacoes-de-geracao-da-aneel"
      }
    },
    {
      "type": "Feature",
      "geometry": {
        "type": "Point",
        "coordinates": [
          -35.62074708,
          -5.13565878
        ]
      },
      "properties": {
        "tipo": "usina",
        "nome": "Santo Cristo",
        "conjunto": "CONJ. CARNAÚBAS",
        "ceg": "EOL.CV.RN.030849-8.1",
        "fonte_coordenada": "https://dadosabertos.aneel.gov.br/dataset/siga-sistema-de-informacoes-de-geracao-da-aneel"
      }
    },
    {
      "type": "Feature",
      "geometry": {
        "type": "Point",
        "coordinates": [
          -35.65383309,
          -5.12871716
        ]
      },
      "properties": {
        "tipo": "usina",
        "nome": "São João",
        "conjunto": "CONJ. CARNAÚBAS",
        "ceg": "EOL.CV.RN.030804-8.1",
        "fonte_coordenada": "https://dadosabertos.aneel.gov.br/dataset/siga-sistema-de-informacoes-de-geracao-da-aneel"
      }
    },
    {
      "type": "Feature",
      "geometry": {
        "type": "Point",
        "coordinates": [
          -35.76459314,
          -5.15255466
        ]
      },
      "properties": {
        "tipo": "usina",
        "nome": "Cumaru I",
        "conjunto": "CONJ. CUMARU",
        "ceg": "EOL.CV.RN.032207-5.1",
        "fonte_coordenada": "https://dadosabertos.aneel.gov.br/dataset/siga-sistema-de-informacoes-de-geracao-da-aneel"
      }
    },
    {
      "type": "Feature",
      "geometry": {
        "type": "Point",
        "coordinates": [
          -35.78058945,
          -5.18127369
        ]
      },
      "properties": {
        "tipo": "usina",
        "nome": "Cumaru II",
        "conjunto": "CONJ. CUMARU",
        "ceg": "EOL.CV.RN.032208-3.1",
        "fonte_coordenada": "https://dadosabertos.aneel.gov.br/dataset/siga-sistema-de-informacoes-de-geracao-da-aneel"
      }
    },
    {
      "type": "Feature",
      "geometry": {
        "type": "Point",
        "coordinates": [
          -35.80978074,
          -5.13189046
        ]
      },
      "properties": {
        "tipo": "usina",
        "nome": "Cumarú III",
        "conjunto": "CONJ. CUMARU",
        "ceg": "EOL.CV.RN.032209-1.1",
        "fonte_coordenada": "https://dadosabertos.aneel.gov.br/dataset/siga-sistema-de-informacoes-de-geracao-da-aneel"
      }
    },
    {
      "type": "Feature",
      "geometry": {
        "type": "Point",
        "coordinates": [
          -35.78331742,
          -5.15998189
        ]
      },
      "properties": {
        "tipo": "usina",
        "nome": "Cumarú IV",
        "conjunto": "CONJ. CUMARU",
        "ceg": "EOL.CV.RN.037020-7.1",
        "fonte_coordenada": "https://dadosabertos.aneel.gov.br/dataset/siga-sistema-de-informacoes-de-geracao-da-aneel"
      }
    },
    {
      "type": "Feature",
      "geometry": {
        "type": "Point",
        "coordinates": [
          -35.79892999,
          -5.14583183
        ]
      },
      "properties": {
        "tipo": "usina",
        "nome": "Cumarú V",
        "conjunto": "CONJ. CUMARU",
        "ceg": "EOL.CV.RN.037021-5.1",
        "fonte_coordenada": "https://dadosabertos.aneel.gov.br/dataset/siga-sistema-de-informacoes-de-geracao-da-aneel"
      }
    },
    {
      "type": "Feature",
      "geometry": {
        "type": "Point",
        "coordinates": [
          -35.90172351,
          -5.10540384
        ]
      },
      "properties": {
        "tipo": "usina",
        "nome": "Dreen Cutia",
        "conjunto": "CONJ. CUTIA",
        "ceg": "EOL.CV.RN.030701-7.1",
        "fonte_coordenada": "https://dadosabertos.aneel.gov.br/dataset/siga-sistema-de-informacoes-de-geracao-da-aneel"
      }
    },
    {
      "type": "Feature",
      "geometry": {
        "type": "Point",
        "coordinates": [
          -35.90224013,
          -5.08801797
        ]
      },
      "properties": {
        "tipo": "usina",
        "nome": "Dreen Guajiru",
        "conjunto": "CONJ. CUTIA",
        "ceg": "EOL.CV.RN.030699-1.1",
        "fonte_coordenada": "https://dadosabertos.aneel.gov.br/dataset/siga-sistema-de-informacoes-de-geracao-da-aneel"
      }
    },
    {
      "type": "Feature",
      "geometry": {
        "type": "Point",
        "coordinates": [
          -36.01189392,
          -5.05484653
        ]
      },
      "properties": {
        "tipo": "usina",
        "nome": "GE Jangada",
        "conjunto": "CONJ. CUTIA",
        "ceg": "EOL.CV.RN.030700-9.1",
        "fonte_coordenada": "https://dadosabertos.aneel.gov.br/dataset/siga-sistema-de-informacoes-de-geracao-da-aneel"
      }
    },
    {
      "type": "Feature",
      "geometry": {
        "type": "Point",
        "coordinates": [
          -36.0123623,
          -5.06615249
        ]
      },
      "properties": {
        "tipo": "usina",
        "nome": "GE Maria Helena",
        "conjunto": "CONJ. CUTIA",
        "ceg": "EOL.CV.RN.030702-5.1",
        "fonte_coordenada": "https://dadosabertos.aneel.gov.br/dataset/siga-sistema-de-informacoes-de-geracao-da-aneel"
      }
    },
    {
      "type": "Feature",
      "geometry": {
        "type": "Point",
        "coordinates": [
          -35.95518377,
          -5.08277207
        ]
      },
      "properties": {
        "tipo": "usina",
        "nome": "Esperança do Nordeste",
        "conjunto": "CONJ. CUTIA",
        "ceg": "EOL.CV.RN.032354-3.1",
        "fonte_coordenada": "https://dadosabertos.aneel.gov.br/dataset/siga-sistema-de-informacoes-de-geracao-da-aneel"
      }
    },
    {
      "type": "Feature",
      "geometry": {
        "type": "Point",
        "coordinates": [
          -35.94193113,
          -5.08207361
        ]
      },
      "properties": {
        "tipo": "usina",
        "nome": "Paraíso dos Ventos do Nordeste",
        "conjunto": "CONJ. CUTIA",
        "ceg": "EOL.CV.RN.032355-1.1",
        "fonte_coordenada": "https://dadosabertos.aneel.gov.br/dataset/siga-sistema-de-informacoes-de-geracao-da-aneel"
      }
    },
    {
      "type": "Feature",
      "geometry": {
        "type": "Point",
        "coordinates": [
          -35.90141327,
          -5.06431357
        ]
      },
      "properties": {
        "tipo": "usina",
        "nome": "Potiguar",
        "conjunto": "CONJ. CUTIA",
        "ceg": "EOL.CV.RN.032356-0.1",
        "fonte_coordenada": "https://dadosabertos.aneel.gov.br/dataset/siga-sistema-de-informacoes-de-geracao-da-aneel"
      }
    },
    {
      "type": "Feature",
      "geometry": {
        "type": "Point",
        "coordinates": [
          -35.93260574,
          -5.12739658
        ]
      },
      "properties": {
        "tipo": "usina",
        "nome": "São Bento do Norte I",
        "conjunto": "CONJ. CUTIA",
        "ceg": "EOL.CV.RN.033640-8.1",
        "fonte_coordenada": "https://dadosabertos.aneel.gov.br/dataset/siga-sistema-de-informacoes-de-geracao-da-aneel"
      }
    },
    {
      "type": "Feature",
      "geometry": {
        "type": "Point",
        "coordinates": [
          -35.93235934,
          -5.15065565
        ]
      },
      "properties": {
        "tipo": "usina",
        "nome": "São Bento do Norte II",
        "conjunto": "CONJ. CUTIA",
        "ceg": "EOL.CV.RN.033642-4.1",
        "fonte_coordenada": "https://dadosabertos.aneel.gov.br/dataset/siga-sistema-de-informacoes-de-geracao-da-aneel"
      }
    },
    {
      "type": "Feature",
      "geometry": {
        "type": "Point",
        "coordinates": [
          -36.03068824,
          -5.07429023
        ]
      },
      "properties": {
        "tipo": "usina",
        "nome": "São Bento do Norte III",
        "conjunto": "CONJ. CUTIA",
        "ceg": "EOL.CV.RN.033643-2.1",
        "fonte_coordenada": "https://dadosabertos.aneel.gov.br/dataset/siga-sistema-de-informacoes-de-geracao-da-aneel"
      }
    },
    {
      "type": "Feature",
      "geometry": {
        "type": "Point",
        "coordinates": [
          -35.97969385,
          -5.1602019
        ]
      },
      "properties": {
        "tipo": "usina",
        "nome": "São Miguel I",
        "conjunto": "CONJ. CUTIA",
        "ceg": "EOL.CV.RN.033644-0.1",
        "fonte_coordenada": "https://dadosabertos.aneel.gov.br/dataset/siga-sistema-de-informacoes-de-geracao-da-aneel"
      }
    },
    {
      "type": "Feature",
      "geometry": {
        "type": "Point",
        "coordinates": [
          -35.99349082,
          -5.15932638
        ]
      },
      "properties": {
        "tipo": "usina",
        "nome": "São Miguel II",
        "conjunto": "CONJ. CUTIA",
        "ceg": "EOL.CV.RN.033645-9.1",
        "fonte_coordenada": "https://dadosabertos.aneel.gov.br/dataset/siga-sistema-de-informacoes-de-geracao-da-aneel"
      }
    },
    {
      "type": "Feature",
      "geometry": {
        "type": "Point",
        "coordinates": [
          -35.99936836,
          -5.15606381
        ]
      },
      "properties": {
        "tipo": "usina",
        "nome": "São Miguel III",
        "conjunto": "CONJ. CUTIA",
        "ceg": "EOL.CV.RN.033647-5.1",
        "fonte_coordenada": "https://dadosabertos.aneel.gov.br/dataset/siga-sistema-de-informacoes-de-geracao-da-aneel"
      }
    },
    {
      "type": "Feature",
      "geometry": {
        "type": "Point",
        "coordinates": [
          -35.49721423,
          -5.25956001
        ]
      },
      "properties": {
        "tipo": "usina",
        "nome": "Costa das Dunas",
        "conjunto": "CONJ. GAMELEIRA",
        "ceg": "EOL.CV.RN.037959-0.1",
        "fonte_coordenada": "https://dadosabertos.aneel.gov.br/dataset/siga-sistema-de-informacoes-de-geracao-da-aneel"
      }
    },
    {
      "type": "Feature",
      "geometry": {
        "type": "Point",
        "coordinates": [
          -35.48799262,
          -5.24182797
        ]
      },
      "properties": {
        "tipo": "usina",
        "nome": "Farol de Touros",
        "conjunto": "CONJ. GAMELEIRA",
        "ceg": "EOL.CV.RN.037999-9.1",
        "fonte_coordenada": "https://dadosabertos.aneel.gov.br/dataset/siga-sistema-de-informacoes-de-geracao-da-aneel"
      }
    },
    {
      "type": "Feature",
      "geometry": {
        "type": "Point",
        "coordinates": [
          -35.46152414,
          -5.2423937
        ]
      },
      "properties": {
        "tipo": "usina",
        "nome": "Figueira Branca",
        "conjunto": "CONJ. GAMELEIRA",
        "ceg": "EOL.CV.RN.038002-4.1",
        "fonte_coordenada": "https://dadosabertos.aneel.gov.br/dataset/siga-sistema-de-informacoes-de-geracao-da-aneel"
      }
    },
    {
      "type": "Feature",
      "geometry": {
        "type": "Point",
        "coordinates": [
          -35.47888283,
          -5.22484527
        ]
      },
      "properties": {
        "tipo": "usina",
        "nome": "Gameleira",
        "conjunto": "CONJ. GAMELEIRA",
        "ceg": "EOL.CV.RN.038006-7.1",
        "fonte_coordenada": "https://dadosabertos.aneel.gov.br/dataset/siga-sistema-de-informacoes-de-geracao-da-aneel"
      }
    },
    {
      "type": "Feature",
      "geometry": {
        "type": "Point",
        "coordinates": [
          -36.01657181,
          -5.41988562
        ]
      },
      "properties": {
        "tipo": "usina",
        "nome": "Jandaira I",
        "conjunto": "CONJ. JANDAÍRA I",
        "ceg": "EOL.CV.RN.032870-7.1",
        "fonte_coordenada": "https://dadosabertos.aneel.gov.br/dataset/siga-sistema-de-informacoes-de-geracao-da-aneel"
      }
    },
    {
      "type": "Feature",
      "geometry": {
        "type": "Point",
        "coordinates": [
          -36.02021005,
          -5.42633606
        ]
      },
      "properties": {
        "tipo": "usina",
        "nome": "Jandaira II",
        "conjunto": "CONJ. JANDAÍRA I",
        "ceg": "EOL.CV.RN.035008-7.1",
        "fonte_coordenada": "https://dadosabertos.aneel.gov.br/dataset/siga-sistema-de-informacoes-de-geracao-da-aneel"
      }
    },
    {
      "type": "Feature",
      "geometry": {
        "type": "Point",
        "coordinates": [
          -36.01272337,
          -5.43454021
        ]
      },
      "properties": {
        "tipo": "usina",
        "nome": "Jandaíra III",
        "conjunto": "CONJ. JANDAÍRA I",
        "ceg": "EOL.CV.RN.035270-5.1",
        "fonte_coordenada": "https://dadosabertos.aneel.gov.br/dataset/siga-sistema-de-informacoes-de-geracao-da-aneel"
      }
    },
    {
      "type": "Feature",
      "geometry": {
        "type": "Point",
        "coordinates": [
          -36.01233626,
          -5.45085792
        ]
      },
      "properties": {
        "tipo": "usina",
        "nome": "Jandaíra IV",
        "conjunto": "CONJ. JANDAÍRA I",
        "ceg": "EOL.CV.RN.035271-3.1",
        "fonte_coordenada": "https://dadosabertos.aneel.gov.br/dataset/siga-sistema-de-informacoes-de-geracao-da-aneel"
      }
    },
    {
      "type": "Feature",
      "geometry": {
        "type": "Point",
        "coordinates": [
          -36.11048835,
          -5.38685927
        ]
      },
      "properties": {
        "tipo": "usina",
        "nome": "AW Santa Régia",
        "conjunto": "CONJ. JANDAÍRA III",
        "ceg": "EOL.CV.RN.032194-0.1",
        "fonte_coordenada": "https://dadosabertos.aneel.gov.br/dataset/siga-sistema-de-informacoes-de-geracao-da-aneel"
      }
    },
    {
      "type": "Feature",
      "geometry": {
        "type": "Point",
        "coordinates": [
          -36.11046832,
          -5.36626809
        ]
      },
      "properties": {
        "tipo": "usina",
        "nome": "AW São João",
        "conjunto": "CONJ. JANDAÍRA III",
        "ceg": "EOL.CV.RN.032080-3.1",
        "fonte_coordenada": "https://dadosabertos.aneel.gov.br/dataset/siga-sistema-de-informacoes-de-geracao-da-aneel"
      }
    },
    {
      "type": "Feature",
      "geometry": {
        "type": "Point",
        "coordinates": [
          -36.10513381,
          -5.61053314
        ]
      },
      "properties": {
        "tipo": "usina",
        "nome": "Jerusalém I",
        "conjunto": "CONJ. JERUSALÉM",
        "ceg": "EOL.CV.RN.037294-3.1",
        "fonte_coordenada": "https://dadosabertos.aneel.gov.br/dataset/siga-sistema-de-informacoes-de-geracao-da-aneel"
      }
    },
    {
      "type": "Feature",
      "geometry": {
        "type": "Point",
        "coordinates": [
          -36.11074351,
          -5.63240774
        ]
      },
      "properties": {
        "tipo": "usina",
        "nome": "Jerusalém II",
        "conjunto": "CONJ. JERUSALÉM",
        "ceg": "EOL.CV.RN.037295-1.1",
        "fonte_coordenada": "https://dadosabertos.aneel.gov.br/dataset/siga-sistema-de-informacoes-de-geracao-da-aneel"
      }
    },
    {
      "type": "Feature",
      "geometry": {
        "type": "Point",
        "coordinates": [
          -36.10055786,
          -5.65126736
        ]
      },
      "properties": {
        "tipo": "usina",
        "nome": "Jerusalém III",
        "conjunto": "CONJ. JERUSALÉM",
        "ceg": "EOL.CV.RN.037296-0.1",
        "fonte_coordenada": "https://dadosabertos.aneel.gov.br/dataset/siga-sistema-de-informacoes-de-geracao-da-aneel"
      }
    },
    {
      "type": "Feature",
      "geometry": {
        "type": "Point",
        "coordinates": [
          -36.10175167,
          -5.67592083
        ]
      },
      "properties": {
        "tipo": "usina",
        "nome": "Jerusalém IV",
        "conjunto": "CONJ. JERUSALÉM",
        "ceg": "EOL.CV.RN.037297-8.1",
        "fonte_coordenada": "https://dadosabertos.aneel.gov.br/dataset/siga-sistema-de-informacoes-de-geracao-da-aneel"
      }
    },
    {
      "type": "Feature",
      "geometry": {
        "type": "Point",
        "coordinates": [
          -36.11808882,
          -5.67893896
        ]
      },
      "properties": {
        "tipo": "usina",
        "nome": "Jerusalém V",
        "conjunto": "CONJ. JERUSALÉM",
        "ceg": "EOL.CV.RN.037298-6.1",
        "fonte_coordenada": "https://dadosabertos.aneel.gov.br/dataset/siga-sistema-de-informacoes-de-geracao-da-aneel"
      }
    },
    {
      "type": "Feature",
      "geometry": {
        "type": "Point",
        "coordinates": [
          -36.12439588,
          -5.68753575
        ]
      },
      "properties": {
        "tipo": "usina",
        "nome": "Jerusalém VI",
        "conjunto": "CONJ. JERUSALÉM",
        "ceg": "EOL.CV.RN.037299-4.1",
        "fonte_coordenada": "https://dadosabertos.aneel.gov.br/dataset/siga-sistema-de-informacoes-de-geracao-da-aneel"
      }
    },
    {
      "type": "Feature",
      "geometry": {
        "type": "Point",
        "coordinates": [
          -36.12869329,
          -5.70306158
        ]
      },
      "properties": {
        "tipo": "usina",
        "nome": "Boqueirão I",
        "conjunto": "CONJ. JERUSALÉM",
        "ceg": "EOL.CV.RN.040816-6.1",
        "fonte_coordenada": "https://dadosabertos.aneel.gov.br/dataset/siga-sistema-de-informacoes-de-geracao-da-aneel"
      }
    },
    {
      "type": "Feature",
      "geometry": {
        "type": "Point",
        "coordinates": [
          -36.0649233,
          -5.70318237
        ]
      },
      "properties": {
        "tipo": "usina",
        "nome": "Boqueirão II",
        "conjunto": "CONJ. JERUSALÉM",
        "ceg": "EOL.CV.RN.040818-2.1",
        "fonte_coordenada": "https://dadosabertos.aneel.gov.br/dataset/siga-sistema-de-informacoes-de-geracao-da-aneel"
      }
    },
    {
      "type": "Feature",
      "geometry": {
        "type": "Point",
        "coordinates": [
          -35.84627063,
          -5.38980988
        ]
      },
      "properties": {
        "tipo": "usina",
        "nome": "Juremas",
        "conjunto": "CONJ. MACACOS",
        "ceg": "EOL.CV.RN.030660-6.1",
        "fonte_coordenada": "https://dadosabertos.aneel.gov.br/dataset/siga-sistema-de-informacoes-de-geracao-da-aneel"
      }
    },
    {
      "type": "Feature",
      "geometry": {
        "type": "Point",
        "coordinates": [
          -35.84833061,
          -5.41199132
        ]
      },
      "properties": {
        "tipo": "usina",
        "nome": "Macacos",
        "conjunto": "CONJ. MACACOS",
        "ceg": "EOL.CV.RN.030661-4.1",
        "fonte_coordenada": "https://dadosabertos.aneel.gov.br/dataset/siga-sistema-de-informacoes-de-geracao-da-aneel"
      }
    },
    {
      "type": "Feature",
      "geometry": {
        "type": "Point",
        "coordinates": [
          -35.85338594,
          -5.42682174
        ]
      },
      "properties": {
        "tipo": "usina",
        "nome": "Pedra Preta",
        "conjunto": "CONJ. MACACOS",
        "ceg": "EOL.CV.RN.030671-1.1",
        "fonte_coordenada": "https://dadosabertos.aneel.gov.br/dataset/siga-sistema-de-informacoes-de-geracao-da-aneel"
      }
    },
    {
      "type": "Feature",
      "geometry": {
        "type": "Point",
        "coordinates": [
          -35.85256767,
          -5.42153085
        ]
      },
      "properties": {
        "tipo": "usina",
        "nome": "Costa Branca",
        "conjunto": "CONJ. MACACOS",
        "ceg": "EOL.CV.RN.030672-0.1",
        "fonte_coordenada": "https://dadosabertos.aneel.gov.br/dataset/siga-sistema-de-informacoes-de-geracao-da-aneel"
      }
    },
    {
      "type": "Feature",
      "geometry": {
        "type": "Point",
        "coordinates": [
          -36.3023717,
          -5.17395459
        ]
      },
      "properties": {
        "tipo": "usina",
        "nome": "Mangue Seco 1",
        "conjunto": "CONJ. MANGUE SECO",
        "ceg": "EOL.CV.RN.030285-6.1",
        "fonte_coordenada": "https://dadosabertos.aneel.gov.br/dataset/siga-sistema-de-informacoes-de-geracao-da-aneel"
      }
    },
    {
      "type": "Feature",
      "geometry": {
        "type": "Point",
        "coordinates": [
          -36.31925994,
          -5.16593439
        ]
      },
      "properties": {
        "tipo": "usina",
        "nome": "Mangue Seco 2",
        "conjunto": "CONJ. MANGUE SECO",
        "ceg": "EOL.CV.RN.030284-8.1",
        "fonte_coordenada": "https://dadosabertos.aneel.gov.br/dataset/siga-sistema-de-informacoes-de-geracao-da-aneel"
      }
    },
    {
      "type": "Feature",
      "geometry": {
        "type": "Point",
        "coordinates": [
          -36.36026509,
          -5.18560396
        ]
      },
      "properties": {
        "tipo": "usina",
        "nome": "Mangue Seco 3",
        "conjunto": "CONJ. MANGUE SECO",
        "ceg": "EOL.CV.RN.030281-3.1",
        "fonte_coordenada": "https://dadosabertos.aneel.gov.br/dataset/siga-sistema-de-informacoes-de-geracao-da-aneel"
      }
    },
    {
      "type": "Feature",
      "geometry": {
        "type": "Point",
        "coordinates": [
          -36.40675102,
          -5.16731956
        ]
      },
      "properties": {
        "tipo": "usina",
        "nome": "Mangue Seco 5",
        "conjunto": "CONJ. MANGUE SECO",
        "ceg": "EOL.CV.RN.030290-2.1",
        "fonte_coordenada": "https://dadosabertos.aneel.gov.br/dataset/siga-sistema-de-informacoes-de-geracao-da-aneel"
      }
    },
    {
      "type": "Feature",
      "geometry": {
        "type": "Point",
        "coordinates": [
          -35.89305115,
          -5.43077346
        ]
      },
      "properties": {
        "tipo": "usina",
        "nome": "Modelo I",
        "conjunto": "CONJ. MODELO",
        "ceg": "EOL.CV.RN.030787-4.1",
        "fonte_coordenada": "https://dadosabertos.aneel.gov.br/dataset/siga-sistema-de-informacoes-de-geracao-da-aneel"
      }
    },
    {
      "type": "Feature",
      "geometry": {
        "type": "Point",
        "coordinates": [
          -35.90011068,
          -5.41436586
        ]
      },
      "properties": {
        "tipo": "usina",
        "nome": "Modelo II",
        "conjunto": "CONJ. MODELO",
        "ceg": "EOL.CV.RN.030788-2.1",
        "fonte_coordenada": "https://dadosabertos.aneel.gov.br/dataset/siga-sistema-de-informacoes-de-geracao-da-aneel"
      }
    },
    {
      "type": "Feature",
      "geometry": {
        "type": "Point",
        "coordinates": [
          -36.01128274,
          -5.17691547
        ]
      },
      "properties": {
        "tipo": "usina",
        "nome": "São Fernando 1",
        "conjunto": "CONJ. MONTE DO RONCA",
        "ceg": "EOL.CV.RN.037073-8.1",
        "fonte_coordenada": "https://dadosabertos.aneel.gov.br/dataset/siga-sistema-de-informacoes-de-geracao-da-aneel"
      }
    },
    {
      "type": "Feature",
      "geometry": {
        "type": "Point",
        "coordinates": [
          -36.02865094,
          -5.18007977
        ]
      },
      "properties": {
        "tipo": "usina",
        "nome": "São Fernando 2",
        "conjunto": "CONJ. MONTE DO RONCA",
        "ceg": "EOL.CV.RN.037075-4.1",
        "fonte_coordenada": "https://dadosabertos.aneel.gov.br/dataset/siga-sistema-de-informacoes-de-geracao-da-aneel"
      }
    },
    {
      "type": "Feature",
      "geometry": {
        "type": "Point",
        "coordinates": [
          -36.04218228,
          -5.15294296
        ]
      },
      "properties": {
        "tipo": "usina",
        "nome": "São Fernando 3",
        "conjunto": "CONJ. MONTE DO RONCA",
        "ceg": "EOL.CV.RN.037076-2.1",
        "fonte_coordenada": "https://dadosabertos.aneel.gov.br/dataset/siga-sistema-de-informacoes-de-geracao-da-aneel"
      }
    },
    {
      "type": "Feature",
      "geometry": {
        "type": "Point",
        "coordinates": [
          -36.01502637,
          -5.12883749
        ]
      },
      "properties": {
        "tipo": "usina",
        "nome": "São Fernando 4",
        "conjunto": "CONJ. MONTE DO RONCA",
        "ceg": "EOL.CV.RN.037077-0.1",
        "fonte_coordenada": "https://dadosabertos.aneel.gov.br/dataset/siga-sistema-de-informacoes-de-geracao-da-aneel"
      }
    },
    {
      "type": "Feature",
      "geometry": {
        "type": "Point",
        "coordinates": [
          -36.19083761,
          -5.49555161
        ]
      },
      "properties": {
        "tipo": "usina",
        "nome": "Monte Verde I",
        "conjunto": "CONJ. MONTE VERDE",
        "ceg": "EOL.CV.RN.032518-0.1",
        "fonte_coordenada": "https://dadosabertos.aneel.gov.br/dataset/siga-sistema-de-informacoes-de-geracao-da-aneel"
      }
    },
    {
      "type": "Feature",
      "geometry": {
        "type": "Point",
        "coordinates": [
          -36.1979454,
          -5.45938855
        ]
      },
      "properties": {
        "tipo": "usina",
        "nome": "Monte Verde II",
        "conjunto": "CONJ. MONTE VERDE",
        "ceg": "EOL.CV.RN.032519-8.1",
        "fonte_coordenada": "https://dadosabertos.aneel.gov.br/dataset/siga-sistema-de-informacoes-de-geracao-da-aneel"
      }
    },
    {
      "type": "Feature",
      "geometry": {
        "type": "Point",
        "coordinates": [
          -36.22200328,
          -5.43984707
        ]
      },
      "properties": {
        "tipo": "usina",
        "nome": "Monte Verde III",
        "conjunto": "CONJ. MONTE VERDE",
        "ceg": "EOL.CV.RN.033881-8.1",
        "fonte_coordenada": "https://dadosabertos.aneel.gov.br/dataset/siga-sistema-de-informacoes-de-geracao-da-aneel"
      }
    },
    {
      "type": "Feature",
      "geometry": {
        "type": "Point",
        "coordinates": [
          -36.22932255,
          -5.48413566
        ]
      },
      "properties": {
        "tipo": "usina",
        "nome": "Monte Verde IV",
        "conjunto": "CONJ. MONTE VERDE",
        "ceg": "EOL.CV.RN.038035-0.1",
        "fonte_coordenada": "https://dadosabertos.aneel.gov.br/dataset/siga-sistema-de-informacoes-de-geracao-da-aneel"
      }
    },
    {
      "type": "Feature",
      "geometry": {
        "type": "Point",
        "coordinates": [
          -36.25531276,
          -5.49238364
        ]
      },
      "properties": {
        "tipo": "usina",
        "nome": "Monte Verde V",
        "conjunto": "CONJ. MONTE VERDE",
        "ceg": "EOL.CV.RN.040584-1.1",
        "fonte_coordenada": "https://dadosabertos.aneel.gov.br/dataset/siga-sistema-de-informacoes-de-geracao-da-aneel"
      }
    },
    {
      "type": "Feature",
      "geometry": {
        "type": "Point",
        "coordinates": [
          -36.276652,
          -5.52282442
        ]
      },
      "properties": {
        "tipo": "usina",
        "nome": "Monte Verde VI",
        "conjunto": "CONJ. MONTE VERDE",
        "ceg": "EOL.CV.RN.040585-0.1",
        "fonte_coordenada": "https://dadosabertos.aneel.gov.br/dataset/siga-sistema-de-informacoes-de-geracao-da-aneel"
      }
    },
    {
      "type": "Feature",
      "geometry": {
        "type": "Point",
        "coordinates": [
          -36.18913339,
          -5.33098618
        ]
      },
      "properties": {
        "tipo": "usina",
        "nome": "Catanduba RN I",
        "conjunto": "CONJ. MONTE VERDE",
        "ceg": "EOL.CV.RN.043218-0.1",
        "fonte_coordenada": "https://dadosabertos.aneel.gov.br/dataset/siga-sistema-de-informacoes-de-geracao-da-aneel"
      }
    },
    {
      "type": "Feature",
      "geometry": {
        "type": "Point",
        "coordinates": [
          -36.20381546,
          -5.36713408
        ]
      },
      "properties": {
        "tipo": "usina",
        "nome": "Catanduba RN II",
        "conjunto": "CONJ. MONTE VERDE",
        "ceg": "EOL.CV.RN.043219-9.1",
        "fonte_coordenada": "https://dadosabertos.aneel.gov.br/dataset/siga-sistema-de-informacoes-de-geracao-da-aneel"
      }
    },
    {
      "type": "Feature",
      "geometry": {
        "type": "Point",
        "coordinates": [
          -35.80486372,
          -5.38141017
        ]
      },
      "properties": {
        "tipo": "usina",
        "nome": "Aventura I",
        "conjunto": "CONJ. MORRO DOS VENTOS",
        "ceg": "EOL.CV.RN.031887-6.1",
        "fonte_coordenada": "https://dadosabertos.aneel.gov.br/dataset/siga-sistema-de-informacoes-de-geracao-da-aneel"
      }
    },
    {
      "type": "Feature",
      "geometry": {
        "type": "Point",
        "coordinates": [
          -35.81897265,
          -5.36283341
        ]
      },
      "properties": {
        "tipo": "usina",
        "nome": "Morro dos Ventos I",
        "conjunto": "CONJ. MORRO DOS VENTOS",
        "ceg": "EOL.CV.RN.030301-1.1",
        "fonte_coordenada": "https://dadosabertos.aneel.gov.br/dataset/siga-sistema-de-informacoes-de-geracao-da-aneel"
      }
    },
    {
      "type": "Feature",
      "geometry": {
        "type": "Point",
        "coordinates": [
          -35.86825,
          -5.37436111
        ]
      },
      "properties": {
        "tipo": "usina",
        "nome": "Morro dos Ventos III",
        "conjunto": "CONJ. MORRO DOS VENTOS",
        "ceg": "EOL.CV.RN.030310-0.1",
        "fonte_coordenada": "https://dadosabertos.aneel.gov.br/dataset/siga-sistema-de-informacoes-de-geracao-da-aneel"
      }
    },
    {
      "type": "Feature",
      "geometry": {
        "type": "Point",
        "coordinates": [
          -35.88088889,
          -5.38202775
        ]
      },
      "properties": {
        "tipo": "usina",
        "nome": "Morro dos Ventos IV",
        "conjunto": "CONJ. MORRO DOS VENTOS",
        "ceg": "EOL.CV.RN.030311-9.1",
        "fonte_coordenada": "https://dadosabertos.aneel.gov.br/dataset/siga-sistema-de-informacoes-de-geracao-da-aneel"
      }
    },
    {
      "type": "Feature",
      "geometry": {
        "type": "Point",
        "coordinates": [
          -35.87830556,
          -5.34366667
        ]
      },
      "properties": {
        "tipo": "usina",
        "nome": "Morro dos Ventos VI",
        "conjunto": "CONJ. MORRO DOS VENTOS",
        "ceg": "EOL.CV.RN.030300-3.1",
        "fonte_coordenada": "https://dadosabertos.aneel.gov.br/dataset/siga-sistema-de-informacoes-de-geracao-da-aneel"
      }
    },
    {
      "type": "Feature",
      "geometry": {
        "type": "Point",
        "coordinates": [
          -35.91324506,
          -5.30548793
        ]
      },
      "properties": {
        "tipo": "usina",
        "nome": "Morro dos Ventos IX",
        "conjunto": "CONJ. MORRO DOS VENTOS",
        "ceg": "EOL.CV.RN.030302-0.1",
        "fonte_coordenada": "https://dadosabertos.aneel.gov.br/dataset/siga-sistema-de-informacoes-de-geracao-da-aneel"
      }
    },
    {
      "type": "Feature",
      "geometry": {
        "type": "Point",
        "coordinates": [
          -35.86185285,
          -5.36511687
        ]
      },
      "properties": {
        "tipo": "usina",
        "nome": "Eurus I",
        "conjunto": "CONJ. MORRO DOS VENTOS II",
        "ceg": "EOL.CV.RN.030503-0.1",
        "fonte_coordenada": "https://dadosabertos.aneel.gov.br/dataset/siga-sistema-de-informacoes-de-geracao-da-aneel"
      }
    },
    {
      "type": "Feature",
      "geometry": {
        "type": "Point",
        "coordinates": [
          -35.87487681,
          -5.39727482
        ]
      },
      "properties": {
        "tipo": "usina",
        "nome": "Eurus III",
        "conjunto": "CONJ. MORRO DOS VENTOS II",
        "ceg": "EOL.CV.RN.030504-9.1",
        "fonte_coordenada": "https://dadosabertos.aneel.gov.br/dataset/siga-sistema-de-informacoes-de-geracao-da-aneel"
      }
    },
    {
      "type": "Feature",
      "geometry": {
        "type": "Point",
        "coordinates": [
          -36.91461618,
          -5.02510247
        ]
      },
      "properties": {
        "tipo": "usina",
        "nome": "Junco I",
        "conjunto": "CONJ. MOSSORÓ II",
        "ceg": "EOL.CV.RN.030902-8.2",
        "fonte_coordenada": "https://dadosabertos.aneel.gov.br/dataset/siga-sistema-de-informacoes-de-geracao-da-aneel"
      }
    },
    {
      "type": "Feature",
      "geometry": {
        "type": "Point",
        "coordinates": [
          -36.91457359,
          -5.01235008
        ]
      },
      "properties": {
        "tipo": "usina",
        "nome": "Junco II",
        "conjunto": "CONJ. MOSSORÓ II",
        "ceg": "EOL.CV.RN.030914-1.2",
        "fonte_coordenada": "https://dadosabertos.aneel.gov.br/dataset/siga-sistema-de-informacoes-de-geracao-da-aneel"
      }
    },
    {
      "type": "Feature",
      "geometry": {
        "type": "Point",
        "coordinates": [
          -36.91470886,
          -4.99772056
        ]
      },
      "properties": {
        "tipo": "usina",
        "nome": "Caiçara I",
        "conjunto": "CONJ. MOSSORÓ II",
        "ceg": "EOL.CV.RN.030895-1.2",
        "fonte_coordenada": "https://dadosabertos.aneel.gov.br/dataset/siga-sistema-de-informacoes-de-geracao-da-aneel"
      }
    },
    {
      "type": "Feature",
      "geometry": {
        "type": "Point",
        "coordinates": [
          -36.92874962,
          -4.98766654
        ]
      },
      "properties": {
        "tipo": "usina",
        "nome": "Caiçara II",
        "conjunto": "CONJ. MOSSORÓ II",
        "ceg": "EOL.CV.RN.030915-0.2",
        "fonte_coordenada": "https://dadosabertos.aneel.gov.br/dataset/siga-sistema-de-informacoes-de-geracao-da-aneel"
      }
    },
    {
      "type": "Feature",
      "geometry": {
        "type": "Point",
        "coordinates": [
          -37.04298888,
          -5.07540183
        ]
      },
      "properties": {
        "tipo": "usina",
        "nome": "Ventos de Vila Acre II",
        "conjunto": "CONJ. MOSSORÓ II",
        "ceg": "EOL.CV.RN.033753-6.1",
        "fonte_coordenada": "https://dadosabertos.aneel.gov.br/dataset/siga-sistema-de-informacoes-de-geracao-da-aneel"
      }
    },
    {
      "type": "Feature",
      "geometry": {
        "type": "Point",
        "coordinates": [
          -37.01461881,
          -5.05868538
        ]
      },
      "properties": {
        "tipo": "usina",
        "nome": "Vila Acre I",
        "conjunto": "CONJ. MOSSORÓ II",
        "ceg": "EOL.CV.RN.033752-8.1",
        "fonte_coordenada": "https://www.gov.br/mme/pt-br/arquivos/portaria-n-127-2016.pdf"
      }
    },
    {
      "type": "Feature",
      "geometry": {
        "type": "Point",
        "coordinates": [
          -36.96456447,
          -4.98814918
        ]
      },
      "properties": {
        "tipo": "usina",
        "nome": "Vila Amazonas V",
        "conjunto": "CONJ. MOSSORÓ II",
        "ceg": "EOL.CV.RN.031750-0.1",
        "fonte_coordenada": "https://dadosabertos.aneel.gov.br/dataset/siga-sistema-de-informacoes-de-geracao-da-aneel"
      }
    },
    {
      "type": "Feature",
      "geometry": {
        "type": "Point",
        "coordinates": [
          -36.96448221,
          -5.01477457
        ]
      },
      "properties": {
        "tipo": "usina",
        "nome": "Vila Pará I",
        "conjunto": "CONJ. MOSSORÓ II",
        "ceg": "EOL.CV.RN.031759-4.1",
        "fonte_coordenada": "https://dadosabertos.aneel.gov.br/dataset/siga-sistema-de-informacoes-de-geracao-da-aneel"
      }
    },
    {
      "type": "Feature",
      "geometry": {
        "type": "Point",
        "coordinates": [
          -36.96441723,
          -5.03570418
        ]
      },
      "properties": {
        "tipo": "usina",
        "nome": "Vila Pará II",
        "conjunto": "CONJ. MOSSORÓ II",
        "ceg": "EOL.CV.RN.031757-8.1",
        "fonte_coordenada": "https://dadosabertos.aneel.gov.br/dataset/siga-sistema-de-informacoes-de-geracao-da-aneel"
      }
    },
    {
      "type": "Feature",
      "geometry": {
        "type": "Point",
        "coordinates": [
          -36.9643239,
          -5.06561135
        ]
      },
      "properties": {
        "tipo": "usina",
        "nome": "Vila Pará III",
        "conjunto": "CONJ. MOSSORÓ II",
        "ceg": "EOL.CV.RN.031765-9.1",
        "fonte_coordenada": "https://dadosabertos.aneel.gov.br/dataset/siga-sistema-de-informacoes-de-geracao-da-aneel"
      }
    },
    {
      "type": "Feature",
      "geometry": {
        "type": "Point",
        "coordinates": [
          -36.99175321,
          -4.94375056
        ]
      },
      "properties": {
        "tipo": "usina",
        "nome": "Carcará I",
        "conjunto": "CONJ. MOSSORÓ II",
        "ceg": "EOL.CV.RN.030832-3.1",
        "fonte_coordenada": "https://dadosabertos.aneel.gov.br/dataset/siga-sistema-de-informacoes-de-geracao-da-aneel"
      }
    },
    {
      "type": "Feature",
      "geometry": {
        "type": "Point",
        "coordinates": [
          -37.00358406,
          -4.94566806
        ]
      },
      "properties": {
        "tipo": "usina",
        "nome": "Carcará II",
        "conjunto": "CONJ. MOSSORÓ II",
        "ceg": "EOL.CV.RN.030897-8.1",
        "fonte_coordenada": "https://dadosabertos.aneel.gov.br/dataset/siga-sistema-de-informacoes-de-geracao-da-aneel"
      }
    },
    {
      "type": "Feature",
      "geometry": {
        "type": "Point",
        "coordinates": [
          -37.03545435,
          -4.96181355
        ]
      },
      "properties": {
        "tipo": "usina",
        "nome": "Terral",
        "conjunto": "CONJ. MOSSORÓ II",
        "ceg": "EOL.CV.RN.030898-6.1",
        "fonte_coordenada": "https://dadosabertos.aneel.gov.br/dataset/siga-sistema-de-informacoes-de-geracao-da-aneel"
      }
    },
    {
      "type": "Feature",
      "geometry": {
        "type": "Point",
        "coordinates": [
          -36.99893947,
          -5.02068543
        ]
      },
      "properties": {
        "tipo": "usina",
        "nome": "Filgueira I",
        "conjunto": "CONJ. MOSSORÓ II",
        "ceg": "EOL.CV.RN.033429-4.1",
        "fonte_coordenada": "https://dadosabertos.aneel.gov.br/dataset/siga-sistema-de-informacoes-de-geracao-da-aneel"
      }
    },
    {
      "type": "Feature",
      "geometry": {
        "type": "Point",
        "coordinates": [
          -37.03957046,
          -5.01268057
        ]
      },
      "properties": {
        "tipo": "usina",
        "nome": "Filgueira II",
        "conjunto": "CONJ. MOSSORÓ II",
        "ceg": "EOL.CV.RN.033430-8.1",
        "fonte_coordenada": "https://dadosabertos.aneel.gov.br/dataset/siga-sistema-de-informacoes-de-geracao-da-aneel"
      }
    },
    {
      "type": "Feature",
      "geometry": {
        "type": "Point",
        "coordinates": [
          -35.6915509,
          -5.19891
        ]
      },
      "properties": {
        "tipo": "usina",
        "nome": "Mundo Novo V",
        "conjunto": "CONJ. MUNDO NOVO",
        "ceg": "EOL.CV.RN.033552-5.1",
        "fonte_coordenada": "https://dadosabertos.aneel.gov.br/dataset/siga-sistema-de-informacoes-de-geracao-da-aneel"
      }
    },
    {
      "type": "Feature",
      "geometry": {
        "type": "Point",
        "coordinates": [
          -35.63880775,
          -5.20263943
        ]
      },
      "properties": {
        "tipo": "usina",
        "nome": "Mundo Novo VI",
        "conjunto": "CONJ. MUNDO NOVO",
        "ceg": "EOL.CV.RN.032405-1.1",
        "fonte_coordenada": "https://dadosabertos.aneel.gov.br/dataset/siga-sistema-de-informacoes-de-geracao-da-aneel"
      }
    },
    {
      "type": "Feature",
      "geometry": {
        "type": "Point",
        "coordinates": [
          -35.65845803,
          -5.2217964
        ]
      },
      "properties": {
        "tipo": "usina",
        "nome": "Mundo Novo VII",
        "conjunto": "CONJ. MUNDO NOVO",
        "ceg": "EOL.CV.RN.032404-3.1",
        "fonte_coordenada": "https://dadosabertos.aneel.gov.br/dataset/siga-sistema-de-informacoes-de-geracao-da-aneel"
      }
    },
    {
      "type": "Feature",
      "geometry": {
        "type": "Point",
        "coordinates": [
          -36.66579856,
          -6.7605537
        ]
      },
      "properties": {
        "tipo": "usina",
        "nome": "Oeste Serido I",
        "conjunto": "CONJ. OESTE SERIDÓ",
        "ceg": "EOL.CV.RN.044974-1.1",
        "fonte_coordenada": "https://dadosabertos.aneel.gov.br/dataset/siga-sistema-de-informacoes-de-geracao-da-aneel"
      }
    },
    {
      "type": "Feature",
      "geometry": {
        "type": "Point",
        "coordinates": [
          -36.64449016,
          -6.71118172
        ]
      },
      "properties": {
        "tipo": "usina",
        "nome": "Oeste Serido II",
        "conjunto": "CONJ. OESTE SERIDÓ",
        "ceg": "EOL.CV.RN.044975-0.1",
        "fonte_coordenada": "https://dadosabertos.aneel.gov.br/dataset/siga-sistema-de-informacoes-de-geracao-da-aneel"
      }
    },
    {
      "type": "Feature",
      "geometry": {
        "type": "Point",
        "coordinates": [
          -36.6375384,
          -6.71667081
        ]
      },
      "properties": {
        "tipo": "usina",
        "nome": "Oeste Serido III",
        "conjunto": "CONJ. OESTE SERIDÓ",
        "ceg": "EOL.CV.RN.044976-8.1",
        "fonte_coordenada": "https://dadosabertos.aneel.gov.br/dataset/siga-sistema-de-informacoes-de-geracao-da-aneel"
      }
    },
    {
      "type": "Feature",
      "geometry": {
        "type": "Point",
        "coordinates": [
          -36.65312607,
          -6.72530797
        ]
      },
      "properties": {
        "tipo": "usina",
        "nome": "Oeste Seridó IV",
        "conjunto": "CONJ. OESTE SERIDÓ",
        "ceg": "EOL.CV.RN.047165-8.1",
        "fonte_coordenada": "https://dadosabertos.aneel.gov.br/dataset/siga-sistema-de-informacoes-de-geracao-da-aneel"
      }
    },
    {
      "type": "Feature",
      "geometry": {
        "type": "Point",
        "coordinates": [
          -36.72409572,
          -6.78309308
        ]
      },
      "properties": {
        "tipo": "usina",
        "nome": "Oeste Seridó IX",
        "conjunto": "CONJ. OESTE SERIDÓ",
        "ceg": "EOL.CV.RN.047162-3.1",
        "fonte_coordenada": "https://dadosabertos.aneel.gov.br/dataset/siga-sistema-de-informacoes-de-geracao-da-aneel"
      }
    },
    {
      "type": "Feature",
      "geometry": {
        "type": "Point",
        "coordinates": [
          -36.66297996,
          -6.75474927
        ]
      },
      "properties": {
        "tipo": "usina",
        "nome": "Oeste Seridó V",
        "conjunto": "CONJ. OESTE SERIDÓ",
        "ceg": "EOL.CV.RN.047166-6.1",
        "fonte_coordenada": "https://dadosabertos.aneel.gov.br/dataset/siga-sistema-de-informacoes-de-geracao-da-aneel"
      }
    },
    {
      "type": "Feature",
      "geometry": {
        "type": "Point",
        "coordinates": [
          -36.66645778,
          -6.78705529
        ]
      },
      "properties": {
        "tipo": "usina",
        "nome": "Oeste Seridó VI",
        "conjunto": "CONJ. OESTE SERIDÓ",
        "ceg": "EOL.CV.RN.047163-1.1",
        "fonte_coordenada": "https://dadosabertos.aneel.gov.br/dataset/siga-sistema-de-informacoes-de-geracao-da-aneel"
      }
    },
    {
      "type": "Feature",
      "geometry": {
        "type": "Point",
        "coordinates": [
          -36.67123713,
          -6.78790387
        ]
      },
      "properties": {
        "tipo": "usina",
        "nome": "Oeste Seridó X",
        "conjunto": "CONJ. OESTE SERIDÓ",
        "ceg": "EOL.CV.RN.047164-0.1",
        "fonte_coordenada": "https://dadosabertos.aneel.gov.br/dataset/siga-sistema-de-informacoes-de-geracao-da-aneel"
      }
    },
    {
      "type": "Feature",
      "geometry": {
        "type": "Point",
        "coordinates": [
          -36.65763537,
          -6.73953575
        ]
      },
      "properties": {
        "tipo": "usina",
        "nome": "Oeste Seridó XI",
        "conjunto": "CONJ. OESTE SERIDÓ",
        "ceg": "EOL.CV.RN.047161-5.1",
        "fonte_coordenada": "https://dadosabertos.aneel.gov.br/dataset/siga-sistema-de-informacoes-de-geracao-da-aneel"
      }
    },
    {
      "type": "Feature",
      "geometry": {
        "type": "Point",
        "coordinates": [
          -36.65958293,
          -6.80628659
        ]
      },
      "properties": {
        "tipo": "usina",
        "nome": "Oeste Seridó XII",
        "conjunto": "CONJ. OESTE SERIDÓ",
        "ceg": "EOL.CV.RN.047160-7.1",
        "fonte_coordenada": "https://dadosabertos.aneel.gov.br/dataset/siga-sistema-de-informacoes-de-geracao-da-aneel"
      }
    },
    {
      "type": "Feature",
      "geometry": {
        "type": "Point",
        "coordinates": [
          -35.96867752,
          -5.05449533
        ]
      },
      "properties": {
        "tipo": "usina",
        "nome": "Dreen Olho D Água",
        "conjunto": "CONJ. OLHO D'ÁGUA",
        "ceg": "EOL.CV.RN.030549-9.1",
        "fonte_coordenada": "https://dadosabertos.aneel.gov.br/dataset/siga-sistema-de-informacoes-de-geracao-da-aneel"
      }
    },
    {
      "type": "Feature",
      "geometry": {
        "type": "Point",
        "coordinates": [
          -36.02035141,
          -5.09702492
        ]
      },
      "properties": {
        "tipo": "usina",
        "nome": "Farol",
        "conjunto": "CONJ. OLHO D'ÁGUA",
        "ceg": "EOL.CV.RN.030502-2.1",
        "fonte_coordenada": "https://dadosabertos.aneel.gov.br/dataset/siga-sistema-de-informacoes-de-geracao-da-aneel"
      }
    },
    {
      "type": "Feature",
      "geometry": {
        "type": "Point",
        "coordinates": [
          -35.97844315,
          -5.05295181
        ]
      },
      "properties": {
        "tipo": "usina",
        "nome": "Dreen São Bento do Norte",
        "conjunto": "CONJ. OLHO D'ÁGUA",
        "ceg": "EOL.CV.RN.030536-7.1",
        "fonte_coordenada": "https://dadosabertos.aneel.gov.br/dataset/siga-sistema-de-informacoes-de-geracao-da-aneel"
      }
    },
    {
      "type": "Feature",
      "geometry": {
        "type": "Point",
        "coordinates": [
          -35.92790604,
          -5.11060381
        ]
      },
      "properties": {
        "tipo": "usina",
        "nome": "Dreen Boa Vista",
        "conjunto": "CONJ. OLHO D'ÁGUA",
        "ceg": "EOL.CV.RN.030512-0.1",
        "fonte_coordenada": "https://dadosabertos.aneel.gov.br/dataset/siga-sistema-de-informacoes-de-geracao-da-aneel"
      }
    },
    {
      "type": "Feature",
      "geometry": {
        "type": "Point",
        "coordinates": [
          -35.8691597,
          -5.30447388
        ]
      },
      "properties": {
        "tipo": "usina",
        "nome": "Camilo Pontes I (Antiga Renascença I)",
        "conjunto": "CONJ. RENASCENÇA",
        "ceg": "EOL.CV.RN.030515-4.1",
        "fonte_coordenada": "https://dadosabertos.aneel.gov.br/dataset/siga-sistema-de-informacoes-de-geracao-da-aneel"
      }
    },
    {
      "type": "Feature",
      "geometry": {
        "type": "Point",
        "coordinates": [
          -35.8886795,
          -5.3070097
        ]
      },
      "properties": {
        "tipo": "usina",
        "nome": "Camilo Pontes II (Antiga Renascença II)",
        "conjunto": "CONJ. RENASCENÇA",
        "ceg": "EOL.CV.RN.030516-2.1",
        "fonte_coordenada": "https://dadosabertos.aneel.gov.br/dataset/siga-sistema-de-informacoes-de-geracao-da-aneel"
      }
    },
    {
      "type": "Feature",
      "geometry": {
        "type": "Point",
        "coordinates": [
          -35.89572144,
          -5.29529905
        ]
      },
      "properties": {
        "tipo": "usina",
        "nome": "Camilo Pontes III (Antiga Renascença III)",
        "conjunto": "CONJ. RENASCENÇA",
        "ceg": "EOL.CV.RN.030527-8.1",
        "fonte_coordenada": "https://dadosabertos.aneel.gov.br/dataset/siga-sistema-de-informacoes-de-geracao-da-aneel"
      }
    },
    {
      "type": "Feature",
      "geometry": {
        "type": "Point",
        "coordinates": [
          -35.91640091,
          -5.29812288
        ]
      },
      "properties": {
        "tipo": "usina",
        "nome": "Camilo Pontes IV (Antiga Renascença IV)",
        "conjunto": "CONJ. RENASCENÇA",
        "ceg": "EOL.CV.RN.030551-0.1",
        "fonte_coordenada": "https://dadosabertos.aneel.gov.br/dataset/siga-sistema-de-informacoes-de-geracao-da-aneel"
      }
    },
    {
      "type": "Feature",
      "geometry": {
        "type": "Point",
        "coordinates": [
          -35.87547302,
          -5.28390789
        ]
      },
      "properties": {
        "tipo": "usina",
        "nome": "Camilo Pontes V (antiga Ventos de São Miguel)",
        "conjunto": "CONJ. RENASCENÇA",
        "ceg": "EOL.CV.RN.030514-6.1",
        "fonte_coordenada": "https://dadosabertos.aneel.gov.br/dataset/siga-sistema-de-informacoes-de-geracao-da-aneel"
      }
    },
    {
      "type": "Feature",
      "geometry": {
        "type": "Point",
        "coordinates": [
          -35.83305675,
          -5.39192177
        ]
      },
      "properties": {
        "tipo": "usina",
        "nome": "Eurus II",
        "conjunto": "CONJ. RENASCENÇA V",
        "ceg": "EOL.CV.RN.030499-9.1",
        "fonte_coordenada": "https://dadosabertos.aneel.gov.br/dataset/siga-sistema-de-informacoes-de-geracao-da-aneel"
      }
    },
    {
      "type": "Feature",
      "geometry": {
        "type": "Point",
        "coordinates": [
          -35.85890579,
          -5.26981878
        ]
      },
      "properties": {
        "tipo": "usina",
        "nome": "Renascença V",
        "conjunto": "CONJ. RENASCENÇA V",
        "ceg": "EOL.CV.RN.030497-2.1",
        "fonte_coordenada": "https://dadosabertos.aneel.gov.br/dataset/siga-sistema-de-informacoes-de-geracao-da-aneel"
      }
    },
    {
      "type": "Feature",
      "geometry": {
        "type": "Point",
        "coordinates": [
          -35.42852864,
          -5.52300494
        ]
      },
      "properties": {
        "tipo": "usina",
        "nome": "Riachão I",
        "conjunto": "CONJ. RIACHÃO",
        "ceg": "EOL.CV.RN.030870-6.1",
        "fonte_coordenada": "https://dadosabertos.aneel.gov.br/dataset/siga-sistema-de-informacoes-de-geracao-da-aneel"
      }
    },
    {
      "type": "Feature",
      "geometry": {
        "type": "Point",
        "coordinates": [
          -35.44728929,
          -5.56943192
        ]
      },
      "properties": {
        "tipo": "usina",
        "nome": "Riachão II",
        "conjunto": "CONJ. RIACHÃO",
        "ceg": "EOL.CV.RN.030871-4.1",
        "fonte_coordenada": "https://dadosabertos.aneel.gov.br/dataset/siga-sistema-de-informacoes-de-geracao-da-aneel"
      }
    },
    {
      "type": "Feature",
      "geometry": {
        "type": "Point",
        "coordinates": [
          -35.469,
          -5.52111111
        ]
      },
      "properties": {
        "tipo": "usina",
        "nome": "Riachão IV",
        "conjunto": "CONJ. RIACHÃO",
        "ceg": "EOL.CV.RN.030874-9.1",
        "fonte_coordenada": "https://dadosabertos.aneel.gov.br/dataset/siga-sistema-de-informacoes-de-geracao-da-aneel"
      }
    },
    {
      "type": "Feature",
      "geometry": {
        "type": "Point",
        "coordinates": [
          -35.4467176,
          -5.53755281
        ]
      },
      "properties": {
        "tipo": "usina",
        "nome": "Riachão VI",
        "conjunto": "CONJ. RIACHÃO",
        "ceg": "EOL.CV.RN.030872-2.1",
        "fonte_coordenada": "https://dadosabertos.aneel.gov.br/dataset/siga-sistema-de-informacoes-de-geracao-da-aneel"
      }
    },
    {
      "type": "Feature",
      "geometry": {
        "type": "Point",
        "coordinates": [
          -35.464,
          -5.57777778
        ]
      },
      "properties": {
        "tipo": "usina",
        "nome": "Riachão VII",
        "conjunto": "CONJ. RIACHÃO",
        "ceg": "EOL.CV.RN.030873-0.1",
        "fonte_coordenada": "https://dadosabertos.aneel.gov.br/dataset/siga-sistema-de-informacoes-de-geracao-da-aneel"
      }
    },
    {
      "type": "Feature",
      "geometry": {
        "type": "Point",
        "coordinates": [
          -35.96487591,
          -5.77803358
        ]
      },
      "properties": {
        "tipo": "usina",
        "nome": "Ventos de Santa Martina 01",
        "conjunto": "CONJ. RIO DO VENTO",
        "ceg": "EOL.CV.RN.038310-4.1",
        "fonte_coordenada": "https://dadosabertos.aneel.gov.br/dataset/siga-sistema-de-informacoes-de-geracao-da-aneel"
      }
    },
    {
      "type": "Feature",
      "geometry": {
        "type": "Point",
        "coordinates": [
          -35.92287265,
          -5.81939578
        ]
      },
      "properties": {
        "tipo": "usina",
        "nome": "Ventos de Santa Martina 09",
        "conjunto": "CONJ. RIO DO VENTO",
        "ceg": "EOL.CV.RN.038318-0.1",
        "fonte_coordenada": "https://dadosabertos.aneel.gov.br/dataset/siga-sistema-de-informacoes-de-geracao-da-aneel"
      }
    },
    {
      "type": "Feature",
      "geometry": {
        "type": "Point",
        "coordinates": [
          -35.94190732,
          -5.85045717
        ]
      },
      "properties": {
        "tipo": "usina",
        "nome": "Ventos de Santa Martina 10",
        "conjunto": "CONJ. RIO DO VENTO",
        "ceg": "EOL.CV.RN.038319-8.1",
        "fonte_coordenada": "https://dadosabertos.aneel.gov.br/dataset/siga-sistema-de-informacoes-de-geracao-da-aneel"
      }
    },
    {
      "type": "Feature",
      "geometry": {
        "type": "Point",
        "coordinates": [
          -35.90518492,
          -5.78306744
        ]
      },
      "properties": {
        "tipo": "usina",
        "nome": "Ventos de Santa Martina 11",
        "conjunto": "CONJ. RIO DO VENTO",
        "ceg": "EOL.CV.RN.038320-1.1",
        "fonte_coordenada": "https://dadosabertos.aneel.gov.br/dataset/siga-sistema-de-informacoes-de-geracao-da-aneel"
      }
    },
    {
      "type": "Feature",
      "geometry": {
        "type": "Point",
        "coordinates": [
          -35.88616492,
          -5.75917641
        ]
      },
      "properties": {
        "tipo": "usina",
        "nome": "Ventos de Santa Martina 12",
        "conjunto": "CONJ. RIO DO VENTO",
        "ceg": "EOL.CV.RN.038321-0.1",
        "fonte_coordenada": "https://dadosabertos.aneel.gov.br/dataset/siga-sistema-de-informacoes-de-geracao-da-aneel"
      }
    },
    {
      "type": "Feature",
      "geometry": {
        "type": "Point",
        "coordinates": [
          -35.90400659,
          -5.72690326
        ]
      },
      "properties": {
        "tipo": "usina",
        "nome": "Ventos de Santa Martina 13",
        "conjunto": "CONJ. RIO DO VENTO",
        "ceg": "EOL.CV.RN.038322-8.1",
        "fonte_coordenada": "https://dadosabertos.aneel.gov.br/dataset/siga-sistema-de-informacoes-de-geracao-da-aneel"
      }
    },
    {
      "type": "Feature",
      "geometry": {
        "type": "Point",
        "coordinates": [
          -35.92092736,
          -5.77094321
        ]
      },
      "properties": {
        "tipo": "usina",
        "nome": "Ventos de Santa Martina 14",
        "conjunto": "CONJ. RIO DO VENTO",
        "ceg": "EOL.CV.RN.038323-6.1",
        "fonte_coordenada": "https://dadosabertos.aneel.gov.br/dataset/siga-sistema-de-informacoes-de-geracao-da-aneel"
      }
    },
    {
      "type": "Feature",
      "geometry": {
        "type": "Point",
        "coordinates": [
          -35.9608225,
          -5.89082297
        ]
      },
      "properties": {
        "tipo": "usina",
        "nome": "Ventos de São Januário 23",
        "conjunto": "CONJ. RIO DO VENTO",
        "ceg": "EOL.CV.RN.040625-2.1",
        "fonte_coordenada": "https://dadosabertos.aneel.gov.br/dataset/siga-sistema-de-informacoes-de-geracao-da-aneel"
      }
    },
    {
      "type": "Feature",
      "geometry": {
        "type": "Point",
        "coordinates": [
          -36.15215729,
          -5.91073869
        ]
      },
      "properties": {
        "tipo": "usina",
        "nome": "Ventos de Santa Leia 01",
        "conjunto": "CONJ. RIO DO VENTO EXPANSÃO",
        "ceg": "EOL.CV.RN.032593-7.1",
        "fonte_coordenada": "https://dadosabertos.aneel.gov.br/dataset/siga-sistema-de-informacoes-de-geracao-da-aneel"
      }
    },
    {
      "type": "Feature",
      "geometry": {
        "type": "Point",
        "coordinates": [
          -36.13757046,
          -5.86945397
        ]
      },
      "properties": {
        "tipo": "usina",
        "nome": "Ventos de Santa Leia 02",
        "conjunto": "CONJ. RIO DO VENTO EXPANSÃO",
        "ceg": "EOL.CV.RN.033681-5.1",
        "fonte_coordenada": "https://dadosabertos.aneel.gov.br/dataset/siga-sistema-de-informacoes-de-geracao-da-aneel"
      }
    },
    {
      "type": "Feature",
      "geometry": {
        "type": "Point",
        "coordinates": [
          -36.11526129,
          -5.8458933
        ]
      },
      "properties": {
        "tipo": "usina",
        "nome": "Ventos de Santa Leia 03",
        "conjunto": "CONJ. RIO DO VENTO EXPANSÃO",
        "ceg": "EOL.CV.RN.034937-2.1",
        "fonte_coordenada": "https://dadosabertos.aneel.gov.br/dataset/siga-sistema-de-informacoes-de-geracao-da-aneel"
      }
    },
    {
      "type": "Feature",
      "geometry": {
        "type": "Point",
        "coordinates": [
          -36.10233557,
          -5.80840386
        ]
      },
      "properties": {
        "tipo": "usina",
        "nome": "Ventos de Santa Leia 04",
        "conjunto": "CONJ. RIO DO VENTO EXPANSÃO",
        "ceg": "EOL.CV.RN.033690-4.1",
        "fonte_coordenada": "https://dadosabertos.aneel.gov.br/dataset/siga-sistema-de-informacoes-de-geracao-da-aneel"
      }
    },
    {
      "type": "Feature",
      "geometry": {
        "type": "Point",
        "coordinates": [
          -36.07259507,
          -5.78513058
        ]
      },
      "properties": {
        "tipo": "usina",
        "nome": "Ventos de Santa Leia 05",
        "conjunto": "CONJ. RIO DO VENTO EXPANSÃO",
        "ceg": "EOL.CV.RN.033691-2.1",
        "fonte_coordenada": "https://dadosabertos.aneel.gov.br/dataset/siga-sistema-de-informacoes-de-geracao-da-aneel"
      }
    },
    {
      "type": "Feature",
      "geometry": {
        "type": "Point",
        "coordinates": [
          -36.09588017,
          -5.76169624
        ]
      },
      "properties": {
        "tipo": "usina",
        "nome": "Ventos de Santa Leia 12",
        "conjunto": "CONJ. RIO DO VENTO EXPANSÃO",
        "ceg": "EOL.CV.RN.045010-3.1",
        "fonte_coordenada": "https://dadosabertos.aneel.gov.br/dataset/siga-sistema-de-informacoes-de-geracao-da-aneel"
      }
    },
    {
      "type": "Feature",
      "geometry": {
        "type": "Point",
        "coordinates": [
          -36.11648002,
          -5.79267387
        ]
      },
      "properties": {
        "tipo": "usina",
        "nome": "Ventos de Santa Leia 13",
        "conjunto": "CONJ. RIO DO VENTO EXPANSÃO",
        "ceg": "EOL.CV.RN.045011-1.1",
        "fonte_coordenada": "https://dadosabertos.aneel.gov.br/dataset/siga-sistema-de-informacoes-de-geracao-da-aneel"
      }
    },
    {
      "type": "Feature",
      "geometry": {
        "type": "Point",
        "coordinates": [
          -36.14956856,
          -5.8092315
        ]
      },
      "properties": {
        "tipo": "usina",
        "nome": "Ventos de Santa Leia 14",
        "conjunto": "CONJ. RIO DO VENTO EXPANSÃO",
        "ceg": "EOL.CV.RN.045012-0.1",
        "fonte_coordenada": "https://dadosabertos.aneel.gov.br/dataset/siga-sistema-de-informacoes-de-geracao-da-aneel"
      }
    },
    {
      "type": "Feature",
      "geometry": {
        "type": "Point",
        "coordinates": [
          -35.89882636,
          -5.2431668
        ]
      },
      "properties": {
        "tipo": "usina",
        "nome": "Santa Clara I",
        "conjunto": "CONJ. SANTA CLARA",
        "ceg": "EOL.CV.RN.030292-9.1",
        "fonte_coordenada": "https://dadosabertos.aneel.gov.br/dataset/siga-sistema-de-informacoes-de-geracao-da-aneel"
      }
    },
    {
      "type": "Feature",
      "geometry": {
        "type": "Point",
        "coordinates": [
          -35.91023359,
          -5.26748652
        ]
      },
      "properties": {
        "tipo": "usina",
        "nome": "Santa Clara II",
        "conjunto": "CONJ. SANTA CLARA",
        "ceg": "EOL.CV.RN.030308-9.1",
        "fonte_coordenada": "https://dadosabertos.aneel.gov.br/dataset/siga-sistema-de-informacoes-de-geracao-da-aneel"
      }
    },
    {
      "type": "Feature",
      "geometry": {
        "type": "Point",
        "coordinates": [
          -35.90357365,
          -5.26883662
        ]
      },
      "properties": {
        "tipo": "usina",
        "nome": "Santa Clara III",
        "conjunto": "CONJ. SANTA CLARA",
        "ceg": "EOL.CV.RN.030293-7.1",
        "fonte_coordenada": "https://dadosabertos.aneel.gov.br/dataset/siga-sistema-de-informacoes-de-geracao-da-aneel"
      }
    },
    {
      "type": "Feature",
      "geometry": {
        "type": "Point",
        "coordinates": [
          -35.91353199,
          -5.23944376
        ]
      },
      "properties": {
        "tipo": "usina",
        "nome": "Santa Clara IV",
        "conjunto": "CONJ. SANTA CLARA",
        "ceg": "EOL.CV.RN.030307-0.1",
        "fonte_coordenada": "https://dadosabertos.aneel.gov.br/dataset/siga-sistema-de-informacoes-de-geracao-da-aneel"
      }
    },
    {
      "type": "Feature",
      "geometry": {
        "type": "Point",
        "coordinates": [
          -35.92171118,
          -5.2597062
        ]
      },
      "properties": {
        "tipo": "usina",
        "nome": "Santa Clara V",
        "conjunto": "CONJ. SANTA CLARA",
        "ceg": "EOL.CV.RN.030378-0.1",
        "fonte_coordenada": "https://dadosabertos.aneel.gov.br/dataset/siga-sistema-de-informacoes-de-geracao-da-aneel"
      }
    },
    {
      "type": "Feature",
      "geometry": {
        "type": "Point",
        "coordinates": [
          -35.92696942,
          -5.24030138
        ]
      },
      "properties": {
        "tipo": "usina",
        "nome": "Santa Clara VI",
        "conjunto": "CONJ. SANTA CLARA",
        "ceg": "EOL.CV.RN.030304-6.1",
        "fonte_coordenada": "https://dadosabertos.aneel.gov.br/dataset/siga-sistema-de-informacoes-de-geracao-da-aneel"
      }
    },
    {
      "type": "Feature",
      "geometry": {
        "type": "Point",
        "coordinates": [
          -35.93175546,
          -5.23291909
        ]
      },
      "properties": {
        "tipo": "usina",
        "nome": "Eurus VI",
        "conjunto": "CONJ. SANTA CLARA",
        "ceg": "EOL.CV.RN.030351-8.1",
        "fonte_coordenada": "https://dadosabertos.aneel.gov.br/dataset/siga-sistema-de-informacoes-de-geracao-da-aneel"
      }
    },
    {
      "type": "Feature",
      "geometry": {
        "type": "Point",
        "coordinates": [
          -36.15622061,
          -5.91373216
        ]
      },
      "properties": {
        "tipo": "usina",
        "nome": "Santa Rosa e Mundo Novo I",
        "conjunto": "CONJ. SANTA ROSA MUNDO NOVO",
        "ceg": "EOL.CV.RN.035210-1.1",
        "fonte_coordenada": "https://dadosabertos.aneel.gov.br/dataset/siga-sistema-de-informacoes-de-geracao-da-aneel"
      }
    },
    {
      "type": "Feature",
      "geometry": {
        "type": "Point",
        "coordinates": [
          -36.18675162,
          -5.85915907
        ]
      },
      "properties": {
        "tipo": "usina",
        "nome": "Santa Rosa e Mundo Novo II",
        "conjunto": "CONJ. SANTA ROSA MUNDO NOVO",
        "ceg": "EOL.CV.RN.035211-0.1",
        "fonte_coordenada": "https://dadosabertos.aneel.gov.br/dataset/siga-sistema-de-informacoes-de-geracao-da-aneel"
      }
    },
    {
      "type": "Feature",
      "geometry": {
        "type": "Point",
        "coordinates": [
          -36.23776074,
          -5.82017863
        ]
      },
      "properties": {
        "tipo": "usina",
        "nome": "Santa Rosa e Mundo Novo III",
        "conjunto": "CONJ. SANTA ROSA MUNDO NOVO",
        "ceg": "EOL.CV.RN.035212-8.1",
        "fonte_coordenada": "https://dadosabertos.aneel.gov.br/dataset/siga-sistema-de-informacoes-de-geracao-da-aneel"
      }
    },
    {
      "type": "Feature",
      "geometry": {
        "type": "Point",
        "coordinates": [
          -36.26634909,
          -5.87317989
        ]
      },
      "properties": {
        "tipo": "usina",
        "nome": "Santa Rosa e Mundo Novo IV",
        "conjunto": "CONJ. SANTA ROSA MUNDO NOVO",
        "ceg": "EOL.CV.RN.037663-9.1",
        "fonte_coordenada": "https://dadosabertos.aneel.gov.br/dataset/siga-sistema-de-informacoes-de-geracao-da-aneel"
      }
    },
    {
      "type": "Feature",
      "geometry": {
        "type": "Point",
        "coordinates": [
          -36.21256889,
          -5.9219515
        ]
      },
      "properties": {
        "tipo": "usina",
        "nome": "Santa Rosa e Mundo Novo V",
        "conjunto": "CONJ. SANTA ROSA MUNDO NOVO",
        "ceg": "EOL.CV.RN.037664-7.1",
        "fonte_coordenada": "https://dadosabertos.aneel.gov.br/dataset/siga-sistema-de-informacoes-de-geracao-da-aneel"
      }
    },
    {
      "type": "Feature",
      "geometry": {
        "type": "Point",
        "coordinates": [
          -36.22985297,
          -5.51854552
        ]
      },
      "properties": {
        "tipo": "usina",
        "nome": "Santo Agostinho 1",
        "conjunto": "CONJ. SANTO AGOSTINHO",
        "ceg": "EOL.CV.RN.033831-1.1",
        "fonte_coordenada": "https://dadosabertos.aneel.gov.br/dataset/siga-sistema-de-informacoes-de-geracao-da-aneel"
      }
    },
    {
      "type": "Feature",
      "geometry": {
        "type": "Point",
        "coordinates": [
          -36.22977241,
          -5.53973462
        ]
      },
      "properties": {
        "tipo": "usina",
        "nome": "Santo Agostinho 2",
        "conjunto": "CONJ. SANTO AGOSTINHO",
        "ceg": "EOL.CV.RN.033833-8.1",
        "fonte_coordenada": "https://dadosabertos.aneel.gov.br/dataset/siga-sistema-de-informacoes-de-geracao-da-aneel"
      }
    },
    {
      "type": "Feature",
      "geometry": {
        "type": "Point",
        "coordinates": [
          -36.23479241,
          -5.58480283
        ]
      },
      "properties": {
        "tipo": "usina",
        "nome": "Santo Agostinho 3",
        "conjunto": "CONJ. SANTO AGOSTINHO",
        "ceg": "EOL.CV.RN.033834-6.1",
        "fonte_coordenada": "https://dadosabertos.aneel.gov.br/dataset/siga-sistema-de-informacoes-de-geracao-da-aneel"
      }
    },
    {
      "type": "Feature",
      "geometry": {
        "type": "Point",
        "coordinates": [
          -36.21647326,
          -5.58327956
        ]
      },
      "properties": {
        "tipo": "usina",
        "nome": "Santo Agostinho 4",
        "conjunto": "CONJ. SANTO AGOSTINHO",
        "ceg": "EOL.CV.RN.033835-4.1",
        "fonte_coordenada": "https://dadosabertos.aneel.gov.br/dataset/siga-sistema-de-informacoes-de-geracao-da-aneel"
      }
    },
    {
      "type": "Feature",
      "geometry": {
        "type": "Point",
        "coordinates": [
          -36.19904813,
          -5.55684837
        ]
      },
      "properties": {
        "tipo": "usina",
        "nome": "Santo Agostinho 5",
        "conjunto": "CONJ. SANTO AGOSTINHO",
        "ceg": "EOL.CV.RN.033836-2.1",
        "fonte_coordenada": "https://dadosabertos.aneel.gov.br/dataset/siga-sistema-de-informacoes-de-geracao-da-aneel"
      }
    },
    {
      "type": "Feature",
      "geometry": {
        "type": "Point",
        "coordinates": [
          -36.19284646,
          -5.57524277
        ]
      },
      "properties": {
        "tipo": "usina",
        "nome": "Santo Agostinho 6",
        "conjunto": "CONJ. SANTO AGOSTINHO",
        "ceg": "EOL.CV.RN.033838-9.1",
        "fonte_coordenada": "https://dadosabertos.aneel.gov.br/dataset/siga-sistema-de-informacoes-de-geracao-da-aneel"
      }
    },
    {
      "type": "Feature",
      "geometry": {
        "type": "Point",
        "coordinates": [
          -36.24688133,
          -5.64742582
        ]
      },
      "properties": {
        "tipo": "usina",
        "nome": "Santo Agostinho 13",
        "conjunto": "CONJ. SANTO AGOSTINHO",
        "ceg": "EOL.CV.RN.033853-2.1",
        "fonte_coordenada": "https://dadosabertos.aneel.gov.br/dataset/siga-sistema-de-informacoes-de-geracao-da-aneel"
      }
    },
    {
      "type": "Feature",
      "geometry": {
        "type": "Point",
        "coordinates": [
          -36.24713094,
          -5.64422822
        ]
      },
      "properties": {
        "tipo": "usina",
        "nome": "Santo Agostinho 14",
        "conjunto": "CONJ. SANTO AGOSTINHO",
        "ceg": "EOL.CV.RN.033854-0.1",
        "fonte_coordenada": "https://dadosabertos.aneel.gov.br/dataset/siga-sistema-de-informacoes-de-geracao-da-aneel"
      }
    },
    {
      "type": "Feature",
      "geometry": {
        "type": "Point",
        "coordinates": [
          -36.26155339,
          -5.58836202
        ]
      },
      "properties": {
        "tipo": "usina",
        "nome": "Santo Agostinho 17",
        "conjunto": "CONJ. SANTO AGOSTINHO",
        "ceg": "EOL.CV.RN.033857-5.1",
        "fonte_coordenada": "https://dadosabertos.aneel.gov.br/dataset/siga-sistema-de-informacoes-de-geracao-da-aneel"
      }
    },
    {
      "type": "Feature",
      "geometry": {
        "type": "Point",
        "coordinates": [
          -36.25216212,
          -5.55201074
        ]
      },
      "properties": {
        "tipo": "usina",
        "nome": "Santo Agostinho 18",
        "conjunto": "CONJ. SANTO AGOSTINHO",
        "ceg": "EOL.CV.RN.033872-9.1",
        "fonte_coordenada": "https://dadosabertos.aneel.gov.br/dataset/siga-sistema-de-informacoes-de-geracao-da-aneel"
      }
    },
    {
      "type": "Feature",
      "geometry": {
        "type": "Point",
        "coordinates": [
          -36.21673909,
          -5.50754804
        ]
      },
      "properties": {
        "tipo": "usina",
        "nome": "Santo Agostinho 21",
        "conjunto": "CONJ. SANTO AGOSTINHO",
        "ceg": "EOL.CV.RN.033875-3.1",
        "fonte_coordenada": "https://dadosabertos.aneel.gov.br/dataset/siga-sistema-de-informacoes-de-geracao-da-aneel"
      }
    },
    {
      "type": "Feature",
      "geometry": {
        "type": "Point",
        "coordinates": [
          -36.15093641,
          -5.57564662
        ]
      },
      "properties": {
        "tipo": "usina",
        "nome": "Santo Agostinho 25",
        "conjunto": "CONJ. SANTO AGOSTINHO",
        "ceg": "EOL.CV.RN.035214-4.1",
        "fonte_coordenada": "https://dadosabertos.aneel.gov.br/dataset/siga-sistema-de-informacoes-de-geracao-da-aneel"
      }
    },
    {
      "type": "Feature",
      "geometry": {
        "type": "Point",
        "coordinates": [
          -36.15316183,
          -5.59287892
        ]
      },
      "properties": {
        "tipo": "usina",
        "nome": "Santo Agostinho 26",
        "conjunto": "CONJ. SANTO AGOSTINHO",
        "ceg": "EOL.CV.RN.035215-2.1",
        "fonte_coordenada": "https://dadosabertos.aneel.gov.br/dataset/siga-sistema-de-informacoes-de-geracao-da-aneel"
      }
    },
    {
      "type": "Feature",
      "geometry": {
        "type": "Point",
        "coordinates": [
          -36.17744564,
          -5.56147106
        ]
      },
      "properties": {
        "tipo": "usina",
        "nome": "Santo Agostinho 27",
        "conjunto": "CONJ. SANTO AGOSTINHO",
        "ceg": "EOL.CV.RN.035216-0.1",
        "fonte_coordenada": "https://dadosabertos.aneel.gov.br/dataset/siga-sistema-de-informacoes-de-geracao-da-aneel"
      }
    },
    {
      "type": "Feature",
      "geometry": {
        "type": "Point",
        "coordinates": [
          -35.74659906,
          -5.29419488
        ]
      },
      "properties": {
        "tipo": "usina",
        "nome": "União dos Ventos 15",
        "conjunto": "CONJ. SÃO MIGUEL",
        "ceg": "EOL.CV.RN.031642-3.1",
        "fonte_coordenada": "https://dadosabertos.aneel.gov.br/dataset/siga-sistema-de-informacoes-de-geracao-da-aneel"
      }
    },
    {
      "type": "Feature",
      "geometry": {
        "type": "Point",
        "coordinates": [
          -35.76380499,
          -5.26372468
        ]
      },
      "properties": {
        "tipo": "usina",
        "nome": "União dos Ventos 16",
        "conjunto": "CONJ. SÃO MIGUEL",
        "ceg": "EOL.CV.RN.031652-0.1",
        "fonte_coordenada": "https://dadosabertos.aneel.gov.br/dataset/siga-sistema-de-informacoes-de-geracao-da-aneel"
      }
    },
    {
      "type": "Feature",
      "geometry": {
        "type": "Point",
        "coordinates": [
          -36.72199512,
          -6.13531074
        ]
      },
      "properties": {
        "tipo": "usina",
        "nome": "Lanchinha",
        "conjunto": "CONJ. SERRA DE SANTANA",
        "ceg": "EOL.CV.RN.030860-9.1",
        "fonte_coordenada": "https://dadosabertos.aneel.gov.br/dataset/siga-sistema-de-informacoes-de-geracao-da-aneel"
      }
    },
    {
      "type": "Feature",
      "geometry": {
        "type": "Point",
        "coordinates": [
          -36.58061876,
          -6.05661175
        ]
      },
      "properties": {
        "tipo": "usina",
        "nome": "Serra de Santana I",
        "conjunto": "CONJ. SERRA DE SANTANA",
        "ceg": "EOL.CV.RN.030625-8.1",
        "fonte_coordenada": "https://dadosabertos.aneel.gov.br/dataset/siga-sistema-de-informacoes-de-geracao-da-aneel"
      }
    },
    {
      "type": "Feature",
      "geometry": {
        "type": "Point",
        "coordinates": [
          -36.57868431,
          -6.10138889
        ]
      },
      "properties": {
        "tipo": "usina",
        "nome": "Serra de Santana II",
        "conjunto": "CONJ. SERRA DE SANTANA",
        "ceg": "EOL.CV.RN.030609-6.1",
        "fonte_coordenada": "https://dadosabertos.aneel.gov.br/dataset/siga-sistema-de-informacoes-de-geracao-da-aneel"
      }
    },
    {
      "type": "Feature",
      "geometry": {
        "type": "Point",
        "coordinates": [
          -36.55513292,
          -6.0462987
        ]
      },
      "properties": {
        "tipo": "usina",
        "nome": "Macambira I",
        "conjunto": "CONJ. SERRA DE SANTANA",
        "ceg": "EOL.CV.RN.031025-5.1",
        "fonte_coordenada": "https://dadosabertos.aneel.gov.br/dataset/siga-sistema-de-informacoes-de-geracao-da-aneel"
      }
    },
    {
      "type": "Feature",
      "geometry": {
        "type": "Point",
        "coordinates": [
          -36.30922525,
          -5.91420831
        ]
      },
      "properties": {
        "tipo": "usina",
        "nome": "Pedra Rajada",
        "conjunto": "CONJ. SERRA DE SANTANA",
        "ceg": "EOL.CV.RN.032352-7.1",
        "fonte_coordenada": "https://dadosabertos.aneel.gov.br/dataset/siga-sistema-de-informacoes-de-geracao-da-aneel"
      }
    },
    {
      "type": "Feature",
      "geometry": {
        "type": "Point",
        "coordinates": [
          -36.28867724,
          -5.88690655
        ]
      },
      "properties": {
        "tipo": "usina",
        "nome": "Pedra Rajada II",
        "conjunto": "CONJ. SERRA DE SANTANA",
        "ceg": "EOL.CV.RN.032353-5.1",
        "fonte_coordenada": "https://dadosabertos.aneel.gov.br/dataset/siga-sistema-de-informacoes-de-geracao-da-aneel"
      }
    },
    {
      "type": "Feature",
      "geometry": {
        "type": "Point",
        "coordinates": [
          -36.43527354,
          -6.00427326
        ]
      },
      "properties": {
        "tipo": "usina",
        "nome": "Pelado",
        "conjunto": "CONJ. SERRA DE SANTANA",
        "ceg": "EOL.CV.RN.030856-0.1",
        "fonte_coordenada": "https://dadosabertos.aneel.gov.br/dataset/siga-sistema-de-informacoes-de-geracao-da-aneel"
      }
    },
    {
      "type": "Feature",
      "geometry": {
        "type": "Point",
        "coordinates": [
          -36.51203738,
          -6.02493709
        ]
      },
      "properties": {
        "tipo": "usina",
        "nome": "Serra de Santana III",
        "conjunto": "CONJ. SERRA DE SANTANA",
        "ceg": "EOL.CV.RN.030615-0.1",
        "fonte_coordenada": "https://dadosabertos.aneel.gov.br/dataset/siga-sistema-de-informacoes-de-geracao-da-aneel"
      }
    },
    {
      "type": "Feature",
      "geometry": {
        "type": "Point",
        "coordinates": [
          -36.5301722,
          -6.07538762
        ]
      },
      "properties": {
        "tipo": "usina",
        "nome": "Macambira II",
        "conjunto": "CONJ. SERRA DE SANTANA",
        "ceg": "EOL.CV.RN.031026-3.1",
        "fonte_coordenada": "https://dadosabertos.aneel.gov.br/dataset/siga-sistema-de-informacoes-de-geracao-da-aneel"
      }
    },
    {
      "type": "Feature",
      "geometry": {
        "type": "Point",
        "coordinates": [
          -37.04271244,
          -5.05222128
        ]
      },
      "properties": {
        "tipo": "usina",
        "nome": "Casqueira I",
        "conjunto": "CONJ. SERRA DO MEL A",
        "ceg": "EOL.CV.RN.050082-8.1",
        "fonte_coordenada": "https://dadosabertos.aneel.gov.br/dataset/siga-sistema-de-informacoes-de-geracao-da-aneel"
      }
    },
    {
      "type": "Feature",
      "geometry": {
        "type": "Point",
        "coordinates": [
          -37.05607136,
          -5.02441232
        ]
      },
      "properties": {
        "tipo": "usina",
        "nome": "Casqueira II",
        "conjunto": "CONJ. SERRA DO MEL A",
        "ceg": "EOL.CV.RN.050083-6.1",
        "fonte_coordenada": "https://dadosabertos.aneel.gov.br/dataset/siga-sistema-de-informacoes-de-geracao-da-aneel"
      }
    },
    {
      "type": "Feature",
      "geometry": {
        "type": "Point",
        "coordinates": [
          -37.10554365,
          -5.09220706
        ]
      },
      "properties": {
        "tipo": "usina",
        "nome": "Toda Energia do Brasil",
        "conjunto": "CONJ. SERRA DO MEL A",
        "ceg": "EOL.CV.RN.046742-1.1",
        "fonte_coordenada": "https://dadosabertos.aneel.gov.br/dataset/siga-sistema-de-informacoes-de-geracao-da-aneel"
      }
    },
    {
      "type": "Feature",
      "geometry": {
        "type": "Point",
        "coordinates": [
          -36.99304441,
          -5.07600796
        ]
      },
      "properties": {
        "tipo": "usina",
        "nome": "Vila Maranhão I",
        "conjunto": "CONJ. SERRA DO MEL A",
        "ceg": "EOL.CV.RN.038325-2.1",
        "fonte_coordenada": "https://dadosabertos.aneel.gov.br/dataset/siga-sistema-de-informacoes-de-geracao-da-aneel"
      }
    },
    {
      "type": "Feature",
      "geometry": {
        "type": "Point",
        "coordinates": [
          -36.99447067,
          -5.04913316
        ]
      },
      "properties": {
        "tipo": "usina",
        "nome": "Vila Maranhão II",
        "conjunto": "CONJ. SERRA DO MEL A",
        "ceg": "EOL.CV.RN.038326-0.1",
        "fonte_coordenada": "https://dadosabertos.aneel.gov.br/dataset/siga-sistema-de-informacoes-de-geracao-da-aneel"
      }
    },
    {
      "type": "Feature",
      "geometry": {
        "type": "Point",
        "coordinates": [
          -37.00519616,
          -5.1293252
        ]
      },
      "properties": {
        "tipo": "usina",
        "nome": "Vila Maranhão III",
        "conjunto": "CONJ. SERRA DO MEL A",
        "ceg": "EOL.CV.RN.038327-9.1",
        "fonte_coordenada": "https://dadosabertos.aneel.gov.br/dataset/siga-sistema-de-informacoes-de-geracao-da-aneel"
      }
    },
    {
      "type": "Feature",
      "geometry": {
        "type": "Point",
        "coordinates": [
          -37.03678143,
          -5.12714462
        ]
      },
      "properties": {
        "tipo": "usina",
        "nome": "Ventos de Vila Ceará I (Antiga Vila Paraíba I)",
        "conjunto": "CONJ. SERRA DO MEL A",
        "ceg": "EOL.CV.RN.036974-8.1",
        "fonte_coordenada": "https://dadosabertos.aneel.gov.br/dataset/siga-sistema-de-informacoes-de-geracao-da-aneel"
      }
    },
    {
      "type": "Feature",
      "geometry": {
        "type": "Point",
        "coordinates": [
          -37.03684692,
          -5.10566262
        ]
      },
      "properties": {
        "tipo": "usina",
        "nome": "Ventos de Vila Ceará II",
        "conjunto": "CONJ. SERRA DO MEL A",
        "ceg": "EOL.CV.RN.036976-4.1",
        "fonte_coordenada": "https://dadosabertos.aneel.gov.br/dataset/siga-sistema-de-informacoes-de-geracao-da-aneel"
      }
    },
    {
      "type": "Feature",
      "geometry": {
        "type": "Point",
        "coordinates": [
          -37.01513946,
          -5.10094867
        ]
      },
      "properties": {
        "tipo": "usina",
        "nome": "Vila Ceará I",
        "conjunto": "CONJ. SERRA DO MEL A",
        "ceg": "EOL.CV.RN.036980-2.1",
        "fonte_coordenada": "https://dadosabertos.aneel.gov.br/dataset/siga-sistema-de-informacoes-de-geracao-da-aneel"
      }
    },
    {
      "type": "Feature",
      "geometry": {
        "type": "Point",
        "coordinates": [
          -36.97699026,
          -5.12940829
        ]
      },
      "properties": {
        "tipo": "usina",
        "nome": "Ventos de Vila Paraíba I (Antiga Vila Paraíba III)",
        "conjunto": "CONJ. SERRA DO MEL A",
        "ceg": "EOL.CV.RN.036981-0.1",
        "fonte_coordenada": "https://dadosabertos.aneel.gov.br/dataset/siga-sistema-de-informacoes-de-geracao-da-aneel"
      }
    },
    {
      "type": "Feature",
      "geometry": {
        "type": "Point",
        "coordinates": [
          -36.97706526,
          -5.10554028
        ]
      },
      "properties": {
        "tipo": "usina",
        "nome": "Ventos de Vila Paraíba II (Antiga Vila Paraíba II)",
        "conjunto": "CONJ. SERRA DO MEL A",
        "ceg": "EOL.CV.RN.036985-3.1",
        "fonte_coordenada": "https://dadosabertos.aneel.gov.br/dataset/siga-sistema-de-informacoes-de-geracao-da-aneel"
      }
    },
    {
      "type": "Feature",
      "geometry": {
        "type": "Point",
        "coordinates": [
          -37.11385633,
          -5.2719718
        ]
      },
      "properties": {
        "tipo": "usina",
        "nome": "Potiguar B 31",
        "conjunto": "CONJ. SERRA DO MEL A",
        "ceg": "EOL.CV.RN.040600-7.1",
        "fonte_coordenada": "https://dadosabertos.aneel.gov.br/dataset/siga-sistema-de-informacoes-de-geracao-da-aneel"
      }
    },
    {
      "type": "Feature",
      "geometry": {
        "type": "Point",
        "coordinates": [
          -37.12987212,
          -5.28818687
        ]
      },
      "properties": {
        "tipo": "usina",
        "nome": "Potiguar B 32",
        "conjunto": "CONJ. SERRA DO MEL A",
        "ceg": "EOL.CV.RN.040601-5.1",
        "fonte_coordenada": "https://dadosabertos.aneel.gov.br/dataset/siga-sistema-de-informacoes-de-geracao-da-aneel"
      }
    },
    {
      "type": "Feature",
      "geometry": {
        "type": "Point",
        "coordinates": [
          -37.1540889,
          -5.29206609
        ]
      },
      "properties": {
        "tipo": "usina",
        "nome": "Potiguar B 33",
        "conjunto": "CONJ. SERRA DO MEL A",
        "ceg": "EOL.CV.RN.040602-3.1",
        "fonte_coordenada": "https://dadosabertos.aneel.gov.br/dataset/siga-sistema-de-informacoes-de-geracao-da-aneel"
      }
    },
    {
      "type": "Feature",
      "geometry": {
        "type": "Point",
        "coordinates": [
          -37.07549486,
          -5.23983831
        ]
      },
      "properties": {
        "tipo": "usina",
        "nome": "Ventos de Vila Mato Grosso I (Antiga Vila Alagoas III)",
        "conjunto": "CONJ. SERRA DO MEL A",
        "ceg": "EOL.CV.RN.036984-5.1",
        "fonte_coordenada": "https://dadosabertos.aneel.gov.br/dataset/siga-sistema-de-informacoes-de-geracao-da-aneel"
      }
    },
    {
      "type": "Feature",
      "geometry": {
        "type": "Point",
        "coordinates": [
          -37.09281853,
          -5.17175384
        ]
      },
      "properties": {
        "tipo": "usina",
        "nome": "Vila Alagoas II",
        "conjunto": "CONJ. SERRA DO MEL B",
        "ceg": "EOL.CV.RN.036977-2.1",
        "fonte_coordenada": "https://dadosabertos.aneel.gov.br/dataset/siga-sistema-de-informacoes-de-geracao-da-aneel"
      }
    },
    {
      "type": "Feature",
      "geometry": {
        "type": "Point",
        "coordinates": [
          -37.11320904,
          -5.18694166
        ]
      },
      "properties": {
        "tipo": "usina",
        "nome": "Vila Espírito Santo I (Antiga Potiguar B21)",
        "conjunto": "CONJ. SERRA DO MEL B",
        "ceg": "EOL.CV.RN.040594-9.1",
        "fonte_coordenada": "https://dadosabertos.aneel.gov.br/dataset/siga-sistema-de-informacoes-de-geracao-da-aneel"
      }
    },
    {
      "type": "Feature",
      "geometry": {
        "type": "Point",
        "coordinates": [
          -37.13565431,
          -5.18768642
        ]
      },
      "properties": {
        "tipo": "usina",
        "nome": "Vila Espírito Santo II (Antiga Potiguar B22)",
        "conjunto": "CONJ. SERRA DO MEL B",
        "ceg": "EOL.CV.RN.040595-7.1",
        "fonte_coordenada": "https://dadosabertos.aneel.gov.br/dataset/siga-sistema-de-informacoes-de-geracao-da-aneel"
      }
    },
    {
      "type": "Feature",
      "geometry": {
        "type": "Point",
        "coordinates": [
          -37.15358551,
          -5.19943932
        ]
      },
      "properties": {
        "tipo": "usina",
        "nome": "Vila Espírito Santo III (Antiga Potiguar B23)",
        "conjunto": "CONJ. SERRA DO MEL B",
        "ceg": "EOL.CV.RN.040596-5.1",
        "fonte_coordenada": "https://dadosabertos.aneel.gov.br/dataset/siga-sistema-de-informacoes-de-geracao-da-aneel"
      }
    },
    {
      "type": "Feature",
      "geometry": {
        "type": "Point",
        "coordinates": [
          -37.15468292,
          -5.2251487
        ]
      },
      "properties": {
        "tipo": "usina",
        "nome": "Vila Espírito Santo IV (Antiga Potiguar B24)",
        "conjunto": "CONJ. SERRA DO MEL B",
        "ceg": "EOL.CV.RN.040597-3.1",
        "fonte_coordenada": "https://dadosabertos.aneel.gov.br/dataset/siga-sistema-de-informacoes-de-geracao-da-aneel"
      }
    },
    {
      "type": "Feature",
      "geometry": {
        "type": "Point",
        "coordinates": [
          -37.13422597,
          -5.23467252
        ]
      },
      "properties": {
        "tipo": "usina",
        "nome": "Vila Espírito Santo V (Antiga Potiguar B25)",
        "conjunto": "CONJ. SERRA DO MEL B",
        "ceg": "EOL.CV.RN.040598-1.1",
        "fonte_coordenada": "https://dadosabertos.aneel.gov.br/dataset/siga-sistema-de-informacoes-de-geracao-da-aneel"
      }
    },
    {
      "type": "Feature",
      "geometry": {
        "type": "Point",
        "coordinates": [
          -37.02203246,
          -5.14359943
        ]
      },
      "properties": {
        "tipo": "usina",
        "nome": "Vila Rio Grande do Norte I",
        "conjunto": "CONJ. SERRA DO MEL B",
        "ceg": "EOL.CV.RN.038141-1.1",
        "fonte_coordenada": "https://dadosabertos.aneel.gov.br/dataset/siga-sistema-de-informacoes-de-geracao-da-aneel"
      }
    },
    {
      "type": "Feature",
      "geometry": {
        "type": "Point",
        "coordinates": [
          -37.02206593,
          -5.13275004
        ]
      },
      "properties": {
        "tipo": "usina",
        "nome": "Vila Rio Grande do Norte II",
        "conjunto": "CONJ. SERRA DO MEL B",
        "ceg": "EOL.CV.RN.038140-3.1",
        "fonte_coordenada": "https://dadosabertos.aneel.gov.br/dataset/siga-sistema-de-informacoes-de-geracao-da-aneel"
      }
    },
    {
      "type": "Feature",
      "geometry": {
        "type": "Point",
        "coordinates": [
          -37.06235333,
          -5.13960042
        ]
      },
      "properties": {
        "tipo": "usina",
        "nome": "Vila Sergipe I",
        "conjunto": "CONJ. SERRA DO MEL B",
        "ceg": "EOL.CV.RN.038142-0.1",
        "fonte_coordenada": "https://dadosabertos.aneel.gov.br/dataset/siga-sistema-de-informacoes-de-geracao-da-aneel"
      }
    },
    {
      "type": "Feature",
      "geometry": {
        "type": "Point",
        "coordinates": [
          -37.06210762,
          -5.16022061
        ]
      },
      "properties": {
        "tipo": "usina",
        "nome": "Vila Sergipe II",
        "conjunto": "CONJ. SERRA DO MEL B",
        "ceg": "EOL.CV.RN.038143-8.1",
        "fonte_coordenada": "https://dadosabertos.aneel.gov.br/dataset/siga-sistema-de-informacoes-de-geracao-da-aneel"
      }
    },
    {
      "type": "Feature",
      "geometry": {
        "type": "Point",
        "coordinates": [
          -37.0791934,
          -5.17629412
        ]
      },
      "properties": {
        "tipo": "usina",
        "nome": "Vila Sergipe III",
        "conjunto": "CONJ. SERRA DO MEL B",
        "ceg": "EOL.CV.RN.038144-6.1",
        "fonte_coordenada": "https://dadosabertos.aneel.gov.br/dataset/siga-sistema-de-informacoes-de-geracao-da-aneel"
      }
    },
    {
      "type": "Feature",
      "geometry": {
        "type": "Point",
        "coordinates": [
          -37.10533935,
          -5.09730598
        ]
      },
      "properties": {
        "tipo": "usina",
        "nome": "Vila Piauí I",
        "conjunto": "CONJ. SERRA DO MEL B",
        "ceg": "EOL.CV.RN.036975-6.1",
        "fonte_coordenada": "https://dadosabertos.aneel.gov.br/dataset/siga-sistema-de-informacoes-de-geracao-da-aneel"
      }
    },
    {
      "type": "Feature",
      "geometry": {
        "type": "Point",
        "coordinates": [
          -37.07805103,
          -5.09803872
        ]
      },
      "properties": {
        "tipo": "usina",
        "nome": "Vila Piauí II",
        "conjunto": "CONJ. SERRA DO MEL B",
        "ceg": "EOL.CV.RN.036973-0.1",
        "fonte_coordenada": "https://dadosabertos.aneel.gov.br/dataset/siga-sistema-de-informacoes-de-geracao-da-aneel"
      }
    },
    {
      "type": "Feature",
      "geometry": {
        "type": "Point",
        "coordinates": [
          -37.06237382,
          -5.10285596
        ]
      },
      "properties": {
        "tipo": "usina",
        "nome": "Vila Piauí III",
        "conjunto": "CONJ. SERRA DO MEL B",
        "ceg": "EOL.CV.RN.036979-9.1",
        "fonte_coordenada": "https://dadosabertos.aneel.gov.br/dataset/siga-sistema-de-informacoes-de-geracao-da-aneel"
      }
    },
    {
      "type": "Feature",
      "geometry": {
        "type": "Point",
        "coordinates": [
          -36.32314202,
          -6.34082641
        ]
      },
      "properties": {
        "tipo": "usina",
        "nome": "Ventos de São Rafael 01",
        "conjunto": "CONJ. SERRA DO TIGRE",
        "ceg": "EOL.CV.RN.049664-2.1",
        "fonte_coordenada": "https://dadosabertos.aneel.gov.br/dataset/siga-sistema-de-informacoes-de-geracao-da-aneel"
      }
    },
    {
      "type": "Feature",
      "geometry": {
        "type": "Point",
        "coordinates": [
          -36.32671096,
          -6.29484883
        ]
      },
      "properties": {
        "tipo": "usina",
        "nome": "Ventos de São Rafael 02",
        "conjunto": "CONJ. SERRA DO TIGRE",
        "ceg": "EOL.CV.RN.049665-0.1",
        "fonte_coordenada": "https://dadosabertos.aneel.gov.br/dataset/siga-sistema-de-informacoes-de-geracao-da-aneel"
      }
    },
    {
      "type": "Feature",
      "geometry": {
        "type": "Point",
        "coordinates": [
          -36.31018581,
          -6.28394731
        ]
      },
      "properties": {
        "tipo": "usina",
        "nome": "Ventos de São Rafael 03",
        "conjunto": "CONJ. SERRA DO TIGRE",
        "ceg": "EOL.CV.RN.049666-9.1",
        "fonte_coordenada": "https://dadosabertos.aneel.gov.br/dataset/siga-sistema-de-informacoes-de-geracao-da-aneel"
      }
    },
    {
      "type": "Feature",
      "geometry": {
        "type": "Point",
        "coordinates": [
          -36.27089068,
          -6.25138519
        ]
      },
      "properties": {
        "tipo": "usina",
        "nome": "Ventos de São Rafael 04",
        "conjunto": "CONJ. SERRA DO TIGRE",
        "ceg": "EOL.CV.RN.049667-7.1",
        "fonte_coordenada": "https://dadosabertos.aneel.gov.br/dataset/siga-sistema-de-informacoes-de-geracao-da-aneel"
      }
    },
    {
      "type": "Feature",
      "geometry": {
        "type": "Point",
        "coordinates": [
          -36.25453101,
          -6.21093599
        ]
      },
      "properties": {
        "tipo": "usina",
        "nome": "Ventos de São Rafael 05",
        "conjunto": "CONJ. SERRA DO TIGRE",
        "ceg": "EOL.CV.RN.049668-5.1",
        "fonte_coordenada": "https://dadosabertos.aneel.gov.br/dataset/siga-sistema-de-informacoes-de-geracao-da-aneel"
      }
    },
    {
      "type": "Feature",
      "geometry": {
        "type": "Point",
        "coordinates": [
          -36.29008018,
          -6.16657036
        ]
      },
      "properties": {
        "tipo": "usina",
        "nome": "Ventos de São Rafael 06",
        "conjunto": "CONJ. SERRA DO TIGRE",
        "ceg": "EOL.CV.RN.049669-3.1",
        "fonte_coordenada": "https://dadosabertos.aneel.gov.br/dataset/siga-sistema-de-informacoes-de-geracao-da-aneel"
      }
    },
    {
      "type": "Feature",
      "geometry": {
        "type": "Point",
        "coordinates": [
          -36.23770519,
          -6.12990453
        ]
      },
      "properties": {
        "tipo": "usina",
        "nome": "Ventos de São Rafael 07",
        "conjunto": "CONJ. SERRA DO TIGRE",
        "ceg": "EOL.CV.RN.049670-7.1",
        "fonte_coordenada": "https://dadosabertos.aneel.gov.br/dataset/siga-sistema-de-informacoes-de-geracao-da-aneel"
      }
    },
    {
      "type": "Feature",
      "geometry": {
        "type": "Point",
        "coordinates": [
          -36.21259345,
          -6.10839586
        ]
      },
      "properties": {
        "tipo": "usina",
        "nome": "Ventos de São Rafael 08",
        "conjunto": "CONJ. SERRA DO TIGRE",
        "ceg": "EOL.CV.RN.049671-5.1",
        "fonte_coordenada": "https://dadosabertos.aneel.gov.br/dataset/siga-sistema-de-informacoes-de-geracao-da-aneel"
      }
    },
    {
      "type": "Feature",
      "geometry": {
        "type": "Point",
        "coordinates": [
          -36.16948529,
          -6.08852756
        ]
      },
      "properties": {
        "tipo": "usina",
        "nome": "Ventos de São Rafael 09",
        "conjunto": "CONJ. SERRA DO TIGRE",
        "ceg": "EOL.CV.RN.050015-1.1",
        "fonte_coordenada": "https://dadosabertos.aneel.gov.br/dataset/siga-sistema-de-informacoes-de-geracao-da-aneel"
      }
    },
    {
      "type": "Feature",
      "geometry": {
        "type": "Point",
        "coordinates": [
          -36.1418189,
          -6.05266538
        ]
      },
      "properties": {
        "tipo": "usina",
        "nome": "Ventos de São Rafael 10",
        "conjunto": "CONJ. SERRA DO TIGRE",
        "ceg": "EOL.CV.RN.050016-0.1",
        "fonte_coordenada": "https://dadosabertos.aneel.gov.br/dataset/siga-sistema-de-informacoes-de-geracao-da-aneel"
      }
    },
    {
      "type": "Feature",
      "geometry": {
        "type": "Point",
        "coordinates": [
          -36.13237762,
          -6.03732806
        ]
      },
      "properties": {
        "tipo": "usina",
        "nome": "Ventos de São Rafael 11",
        "conjunto": "CONJ. SERRA DO TIGRE",
        "ceg": "EOL.CV.PB.050017-8.1",
        "fonte_coordenada": "https://dadosabertos.aneel.gov.br/dataset/siga-sistema-de-informacoes-de-geracao-da-aneel"
      }
    },
    {
      "type": "Feature",
      "geometry": {
        "type": "Point",
        "coordinates": [
          -36.05748678,
          -5.25686652
        ]
      },
      "properties": {
        "tipo": "usina",
        "nome": "Terra Santa I",
        "conjunto": "CONJ. TERRA SANTA",
        "ceg": "EOL.CV.RN.032495-7.1",
        "fonte_coordenada": "https://dadosabertos.aneel.gov.br/dataset/siga-sistema-de-informacoes-de-geracao-da-aneel"
      }
    },
    {
      "type": "Feature",
      "geometry": {
        "type": "Point",
        "coordinates": [
          -36.10292811,
          -5.22983854
        ]
      },
      "properties": {
        "tipo": "usina",
        "nome": "Terra Santa II",
        "conjunto": "CONJ. TERRA SANTA",
        "ceg": "EOL.CV.RN.032501-5.1",
        "fonte_coordenada": "https://dadosabertos.aneel.gov.br/dataset/siga-sistema-de-informacoes-de-geracao-da-aneel"
      }
    },
    {
      "type": "Feature",
      "geometry": {
        "type": "Point",
        "coordinates": [
          -35.75118992,
          -6.40366165
        ]
      },
      "properties": {
        "tipo": "usina",
        "nome": "Ventos de Santo Antonio 01",
        "conjunto": "CONJ. UMARI",
        "ceg": "EOL.CV.RN.047205-0.2",
        "fonte_coordenada": "https://dadosabertos.aneel.gov.br/dataset/siga-sistema-de-informacoes-de-geracao-da-aneel"
      }
    },
    {
      "type": "Feature",
      "geometry": {
        "type": "Point",
        "coordinates": [
          -35.78961616,
          -6.45377373
        ]
      },
      "properties": {
        "tipo": "usina",
        "nome": "Ventos de Santa Luzia 11",
        "conjunto": "CONJ. UMARI",
        "ceg": "EOL.CV.RN.051585-0.2",
        "fonte_coordenada": "https://dadosabertos.aneel.gov.br/dataset/siga-sistema-de-informacoes-de-geracao-da-aneel"
      }
    },
    {
      "type": "Feature",
      "geometry": {
        "type": "Point",
        "coordinates": [
          -35.7721536,
          -6.42524374
        ]
      },
      "properties": {
        "tipo": "usina",
        "nome": "Ventos de Santa Luzia 12",
        "conjunto": "CONJ. UMARI",
        "ceg": "EOL.CV.RN.051586-8.2",
        "fonte_coordenada": "https://dadosabertos.aneel.gov.br/dataset/siga-sistema-de-informacoes-de-geracao-da-aneel"
      }
    },
    {
      "type": "Feature",
      "geometry": {
        "type": "Point",
        "coordinates": [
          -35.71979775,
          -6.38035342
        ]
      },
      "properties": {
        "tipo": "usina",
        "nome": "Ventos de Santa Luzia 13",
        "conjunto": "CONJ. UMARI",
        "ceg": "EOL.CV.RN.051587-6.2",
        "fonte_coordenada": "https://atosoficiais.com.br/aneel/despacho-n-3084-2022-altera-a-potencia-instalada-o-numero-e-o-posicionamento-dos-aerogeradores-a-localizacao-o-sistema-de-transmissao-de-interesse-restrito-da-central-geradora-eolica-ventos-de-santa-luzia-13-outorgada-a-empresa-ventos-de-sao-jeremias-energias-renovaveis-s"
      }
    },
    {
      "type": "Feature",
      "geometry": {
        "type": "Point",
        "coordinates": [
          -35.83981059,
          -5.07738118
        ]
      },
      "properties": {
        "tipo": "usina",
        "nome": "União dos Ventos 1",
        "conjunto": "CONJ. UNIÃO DOS VENTOS",
        "ceg": "EOL.CV.RN.030562-6.1",
        "fonte_coordenada": "https://dadosabertos.aneel.gov.br/dataset/siga-sistema-de-informacoes-de-geracao-da-aneel"
      }
    },
    {
      "type": "Feature",
      "geometry": {
        "type": "Point",
        "coordinates": [
          -35.82578583,
          -5.08060245
        ]
      },
      "properties": {
        "tipo": "usina",
        "nome": "União dos Ventos 2",
        "conjunto": "CONJ. UNIÃO DOS VENTOS",
        "ceg": "EOL.CV.RN.030563-4.1",
        "fonte_coordenada": "https://dadosabertos.aneel.gov.br/dataset/siga-sistema-de-informacoes-de-geracao-da-aneel"
      }
    },
    {
      "type": "Feature",
      "geometry": {
        "type": "Point",
        "coordinates": [
          -35.81,
          -5.08251017
        ]
      },
      "properties": {
        "tipo": "usina",
        "nome": "União dos Ventos 3",
        "conjunto": "CONJ. UNIÃO DOS VENTOS",
        "ceg": "EOL.CV.RN.030564-2.1",
        "fonte_coordenada": "https://dadosabertos.aneel.gov.br/dataset/siga-sistema-de-informacoes-de-geracao-da-aneel"
      }
    },
    {
      "type": "Feature",
      "geometry": {
        "type": "Point",
        "coordinates": [
          -35.798,
          -5.09034131
        ]
      },
      "properties": {
        "tipo": "usina",
        "nome": "União dos Ventos 4",
        "conjunto": "CONJ. UNIÃO DOS VENTOS",
        "ceg": "EOL.CV.RN.030565-0.1",
        "fonte_coordenada": "https://dadosabertos.aneel.gov.br/dataset/siga-sistema-de-informacoes-de-geracao-da-aneel"
      }
    },
    {
      "type": "Feature",
      "geometry": {
        "type": "Point",
        "coordinates": [
          -35.782,
          -5.09041226
        ]
      },
      "properties": {
        "tipo": "usina",
        "nome": "União dos Ventos 5",
        "conjunto": "CONJ. UNIÃO DOS VENTOS",
        "ceg": "EOL.CV.RN.030566-9.1",
        "fonte_coordenada": "https://dadosabertos.aneel.gov.br/dataset/siga-sistema-de-informacoes-de-geracao-da-aneel"
      }
    },
    {
      "type": "Feature",
      "geometry": {
        "type": "Point",
        "coordinates": [
          -35.767,
          -5.0946405
        ]
      },
      "properties": {
        "tipo": "usina",
        "nome": "União dos Ventos 6",
        "conjunto": "CONJ. UNIÃO DOS VENTOS",
        "ceg": "EOL.CV.RN.030567-7.1",
        "fonte_coordenada": "https://dadosabertos.aneel.gov.br/dataset/siga-sistema-de-informacoes-de-geracao-da-aneel"
      }
    },
    {
      "type": "Feature",
      "geometry": {
        "type": "Point",
        "coordinates": [
          -35.752,
          -5.09714734
        ]
      },
      "properties": {
        "tipo": "usina",
        "nome": "União dos Ventos 7",
        "conjunto": "CONJ. UNIÃO DOS VENTOS",
        "ceg": "EOL.CV.RN.030568-5.1",
        "fonte_coordenada": "https://dadosabertos.aneel.gov.br/dataset/siga-sistema-de-informacoes-de-geracao-da-aneel"
      }
    },
    {
      "type": "Feature",
      "geometry": {
        "type": "Point",
        "coordinates": [
          -35.888,
          -5.07267646
        ]
      },
      "properties": {
        "tipo": "usina",
        "nome": "União dos Ventos 8",
        "conjunto": "CONJ. UNIÃO DOS VENTOS",
        "ceg": "EOL.CV.RN.030569-3.1",
        "fonte_coordenada": "https://dadosabertos.aneel.gov.br/dataset/siga-sistema-de-informacoes-de-geracao-da-aneel"
      }
    },
    {
      "type": "Feature",
      "geometry": {
        "type": "Point",
        "coordinates": [
          -35.887,
          -5.08724472
        ]
      },
      "properties": {
        "tipo": "usina",
        "nome": "União dos Ventos 9",
        "conjunto": "CONJ. UNIÃO DOS VENTOS",
        "ceg": "EOL.CV.RN.030570-7.1",
        "fonte_coordenada": "https://dadosabertos.aneel.gov.br/dataset/siga-sistema-de-informacoes-de-geracao-da-aneel"
      }
    },
    {
      "type": "Feature",
      "geometry": {
        "type": "Point",
        "coordinates": [
          -35.889,
          -5.10718687
        ]
      },
      "properties": {
        "tipo": "usina",
        "nome": "União dos Ventos 10",
        "conjunto": "CONJ. UNIÃO DOS VENTOS",
        "ceg": "EOL.CV.RN.030571-5.1",
        "fonte_coordenada": "https://dadosabertos.aneel.gov.br/dataset/siga-sistema-de-informacoes-de-geracao-da-aneel"
      }
    },
    {
      "type": "Feature",
      "geometry": {
        "type": "Point",
        "coordinates": [
          -35.85214857,
          -5.10334579
        ]
      },
      "properties": {
        "tipo": "usina",
        "nome": "União dos Ventos 12",
        "conjunto": "CONJ. UNIÃO DOS VENTOS",
        "ceg": "EOL.CV.RN.031645-8.1",
        "fonte_coordenada": "https://dadosabertos.aneel.gov.br/dataset/siga-sistema-de-informacoes-de-geracao-da-aneel"
      }
    },
    {
      "type": "Feature",
      "geometry": {
        "type": "Point",
        "coordinates": [
          -35.86234833,
          -5.08366984
        ]
      },
      "properties": {
        "tipo": "usina",
        "nome": "União dos Ventos 13",
        "conjunto": "CONJ. UNIÃO DOS VENTOS",
        "ceg": "EOL.CV.RN.031697-0.1",
        "fonte_coordenada": "https://dadosabertos.aneel.gov.br/dataset/siga-sistema-de-informacoes-de-geracao-da-aneel"
      }
    },
    {
      "type": "Feature",
      "geometry": {
        "type": "Point",
        "coordinates": [
          -35.87028501,
          -5.10747769
        ]
      },
      "properties": {
        "tipo": "usina",
        "nome": "União dos Ventos 14",
        "conjunto": "CONJ. UNIÃO DOS VENTOS",
        "ceg": "EOL.CV.RN.031643-1.1",
        "fonte_coordenada": "https://dadosabertos.aneel.gov.br/dataset/siga-sistema-de-informacoes-de-geracao-da-aneel"
      }
    },
    {
      "type": "Feature",
      "geometry": {
        "type": "Point",
        "coordinates": [
          -36.45364833,
          -5.12783831
        ]
      },
      "properties": {
        "tipo": "usina",
        "nome": "Miassaba 3",
        "conjunto": "MIASSABA 3",
        "ceg": "EOL.CV.RN.030339-9.1",
        "fonte_coordenada": "https://dadosabertos.aneel.gov.br/dataset/siga-sistema-de-informacoes-de-geracao-da-aneel"
      }
    },
    {
      "type": "Feature",
      "geometry": {
        "type": "Point",
        "coordinates": [
          -36.20204622,
          -5.10086936
        ]
      },
      "properties": {
        "tipo": "usina",
        "nome": "Rei dos Ventos 1",
        "conjunto": "REI DOS VENTOS 1",
        "ceg": "EOL.CV.RN.030416-6.1",
        "fonte_coordenada": "https://dadosabertos.aneel.gov.br/dataset/siga-sistema-de-informacoes-de-geracao-da-aneel"
      }
    },
    {
      "type": "Feature",
      "geometry": {
        "type": "Point",
        "coordinates": [
          -36.16319865,
          -5.11899151
        ]
      },
      "properties": {
        "tipo": "usina",
        "nome": "Rei dos Ventos 3",
        "conjunto": "REI DOS VENTOS 3",
        "ceg": "EOL.CV.RN.030417-4.1",
        "fonte_coordenada": "https://dadosabertos.aneel.gov.br/dataset/siga-sistema-de-informacoes-de-geracao-da-aneel"
      }
    },
    {
      "type": "Feature",
      "geometry": {
        "type": "Point",
        "coordinates": [
          -36.9079,
          -5.5931
        ]
      },
      "properties": {
        "tipo": "subestacao",
        "nome": "Açu II",
        "id_estado": "RN",
        "agente_operador": "Axia Nordeste",
        "tensoes_kv": [
          69,
          138,
          230
        ]
      }
    },
    {
      "type": "Feature",
      "geometry": {
        "type": "Point",
        "coordinates": [
          -37.0297,
          -5.579
        ]
      },
      "properties": {
        "tipo": "subestacao",
        "nome": "Açu III",
        "id_estado": "RN",
        "agente_operador": "Argo Energia",
        "tensoes_kv": [
          230,
          500
        ]
      }
    },
    {
      "type": "Feature",
      "geometry": {
        "type": "Point",
        "coordinates": [
          -35.4514,
          -5.6733
        ]
      },
      "properties": {
        "tipo": "subestacao",
        "nome": "Ceará Mirim II",
        "id_estado": "RN",
        "agente_operador": "Axia Nordeste",
        "tensoes_kv": [
          230,
          500
        ]
      }
    },
    {
      "type": "Feature",
      "geometry": {
        "type": "Point",
        "coordinates": [
          -36.5451,
          -6.2654
        ]
      },
      "properties": {
        "tipo": "subestacao",
        "nome": "Currais Novos II",
        "id_estado": "RN",
        "agente_operador": "Taesa",
        "tensoes_kv": [
          69,
          230
        ]
      }
    },
    {
      "type": "Feature",
      "geometry": {
        "type": "Point",
        "coordinates": [
          -35.3042,
          -5.7378
        ]
      },
      "properties": {
        "tipo": "subestacao",
        "nome": "Extremoz II",
        "id_estado": "RN",
        "agente_operador": "Axia Nordeste",
        "tensoes_kv": [
          69,
          230
        ]
      }
    },
    {
      "type": "Feature",
      "geometry": {
        "type": "Point",
        "coordinates": [
          -35.8862,
          -5.3798
        ]
      },
      "properties": {
        "tipo": "subestacao",
        "nome": "João Câmara III",
        "id_estado": "RN",
        "agente_operador": "Axia Nordeste",
        "tensoes_kv": [
          138,
          230,
          500
        ]
      }
    },
    {
      "type": "Feature",
      "geometry": {
        "type": "Point",
        "coordinates": [
          -36.0195,
          -5.4111
        ]
      },
      "properties": {
        "tipo": "subestacao",
        "nome": "Jandaíra II",
        "id_estado": "RN",
        "agente_operador": "Argo Energia",
        "tensoes_kv": [
          500
        ]
      }
    },
    {
      "type": "Feature",
      "geometry": {
        "type": "Point",
        "coordinates": [
          -35.8752,
          -5.3021
        ]
      },
      "properties": {
        "tipo": "subestacao",
        "nome": "João Câmara II",
        "id_estado": "RN",
        "agente_operador": "Axia Nordeste",
        "tensoes_kv": [
          69,
          230
        ]
      }
    },
    {
      "type": "Feature",
      "geometry": {
        "type": "Point",
        "coordinates": [
          -36.5258,
          -6.0621
        ]
      },
      "properties": {
        "tipo": "subestacao",
        "nome": "Lagoa Nova II",
        "id_estado": "RN",
        "agente_operador": "Axia Nordeste",
        "tensoes_kv": [
          69,
          230
        ]
      }
    },
    {
      "type": "Feature",
      "geometry": {
        "type": "Point",
        "coordinates": [
          -36.2155,
          -5.4464
        ]
      },
      "properties": {
        "tipo": "subestacao",
        "nome": "Monte Verde",
        "id_estado": "RN",
        "agente_operador": "Argo Energia",
        "tensoes_kv": [
          500
        ]
      }
    },
    {
      "type": "Feature",
      "geometry": {
        "type": "Point",
        "coordinates": [
          -37.3498,
          -5.1499
        ]
      },
      "properties": {
        "tipo": "subestacao",
        "nome": "Mossoró II",
        "id_estado": "RN",
        "agente_operador": "Axia Nordeste",
        "tensoes_kv": [
          69,
          230
        ]
      }
    },
    {
      "type": "Feature",
      "geometry": {
        "type": "Point",
        "coordinates": [
          -36.0051,
          -6.2368
        ]
      },
      "properties": {
        "tipo": "subestacao",
        "nome": "Paraíso",
        "id_estado": "RN",
        "agente_operador": "Axia Nordeste",
        "tensoes_kv": [
          138,
          230
        ]
      }
    },
    {
      "type": "Feature",
      "geometry": {
        "type": "Point",
        "coordinates": [
          -35.6567,
          -5.1819
        ]
      },
      "properties": {
        "tipo": "subestacao",
        "nome": "Touros",
        "id_estado": "RN",
        "agente_operador": "Axia Nordeste",
        "tensoes_kv": [
          69,
          230
        ]
      }
    },
    {
      "type": "Feature",
      "geometry": {
        "type": "Point",
        "coordinates": [
          -35.6331,
          -6.517
        ]
      },
      "properties": {
        "tipo": "subestacao",
        "nome": "Riachão II",
        "id_estado": "PB",
        "agente_operador": "Axia Nordeste",
        "tensoes_kv": NaN
      }
    },
    {
      "type": "Feature",
      "geometry": {
        "type": "Point",
        "coordinates": [
          -36.9836,
          -6.9117
        ]
      },
      "properties": {
        "tipo": "subestacao",
        "nome": "Santa Luzia II",
        "id_estado": "PB",
        "agente_operador": "Neoenergia",
        "tensoes_kv": NaN
      }
    },
    {
      "type": "Feature",
      "geometry": {
        "type": "Point",
        "coordinates": [
          -37.7946,
          -5.65349
        ]
      },
      "properties": {
        "tipo": "cidade",
        "nome": "Apodi"
      }
    },
    {
      "type": "Feature",
      "geometry": {
        "type": "Point",
        "coordinates": [
          -37.1252,
          -4.95254
        ]
      },
      "properties": {
        "tipo": "cidade",
        "nome": "Areia Branca"
      }
    },
    {
      "type": "Feature",
      "geometry": {
        "type": "Point",
        "coordinates": [
          -36.914,
          -5.58362
        ]
      },
      "properties": {
        "tipo": "cidade",
        "nome": "Assú"
      }
    },
    {
      "type": "Feature",
      "geometry": {
        "type": "Point",
        "coordinates": [
          -37.1067,
          -6.45441
        ]
      },
      "properties": {
        "tipo": "cidade",
        "nome": "Caicó"
      }
    },
    {
      "type": "Feature",
      "geometry": {
        "type": "Point",
        "coordinates": [
          -35.1281,
          -6.37193
        ]
      },
      "properties": {
        "tipo": "cidade",
        "nome": "Canguaretama"
      }
    },
    {
      "type": "Feature",
      "geometry": {
        "type": "Point",
        "coordinates": [
          -37.5586,
          -5.78387
        ]
      },
      "properties": {
        "tipo": "cidade",
        "nome": "Caraúbas"
      }
    },
    {
      "type": "Feature",
      "geometry": {
        "type": "Point",
        "coordinates": [
          -36.5146,
          -6.25484
        ]
      },
      "properties": {
        "tipo": "cidade",
        "nome": "Currais Novos"
      }
    },
    {
      "type": "Feature",
      "geometry": {
        "type": "Point",
        "coordinates": [
          -35.8122,
          -5.54094
        ]
      },
      "properties": {
        "tipo": "cidade",
        "nome": "João Câmara"
      }
    },
    {
      "type": "Feature",
      "geometry": {
        "type": "Point",
        "coordinates": [
          -36.247,
          -5.69322
        ]
      },
      "properties": {
        "tipo": "cidade",
        "nome": "Lajes"
      }
    },
    {
      "type": "Feature",
      "geometry": {
        "type": "Point",
        "coordinates": [
          -36.6318,
          -5.10795
        ]
      },
      "properties": {
        "tipo": "cidade",
        "nome": "Macau"
      }
    },
    {
      "type": "Feature",
      "geometry": {
        "type": "Point",
        "coordinates": [
          -37.908,
          -6.08279
        ]
      },
      "properties": {
        "tipo": "cidade",
        "nome": "Martins"
      }
    },
    {
      "type": "Feature",
      "geometry": {
        "type": "Point",
        "coordinates": [
          -37.3474,
          -5.18374
        ]
      },
      "properties": {
        "tipo": "cidade",
        "nome": "Mossoró"
      }
    },
    {
      "type": "Feature",
      "geometry": {
        "type": "Point",
        "coordinates": [
          -35.1986,
          -5.79357
        ]
      },
      "properties": {
        "tipo": "cidade",
        "nome": "Natal"
      }
    },
    {
      "type": "Feature",
      "geometry": {
        "type": "Point",
        "coordinates": [
          -35.4286,
          -6.47511
        ]
      },
      "properties": {
        "tipo": "cidade",
        "nome": "Nova Cruz"
      }
    },
    {
      "type": "Feature",
      "geometry": {
        "type": "Point",
        "coordinates": [
          -36.6566,
          -6.68491
        ]
      },
      "properties": {
        "tipo": "cidade",
        "nome": "Parelhas"
      }
    },
    {
      "type": "Feature",
      "geometry": {
        "type": "Point",
        "coordinates": [
          -38.2077,
          -6.10498
        ]
      },
      "properties": {
        "tipo": "cidade",
        "nome": "Pau dos Ferros"
      }
    },
    {
      "type": "Feature",
      "geometry": {
        "type": "Point",
        "coordinates": [
          -35.8215,
          -5.82156
        ]
      },
      "properties": {
        "tipo": "cidade",
        "nome": "Riachuelo"
      }
    },
    {
      "type": "Feature",
      "geometry": {
        "type": "Point",
        "coordinates": [
          -36.0193,
          -6.22475
        ]
      },
      "properties": {
        "tipo": "cidade",
        "nome": "Santa Cruz"
      }
    },
    {
      "type": "Feature",
      "geometry": {
        "type": "Point",
        "coordinates": [
          -38.4947,
          -6.20283
        ]
      },
      "properties": {
        "tipo": "cidade",
        "nome": "São Miguel"
      }
    },
    {
      "type": "Feature",
      "geometry": {
        "type": "Point",
        "coordinates": [
          -37.0242,
          -5.17725
        ]
      },
      "properties": {
        "tipo": "cidade",
        "nome": "Serra do Mel"
      }
    },
    {
      "type": "Feature",
      "geometry": {
        "type": "Point",
        "coordinates": [
          -35.4621,
          -5.20182
        ]
      },
      "properties": {
        "tipo": "cidade",
        "nome": "Touros"
      }
    },
    {
      "type": "Feature",
      "geometry": {
        "type": "LineString",
        "coordinates": [
          [
            -36.654662,
            -6.088372
          ],
          [
            -36.5258,
            -6.0621
          ]
        ]
      },
      "properties": {
        "tipo": "linha_conexao",
        "conjunto": "Conjunto Eólico Acauã",
        "subestacao": "Lagoa Nova II",
        "distancia_km": 14.5
      }
    },
    {
      "type": "Feature",
      "geometry": {
        "type": "LineString",
        "coordinates": [
          [
            -36.487805,
            -5.352769
          ],
          [
            -36.9079,
            -5.5931
          ]
        ]
      },
      "properties": {
        "tipo": "linha_conexao",
        "conjunto": "Conjunto Eólico Afonso Bezerra",
        "subestacao": "Açu II",
        "distancia_km": 53.6
      }
    },
    {
      "type": "Feature",
      "geometry": {
        "type": "LineString",
        "coordinates": [
          [
            -36.362875,
            -5.094353
          ],
          [
            -36.9079,
            -5.5931
          ]
        ]
      },
      "properties": {
        "tipo": "linha_conexao",
        "conjunto": "Conjunto Eólico Alegria I",
        "subestacao": "Açu II",
        "distancia_km": 82.0
      }
    },
    {
      "type": "Feature",
      "geometry": {
        "type": "LineString",
        "coordinates": [
          [
            -36.383306,
            -5.124306
          ],
          [
            -36.9079,
            -5.5931
          ]
        ]
      },
      "properties": {
        "tipo": "linha_conexao",
        "conjunto": "Conjunto Eólico Alegria II",
        "subestacao": "Açu II",
        "distancia_km": 78.0
      }
    },
    {
      "type": "Feature",
      "geometry": {
        "type": "LineString",
        "coordinates": [
          [
            -36.622588,
            -6.164161
          ],
          [
            -36.5451,
            -6.2654
          ]
        ]
      },
      "properties": {
        "tipo": "linha_conexao",
        "conjunto": "Conjunto Eólico Anemus",
        "subestacao": "Currais Novos II",
        "distancia_km": 14.1
      }
    },
    {
      "type": "Feature",
      "geometry": {
        "type": "LineString",
        "coordinates": [
          [
            -36.907828,
            -4.966296
          ],
          [
            -37.3498,
            -5.1499
          ]
        ]
      },
      "properties": {
        "tipo": "linha_conexao",
        "conjunto": "Conjunto Eólico Areia Branca",
        "subestacao": "Mossoró II",
        "distancia_km": 53.0
      }
    },
    {
      "type": "Feature",
      "geometry": {
        "type": "LineString",
        "coordinates": [
          [
            -35.984505,
            -5.321105
          ],
          [
            -35.8862,
            -5.3798
          ]
        ]
      },
      "properties": {
        "tipo": "linha_conexao",
        "conjunto": "Conjunto Eólico Asa Branca",
        "subestacao": "João Câmara III",
        "distancia_km": 12.7
      }
    },
    {
      "type": "Feature",
      "geometry": {
        "type": "LineString",
        "coordinates": [
          [
            -35.762467,
            -5.329523
          ],
          [
            -35.8752,
            -5.3021
          ]
        ]
      },
      "properties": {
        "tipo": "linha_conexao",
        "conjunto": "Conjunto Eólico Aventura",
        "subestacao": "João Câmara II",
        "distancia_km": 12.8
      }
    },
    {
      "type": "Feature",
      "geometry": {
        "type": "LineString",
        "coordinates": [
          [
            -36.065279,
            -5.351473
          ],
          [
            -35.8862,
            -5.3798
          ]
        ]
      },
      "properties": {
        "tipo": "linha_conexao",
        "conjunto": "Conjunto Eólico Baixa do Feijão",
        "subestacao": "João Câmara III",
        "distancia_km": 20.1
      }
    },
    {
      "type": "Feature",
      "geometry": {
        "type": "LineString",
        "coordinates": [
          [
            -35.789481,
            -5.252492
          ],
          [
            -35.8862,
            -5.3798
          ]
        ]
      },
      "properties": {
        "tipo": "linha_conexao",
        "conjunto": "Conjunto Eólico Bloco Sul",
        "subestacao": "João Câmara III",
        "distancia_km": 17.7
      }
    },
    {
      "type": "Feature",
      "geometry": {
        "type": "LineString",
        "coordinates": [
          [
            -35.872153,
            -5.339966
          ],
          [
            -35.8862,
            -5.3798
          ]
        ]
      },
      "properties": {
        "tipo": "linha_conexao",
        "conjunto": "Conjunto Eólico Brisa Potiguar I",
        "subestacao": "João Câmara III",
        "distancia_km": 4.7
      }
    },
    {
      "type": "Feature",
      "geometry": {
        "type": "LineString",
        "coordinates": [
          [
            -35.985514,
            -5.481504
          ],
          [
            -35.8862,
            -5.3798
          ]
        ]
      },
      "properties": {
        "tipo": "linha_conexao",
        "conjunto": "Conjunto Eólico Cabeço Preto II",
        "subestacao": "João Câmara III",
        "distancia_km": 15.8
      }
    },
    {
      "type": "Feature",
      "geometry": {
        "type": "LineString",
        "coordinates": [
          [
            -36.287893,
            -5.737942
          ],
          [
            -37.0297,
            -5.579
          ]
        ]
      },
      "properties": {
        "tipo": "linha_conexao",
        "conjunto": "Conjunto Eólico Caju",
        "subestacao": "Açu III",
        "distancia_km": 84.0
      }
    },
    {
      "type": "Feature",
      "geometry": {
        "type": "LineString",
        "coordinates": [
          [
            -36.545,
            -6.041389
          ],
          [
            -36.5258,
            -6.0621
          ]
        ]
      },
      "properties": {
        "tipo": "linha_conexao",
        "conjunto": "Conjunto Eólico Calango 1",
        "subestacao": "Lagoa Nova II",
        "distancia_km": 3.1
      }
    },
    {
      "type": "Feature",
      "geometry": {
        "type": "LineString",
        "coordinates": [
          [
            -36.481166,
            -6.023505
          ],
          [
            -36.5258,
            -6.0621
          ]
        ]
      },
      "properties": {
        "tipo": "linha_conexao",
        "conjunto": "Conjunto Eólico Calango 2",
        "subestacao": "Lagoa Nova II",
        "distancia_km": 6.5
      }
    },
    {
      "type": "Feature",
      "geometry": {
        "type": "LineString",
        "coordinates": [
          [
            -36.456468,
            -6.032277
          ],
          [
            -36.5258,
            -6.0621
          ]
        ]
      },
      "properties": {
        "tipo": "linha_conexao",
        "conjunto": "Conjunto Eólico Calango 3",
        "subestacao": "Lagoa Nova II",
        "distancia_km": 8.4
      }
    },
    {
      "type": "Feature",
      "geometry": {
        "type": "LineString",
        "coordinates": [
          [
            -35.943822,
            -5.3338
          ],
          [
            -35.8862,
            -5.3798
          ]
        ]
      },
      "properties": {
        "tipo": "linha_conexao",
        "conjunto": "Conjunto Eólico Campo dos Ventos",
        "subestacao": "João Câmara III",
        "distancia_km": 8.2
      }
    },
    {
      "type": "Feature",
      "geometry": {
        "type": "LineString",
        "coordinates": [
          [
            -35.656554,
            -5.13617
          ],
          [
            -35.6567,
            -5.1819
          ]
        ]
      },
      "properties": {
        "tipo": "linha_conexao",
        "conjunto": "Conjunto Eólico Carnaúbas",
        "subestacao": "Touros",
        "distancia_km": 5.1
      }
    },
    {
      "type": "Feature",
      "geometry": {
        "type": "LineString",
        "coordinates": [
          [
            -35.787442,
            -5.154307
          ],
          [
            -35.8862,
            -5.3798
          ]
        ]
      },
      "properties": {
        "tipo": "linha_conexao",
        "conjunto": "Conjunto Eólico Cumaru",
        "subestacao": "João Câmara III",
        "distancia_km": 27.4
      }
    },
    {
      "type": "Feature",
      "geometry": {
        "type": "LineString",
        "coordinates": [
          [
            -35.96115,
            -5.105501
          ],
          [
            -35.6567,
            -5.1819
          ]
        ]
      },
      "properties": {
        "tipo": "linha_conexao",
        "conjunto": "Conjunto Eólico Cutia",
        "subestacao": "Touros",
        "distancia_km": 34.8
      }
    },
    {
      "type": "Feature",
      "geometry": {
        "type": "LineString",
        "coordinates": [
          [
            -35.481403,
            -5.242157
          ],
          [
            -35.6567,
            -5.1819
          ]
        ]
      },
      "properties": {
        "tipo": "linha_conexao",
        "conjunto": "Conjunto Eólico Gameleira",
        "subestacao": "Touros",
        "distancia_km": 20.5
      }
    },
    {
      "type": "Feature",
      "geometry": {
        "type": "LineString",
        "coordinates": [
          [
            -36.01546,
            -5.432905
          ],
          [
            -35.8862,
            -5.3798
          ]
        ]
      },
      "properties": {
        "tipo": "linha_conexao",
        "conjunto": "Conjunto Eólico Jandaíra",
        "subestacao": "João Câmara III",
        "distancia_km": 15.5
      }
    },
    {
      "type": "Feature",
      "geometry": {
        "type": "LineString",
        "coordinates": [
          [
            -36.110478,
            -5.376564
          ],
          [
            -36.0195,
            -5.4111
          ]
        ]
      },
      "properties": {
        "tipo": "linha_conexao",
        "conjunto": "Conjunto Eólico Jandaíra III",
        "subestacao": "Jandaíra II",
        "distancia_km": 10.8
      }
    },
    {
      "type": "Feature",
      "geometry": {
        "type": "LineString",
        "coordinates": [
          [
            -36.106786,
            -5.667856
          ],
          [
            -36.2155,
            -5.4464
          ]
        ]
      },
      "properties": {
        "tipo": "linha_conexao",
        "conjunto": "Conjunto Eólico Jerusalém",
        "subestacao": "Monte Verde",
        "distancia_km": 27.4
      }
    },
    {
      "type": "Feature",
      "geometry": {
        "type": "LineString",
        "coordinates": [
          [
            -35.850139,
            -5.412538
          ],
          [
            -35.8862,
            -5.3798
          ]
        ]
      },
      "properties": {
        "tipo": "linha_conexao",
        "conjunto": "Conjunto Eólico Macacos",
        "subestacao": "João Câmara III",
        "distancia_km": 5.4
      }
    },
    {
      "type": "Feature",
      "geometry": {
        "type": "LineString",
        "coordinates": [
          [
            -36.347162,
            -5.173203
          ],
          [
            -36.9079,
            -5.5931
          ]
        ]
      },
      "properties": {
        "tipo": "linha_conexao",
        "conjunto": "Conjunto Eólico Mangue Seco",
        "subestacao": "Açu II",
        "distancia_km": 77.7
      }
    },
    {
      "type": "Feature",
      "geometry": {
        "type": "LineString",
        "coordinates": [
          [
            -36.453648,
            -5.127838
          ],
          [
            -36.9079,
            -5.5931
          ]
        ]
      },
      "properties": {
        "tipo": "linha_conexao",
        "conjunto": "Conjunto Eólico Miassaba 3",
        "subestacao": "Açu II",
        "distancia_km": 72.1
      }
    },
    {
      "type": "Feature",
      "geometry": {
        "type": "LineString",
        "coordinates": [
          [
            -35.896581,
            -5.42257
          ],
          [
            -35.8752,
            -5.3021
          ]
        ]
      },
      "properties": {
        "tipo": "linha_conexao",
        "conjunto": "Conjunto Eólico Modelo",
        "subestacao": "João Câmara II",
        "distancia_km": 13.6
      }
    },
    {
      "type": "Feature",
      "geometry": {
        "type": "LineString",
        "coordinates": [
          [
            -36.024286,
            -5.159694
          ],
          [
            -35.8862,
            -5.3798
          ]
        ]
      },
      "properties": {
        "tipo": "linha_conexao",
        "conjunto": "Conjunto Eólico Monte do Ronca",
        "subestacao": "João Câmara III",
        "distancia_km": 28.9
      }
    },
    {
      "type": "Feature",
      "geometry": {
        "type": "LineString",
        "coordinates": [
          [
            -36.220628,
            -5.449031
          ],
          [
            -36.2155,
            -5.4464
          ]
        ]
      },
      "properties": {
        "tipo": "linha_conexao",
        "conjunto": "Conjunto Eólico Monte Verde",
        "subestacao": "Monte Verde",
        "distancia_km": 0.6
      }
    },
    {
      "type": "Feature",
      "geometry": {
        "type": "LineString",
        "coordinates": [
          [
            -35.860754,
            -5.358298
          ],
          [
            -35.8752,
            -5.3021
          ]
        ]
      },
      "properties": {
        "tipo": "linha_conexao",
        "conjunto": "Conjunto Eólico Morro dos Ventos",
        "subestacao": "João Câmara II",
        "distancia_km": 6.5
      }
    },
    {
      "type": "Feature",
      "geometry": {
        "type": "LineString",
        "coordinates": [
          [
            -35.868365,
            -5.381196
          ],
          [
            -35.8862,
            -5.3798
          ]
        ]
      },
      "properties": {
        "tipo": "linha_conexao",
        "conjunto": "Conjunto Eólico Morro dos Ventos II",
        "subestacao": "João Câmara III",
        "distancia_km": 2.0
      }
    },
    {
      "type": "Feature",
      "geometry": {
        "type": "LineString",
        "coordinates": [
          [
            -36.977156,
            -5.009718
          ],
          [
            -37.3498,
            -5.1499
          ]
        ]
      },
      "properties": {
        "tipo": "linha_conexao",
        "conjunto": "Conjunto Eólico Mossoró II",
        "subestacao": "Mossoró II",
        "distancia_km": 44.1
      }
    },
    {
      "type": "Feature",
      "geometry": {
        "type": "LineString",
        "coordinates": [
          [
            -35.662939,
            -5.207782
          ],
          [
            -35.6567,
            -5.1819
          ]
        ]
      },
      "properties": {
        "tipo": "linha_conexao",
        "conjunto": "Conjunto Eólico Mundo Novo",
        "subestacao": "Touros",
        "distancia_km": 3.0
      }
    },
    {
      "type": "Feature",
      "geometry": {
        "type": "LineString",
        "coordinates": [
          [
            -36.664294,
            -6.757234
          ],
          [
            -36.9836,
            -6.9117
          ]
        ]
      },
      "properties": {
        "tipo": "linha_conexao",
        "conjunto": "Conjunto Eólico Oeste Seridó",
        "subestacao": "Santa Luzia II",
        "distancia_km": 39.2
      }
    },
    {
      "type": "Feature",
      "geometry": {
        "type": "LineString",
        "coordinates": [
          [
            -35.973845,
            -5.078769
          ],
          [
            -35.8752,
            -5.3021
          ]
        ]
      },
      "properties": {
        "tipo": "linha_conexao",
        "conjunto": "Conjunto Eólico Olho D'Água",
        "subestacao": "João Câmara II",
        "distancia_km": 27.1
      }
    },
    {
      "type": "Feature",
      "geometry": {
        "type": "LineString",
        "coordinates": [
          [
            -36.202046,
            -5.100869
          ],
          [
            -36.9079,
            -5.5931
          ]
        ]
      },
      "properties": {
        "tipo": "linha_conexao",
        "conjunto": "Conjunto Eólico Rei dos Ventos 1",
        "subestacao": "Açu II",
        "distancia_km": 95.4
      }
    },
    {
      "type": "Feature",
      "geometry": {
        "type": "LineString",
        "coordinates": [
          [
            -36.163199,
            -5.118992
          ],
          [
            -36.9079,
            -5.5931
          ]
        ]
      },
      "properties": {
        "tipo": "linha_conexao",
        "conjunto": "Conjunto Eólico Rei dos Ventos 3",
        "subestacao": "Açu II",
        "distancia_km": 97.9
      }
    },
    {
      "type": "Feature",
      "geometry": {
        "type": "LineString",
        "coordinates": [
          [
            -35.889087,
            -5.297763
          ],
          [
            -35.8862,
            -5.3798
          ]
        ]
      },
      "properties": {
        "tipo": "linha_conexao",
        "conjunto": "Conjunto Eólico Renascença",
        "subestacao": "João Câmara III",
        "distancia_km": 9.1
      }
    },
    {
      "type": "Feature",
      "geometry": {
        "type": "LineString",
        "coordinates": [
          [
            -35.845981,
            -5.33087
          ],
          [
            -35.8862,
            -5.3798
          ]
        ]
      },
      "properties": {
        "tipo": "linha_conexao",
        "conjunto": "Conjunto Eólico Renascença V",
        "subestacao": "João Câmara III",
        "distancia_km": 7.0
      }
    },
    {
      "type": "Feature",
      "geometry": {
        "type": "LineString",
        "coordinates": [
          [
            -35.451107,
            -5.545776
          ],
          [
            -35.3042,
            -5.7378
          ]
        ]
      },
      "properties": {
        "tipo": "linha_conexao",
        "conjunto": "Conjunto Eólico Riachão",
        "subestacao": "Extremoz II",
        "distancia_km": 26.8
      }
    },
    {
      "type": "Feature",
      "geometry": {
        "type": "LineString",
        "coordinates": [
          [
            -35.925845,
            -5.79735
          ],
          [
            -35.4514,
            -5.6733
          ]
        ]
      },
      "properties": {
        "tipo": "linha_conexao",
        "conjunto": "Conjunto Eólico Rio do Vento",
        "subestacao": "Ceará Mirim II",
        "distancia_km": 54.3
      }
    },
    {
      "type": "Feature",
      "geometry": {
        "type": "LineString",
        "coordinates": [
          [
            -36.117731,
            -5.822903
          ],
          [
            -35.4514,
            -5.6733
          ]
        ]
      },
      "properties": {
        "tipo": "linha_conexao",
        "conjunto": "Conjunto Eólico Rio do Vento Expansão",
        "subestacao": "Ceará Mirim II",
        "distancia_km": 75.6
      }
    },
    {
      "type": "Feature",
      "geometry": {
        "type": "LineString",
        "coordinates": [
          [
            -35.915229,
            -5.250266
          ],
          [
            -35.8752,
            -5.3021
          ]
        ]
      },
      "properties": {
        "tipo": "linha_conexao",
        "conjunto": "Conjunto Eólico Santa Clara",
        "subestacao": "João Câmara II",
        "distancia_km": 7.3
      }
    },
    {
      "type": "Feature",
      "geometry": {
        "type": "LineString",
        "coordinates": [
          [
            -36.21193,
            -5.87764
          ],
          [
            -36.0051,
            -6.2368
          ]
        ]
      },
      "properties": {
        "tipo": "linha_conexao",
        "conjunto": "Conjunto Eólico Santa Rosa Mundo Novo",
        "subestacao": "Paraíso",
        "distancia_km": 46.0
      }
    },
    {
      "type": "Feature",
      "geometry": {
        "type": "LineString",
        "coordinates": [
          [
            -36.214914,
            -5.57343
          ],
          [
            -36.2155,
            -5.4464
          ]
        ]
      },
      "properties": {
        "tipo": "linha_conexao",
        "conjunto": "Conjunto Eólico Santo Agostinho",
        "subestacao": "Monte Verde",
        "distancia_km": 14.1
      }
    },
    {
      "type": "Feature",
      "geometry": {
        "type": "LineString",
        "coordinates": [
          [
            -35.755202,
            -5.27896
          ],
          [
            -35.8752,
            -5.3021
          ]
        ]
      },
      "properties": {
        "tipo": "linha_conexao",
        "conjunto": "Conjunto Eólico São Miguel",
        "subestacao": "João Câmara II",
        "distancia_km": 13.5
      }
    },
    {
      "type": "Feature",
      "geometry": {
        "type": "LineString",
        "coordinates": [
          [
            -36.501313,
            -6.027258
          ],
          [
            -36.5258,
            -6.0621
          ]
        ]
      },
      "properties": {
        "tipo": "linha_conexao",
        "conjunto": "Conjunto Eólico Serra de Santana",
        "subestacao": "Lagoa Nova II",
        "distancia_km": 4.7
      }
    },
    {
      "type": "Feature",
      "geometry": {
        "type": "LineString",
        "coordinates": [
          [
            -37.047545,
            -5.138938
          ],
          [
            -37.0297,
            -5.579
          ]
        ]
      },
      "properties": {
        "tipo": "linha_conexao",
        "conjunto": "Conjunto Eólico Serra do Mel A",
        "subestacao": "Açu III",
        "distancia_km": 49.0
      }
    },
    {
      "type": "Feature",
      "geometry": {
        "type": "LineString",
        "coordinates": [
          [
            -37.091264,
            -5.161165
          ],
          [
            -37.0297,
            -5.579
          ]
        ]
      },
      "properties": {
        "tipo": "linha_conexao",
        "conjunto": "Conjunto Eólico Serra do Mel B",
        "subestacao": "Açu III",
        "distancia_km": 47.0
      }
    },
    {
      "type": "Feature",
      "geometry": {
        "type": "LineString",
        "coordinates": [
          [
            -36.242684,
            -6.178667
          ],
          [
            -36.9836,
            -6.9117
          ]
        ]
      },
      "properties": {
        "tipo": "linha_conexao",
        "conjunto": "Conjunto Eólico Serra do Tigre",
        "subestacao": "Santa Luzia II",
        "distancia_km": 115.5
      }
    },
    {
      "type": "Feature",
      "geometry": {
        "type": "LineString",
        "coordinates": [
          [
            -36.080207,
            -5.243353
          ],
          [
            -35.8752,
            -5.3021
          ]
        ]
      },
      "properties": {
        "tipo": "linha_conexao",
        "conjunto": "Conjunto Eólico Terra Santa",
        "subestacao": "João Câmara II",
        "distancia_km": 23.6
      }
    },
    {
      "type": "Feature",
      "geometry": {
        "type": "LineString",
        "coordinates": [
          [
            -35.758189,
            -6.415758
          ],
          [
            -35.6331,
            -6.517
          ]
        ]
      },
      "properties": {
        "tipo": "linha_conexao",
        "conjunto": "Conjunto Eólico Umari",
        "subestacao": "Riachão II",
        "distancia_km": 17.8
      }
    },
    {
      "type": "Feature",
      "geometry": {
        "type": "LineString",
        "coordinates": [
          [
            -35.832568,
            -5.090357
          ],
          [
            -35.8752,
            -5.3021
          ]
        ]
      },
      "properties": {
        "tipo": "linha_conexao",
        "conjunto": "Conjunto Eólico União dos Ventos",
        "subestacao": "João Câmara II",
        "distancia_km": 24.0
      }
    }
  ]
}